word,inferred_pos,count,sample_locations
"m","unknown",62,"DN:dn23; MN:mn41; MN:mn42; SN:sn29.3; SN:sn29.4"
"tipissa","unknown",55,"SN:sn22.47; SN:sn44.4; SN:sn44.5; SN:sn44.6"
"samāropano","unknown",36,"KN:ne2; KN:ne3; KN:ne19; KN:ne35; KN:pe1"
"tan","unknown",29,"MN:mn70; SN:sn4.25; KN:cnd5; KN:cnd7; KN:cnd8"
"abhisamparāyañcā","unknown",27,"AN:an10.119; AN:an10.120; AN:an10.167; AN:an10.168; AN:an2.11-20"
"otaraṇo","unknown",26,"KN:ne2; KN:ne3; KN:ne15; KN:ne31; KN:pe1"
"ayokhilaṃ","unknown",25,"MN:mn129; MN:mn130; AN:an3.36; KN:cnd23; KN:mnd15"
"vevacano","unknown",23,"KN:ne2; KN:ne3; KN:ne13; KN:ne29; KN:pe1"
"iccā","unknown",22,"KN:cnd5; KN:cnd6; KN:cnd7; KN:cnd9; KN:cnd10"
"visajjanā","unknown",16,"KN:mil1; KN:ne5; KN:pe5; KN:pe8"
"man","unknown",12,"MN:mn66; SN:sn1.15; SN:sn9.12; KN:pv23; KN:pv24"
"abhivadanaṃ","unknown",12,"KN:cnd15; KN:cnd17; KN:mnd15"
"khīḷito","unknown",12,"KN:mil5.4.2; KN:mil5.5.9; KN:mil6.3.2"
"yamalokikā","unknown",11,"KN:pv6; KN:pv7; KN:pv13; KN:pv27; KN:pv31"
"haṃcivagga","unknown",10,"KN:ja111; KN:ja112; KN:ja113; KN:ja114; KN:ja115"
"nekāsī","unknown",10,"KN:ja470; KN:ja535"
"mandālakehi","noun (inst pl)",10,"KN:ja494; KN:ja539; KN:ja546; KN:ja547; KN:tha-ap3"
"akkusaloti","verb (present 3sg)",10,"KN:mnd12; KN:snp4.12"
"sereyyavagga","unknown",10,"KN:tha-ap123; KN:tha-ap124; KN:tha-ap125; KN:tha-ap126; KN:tha-ap127"
"tuvaradāyakavagga","unknown",10,"KN:tha-ap243; KN:tha-ap244; KN:tha-ap245; KN:tha-ap246; KN:tha-ap247"
"thomakavagga","unknown",10,"KN:tha-ap253; KN:tha-ap254; KN:tha-ap255; KN:tha-ap256; KN:tha-ap257"
"sālakusumiyavagga","unknown",10,"KN:tha-ap463; KN:tha-ap464; KN:tha-ap465; KN:tha-ap466; KN:tha-ap467"
"varākiyā","unknown",9,"KN:ja485; KN:ja547; KN:thi-ap26; KN:vv20"
"aḷārapamhā","unknown",9,"KN:ja547; KN:tha-ap3; KN:tha-ap8; KN:tha-ap24; KN:tha-ap393"
"hasulā","unknown",9,"KN:ja547; KN:tha-ap3; KN:tha-ap8; KN:tha-ap24; KN:tha-ap393"
"vosajjatīti","unknown",9,"KN:ps1.1; KN:ps3.10"
"jāgu","unknown",8,"KN:cnd8; KN:cnd23; KN:mnd1; KN:mnd3; KN:mnd12"
"indagu","unknown",8,"KN:cnd8; KN:cnd23; KN:mnd1; KN:mnd3; KN:mnd12"
"dakkhamāno","unknown",8,"KN:cnd10; KN:cnd16; KN:cnd20; KN:cnd23"
"pettivisayikoti","verb (present 3sg)",8,"KN:cnd10; KN:mnd3; KN:mnd4; KN:mnd5; KN:mnd10"
"chetva","particle (possible sandhi)",8,"KN:cnd23; KN:mil7.2.4; KN:snp1.2; KN:snp1.3"
"saparijjano","unknown",8,"KN:cp18; KN:ja542; KN:pv38; KN:tha-ap113; KN:tha-ap118"
"piyālāni","unknown",8,"KN:ja503; KN:ja532; KN:ja540; KN:ja547; KN:tha-ap3"
"balajā","unknown",8,"KN:ja546; KN:tha-ap3; KN:tha-ap407; KN:tha-ap412; KN:tha-ap414"
"abbhuggamī","unknown",8,"KN:tha-ap23; KN:tha-ap43; KN:tha-ap221; KN:tha-ap336; KN:tha-ap424"
"osāriyamānāni","unknown",7,"DN:dn16"
"parimocayi","unknown",7,"KN:bv21; KN:ja517; KN:ja542"
"paṭipassaddhiyā","unknown",7,"KN:cnd9; KN:mnd7; KN:mnd14; KN:mnd15; KN:mnd16"
"vodāno","unknown",7,"KN:cnd19; KN:cnd20; KN:mnd8; KN:mnd14; KN:mnd16"
"nosi","unknown",7,"KN:ja470; KN:ja486; KN:ja535; KN:ja542; KN:ja545"
"rucā","unknown",7,"KN:ja545"
"masaṃ","unknown",7,"KN:ja547"
"abhinivajjayitvā","particle (possible sandhi)",7,"KN:pe8"
"abhivādiya","adj (-iya suffix)",7,"KN:tha-ap37; KN:tha-ap357; KN:tha-ap393; KN:tha-ap528; KN:tha-ap538"
"tīṇānisaṃse","unknown",7,"KN:tha-ap393"
"evaṅkamanīyo","unknown",6,"DN:dn23; SN:sn35.246"
"seṭṭhan","unknown",6,"SN:sn1.73; SN:sn10.12; KN:cnd9; KN:cnd21"
"sukhamasmī","unknown",6,"SN:sn47.10"
"sobhayiṃ","unknown",6,"KN:bv4; KN:bv5; KN:bv13; KN:bv14; KN:bv20"
"ādāye","unknown",6,"KN:cnd5; KN:cnd9; KN:mnd2; KN:mnd7; KN:ps1.3"
"sampakopo","unknown",6,"KN:cnd7; KN:cnd23; KN:mnd10; KN:mnd11; KN:mnd14"
"byāpajjanā","unknown",6,"KN:cnd7; KN:cnd23; KN:mnd10; KN:mnd11; KN:mnd14"
"pādaloliyena","noun (inst sg, masc -a stem)",6,"KN:cnd23; KN:mnd14; KN:mnd16"
"tehaṃ","unknown",6,"KN:ja457; KN:tha-ap14; KN:tha-ap17; KN:tha-ap225; KN:tha-ap291"
"tumhaṃmhi","unknown",6,"KN:ja519"
"anibbattayamāno","unknown",6,"KN:mnd2; KN:mnd4; KN:mnd13"
"athuṇhaṃ","unknown",6,"KN:mnd16; KN:snp4.16"
"sīhavikkīḷito","unknown",6,"KN:ne2; KN:pe1; KN:pe9"
"yañcāha","unknown",6,"KN:ne9"
"sopādisesā","unknown",6,"KN:pe6; KN:pe8"
"otaraṇoti","verb (present 3sg)",6,"KN:pe8"
"passasaṃ","unknown",6,"KN:ps1.3"
"avatthāpetvā","particle (possible sandhi)",6,"KN:ps1.5"
"natthattā","unknown",5,"SN:sn44.10"
"āsīsanā","unknown",5,"KN:cnd5; KN:cnd23; KN:mnd1; KN:mnd2; KN:ne13"
"adhigatapaṭisambhido","unknown",5,"KN:cnd19; KN:mnd8; KN:mnd14; KN:mnd16; KN:ps3.1"
"vicintayiṃ","unknown",5,"KN:cp2; KN:cp9; KN:thi-ap17; KN:thi-ap18; KN:vv80"
"kaniṭṭhikā","unknown",5,"KN:cp9; KN:ja547; KN:pv11; KN:vv34"
"vijigucchiṃ","unknown",5,"KN:ja459"
"evaṅkaro","unknown",5,"KN:ja487; KN:ja518; KN:ja522"
"byamhito","unknown",5,"KN:ja516; KN:ja546"
"tuṇḍiyā","unknown",5,"KN:ja520"
"tesakuṇavagga","unknown",5,"KN:ja521; KN:ja522; KN:ja523; KN:ja524; KN:ja525"
"tetaṃ","unknown",5,"KN:ja537; KN:ja538; KN:ja539; KN:ja547"
"mabhibhāsasi","unknown",5,"KN:ja540"
"pātabyaṃ","unknown",5,"KN:ja542"
"svajjekova","particle (possible sandhi)",5,"KN:ja547"
"maṃmivā","particle (possible sandhi)",5,"KN:mil5.3.11"
"patikuṭentā","unknown",5,"KN:mnd6"
"kaṇḍakavārijaṃ","unknown",5,"KN:mnd9; KN:snp4.9"
"nibbattayati","verb (present 3sg)",5,"KN:ne5; KN:ne21"
"niddisiyati","verb (present 3sg)",5,"KN:pe5; KN:pe8"
"jhāte","unknown",5,"KN:ps1.5; KN:ps3.10"
"upasampādayī","unknown",5,"KN:tha-ap429; KN:tha-ap500; KN:tha-ap503; KN:thi-ap9; KN:thi-ap15"
"tvevassa","noun (gen sg, masc -a stem)",4,"DN:dn27; MN:mn111"
"sayaṅkatāni","unknown",4,"SN:sn1.53; KN:ja494; KN:ja541; KN:pv36"
"passāmissānubhāvan","unknown",4,"AN:an4.30"
"ticattārīsasahassāni","unknown",4,"KN:bv11; KN:bv12; KN:bv17; KN:bv21"
"anācaraṃ","unknown",4,"KN:bv26; KN:thi-ap19; KN:thi-ap28; KN:thi-ap30"
"paṭibandhu","unknown",4,"KN:cnd5; KN:cnd23; KN:mnd1; KN:mnd2"
"gandhāsā","unknown",4,"KN:cnd5; KN:cnd23; KN:mnd1; KN:mnd2"
"rasāsā","unknown",4,"KN:cnd5; KN:cnd23; KN:mnd1; KN:mnd2"
"phoṭṭhabbāsā","unknown",4,"KN:cnd5; KN:cnd23; KN:mnd1; KN:mnd2"
"puttāsā","unknown",4,"KN:cnd5; KN:cnd23; KN:mnd1; KN:mnd2"
"sampatthanā","unknown",4,"KN:cnd5; KN:cnd23; KN:mnd1; KN:mnd2"
"yaṃṭhānappatto","unknown",4,"KN:cnd8; KN:mnd1; KN:mnd3"
"gatadiso","unknown",4,"KN:cnd8; KN:mnd1; KN:mnd3; KN:mnd16"
"sampamuñcassu","unknown",4,"KN:cnd22"
"paritasanti","verb (present 3pl)",4,"KN:cnd23; KN:mnd16"
"alimpamāno","unknown",4,"KN:cnd23"
"bahubbidhā","unknown",4,"KN:cp35; KN:thi-ap19; KN:thi-ap28; KN:thi-ap30"
"āpāsu","noun (loc pl, fem)",4,"KN:ja259; KN:ja302; KN:ja502"
"cīdha","unknown",4,"KN:ja335; KN:ja466; KN:ja522; KN:ja537"
"māgamā","unknown",4,"KN:ja343; KN:ja437; KN:ja528"
"upānayī","unknown",4,"KN:ja442; KN:ja546"
"menaṃ","unknown",4,"KN:ja464; KN:ja525; KN:ja536; KN:tha-ap341"
"mameta","pp (past participle)",4,"KN:ja498"
"mākaṅkhi","unknown",4,"KN:ja501"
"agaḷuṃ","verb (aorist 3pl)",4,"KN:ja504; KN:tha-ap407"
"tvevahaṃ","unknown",4,"KN:ja506; KN:ja537"
"svādhippāgā","unknown",4,"KN:ja515"
"vattayi","unknown",4,"KN:ja523; KN:ja545; KN:ja547"
"nisīdayī","unknown",4,"KN:ja524; KN:ja546"
"matthiko","unknown",4,"KN:ja529; KN:ja531; KN:ja538"
"varāmi","verb (present 1sg)",4,"KN:ja537"
"byathitā","unknown",4,"KN:ja537; KN:ja542; KN:ja547"
"kārayitvā","particle (possible sandhi)",4,"KN:ja538; KN:tha-ap35; KN:tha-ap393"
"khomakoṭumbarāni","unknown",4,"KN:ja539; KN:ja547"
"paṭipādayi","unknown",4,"KN:ja541"
"kurarī","unknown",4,"KN:ja543; KN:ja547"
"cakkavākīva","particle (possible sandhi)",4,"KN:ja543; KN:ja547"
"cityā","unknown",4,"KN:ja543"
"sajibbo","unknown",4,"KN:ja546"
"sindhuyā","unknown",4,"KN:ja547; KN:tha-ap65; KN:tha-ap321; KN:tha-ap396"
"saṃvesanākāle","unknown",4,"KN:ja547"
"sampakkhandanalakkhaṇā","unknown",4,"KN:mil3.1.11; KN:mil3.1.10"
"yaṃyeva","particle (possible sandhi)",4,"KN:mil3.2.1; KN:pe2"
"ālimpīyati","verb (present 3sg)",4,"KN:mil3.6.1"
"paliveṭhīyatī","unknown",4,"KN:mil3.6.1"
"parirañjito","unknown",4,"KN:mil3.6.3"
"suvisajjitan","unknown",4,"KN:mil3.8"
"parikittayanto","unknown",4,"KN:mil5.1.10; KN:mil5.1.7; KN:mil6.1.2"
"mayhete","unknown",4,"KN:mil5.2.7"
"desanāvatthukan","unknown",4,"KN:mil5.4.3"
"ghātayitvā","particle (possible sandhi)",4,"KN:mil5.5.5"
"paridhaṃsati","verb (present 3sg)",4,"KN:mil6.1.5; KN:mil6.2.2; KN:mnd1; KN:mnd7"
"peṇāhikāya","noun (dat sg)",4,"KN:mil7.1; KN:mil7.6.3"
"vaggulissa","unknown",4,"KN:mil7.1; KN:mil7.6.7"
"jāgussa","unknown",4,"KN:mnd1; KN:mnd6; KN:mnd11"
"accantasanti","verb (present 3pl)",4,"KN:mnd3"
"bilaggāho","unknown",4,"KN:mnd3; KN:mnd5; KN:mnd9; KN:mnd13"
"elambujaṃ","unknown",4,"KN:mnd9"
"vibhāvīyati","verb (present 3sg)",4,"KN:mnd11"
"atikkamīyati","verb (present 3sg)",4,"KN:mnd11"
"vikkīḷitaṃ","unknown",4,"KN:ne36"
"apakaḍḍhitabbā","unknown",4,"KN:pe4"
"vipallāsāni","unknown",4,"KN:pe6; KN:pe8"
"vavatthapanā","unknown",4,"KN:pe6"
"nābhidhaṃsiyati","verb (present 3sg)",4,"KN:pe8"
"abhibhuyyitvā","particle (possible sandhi)",4,"KN:ps1.1"
"paridameti","verb (present 3sg)",4,"KN:ps1.1"
"paridametvā","particle (possible sandhi)",4,"KN:ps1.1"
"svālaṅkatā","unknown",4,"KN:ps2.4"
"maddanipaññāti","unknown",4,"KN:ps3.1"
"upphāsulike","unknown",4,"KN:pv13; KN:pv14; KN:pv15; KN:pv31"
"vanditumāgatā","unknown",4,"KN:pv13; KN:pv14; KN:pv27; KN:vv21"
"sannipātayiṃ","unknown",4,"KN:tha-ap8; KN:tha-ap393"
"upaṭṭhiṃ","unknown",4,"KN:tha-ap116; KN:tha-ap182; KN:tha-ap291; KN:thi-ap24"
"buddhamabhikittayiṃ","unknown",4,"KN:tha-ap320; KN:tha-ap471; KN:tha-ap489; KN:tha-ap549"
"dīpāni","unknown",4,"KN:thi-ap9; KN:thi-ap15"
"evaṅgatāni","unknown",3,"DN:dn2"
"abhibhuto","unknown",3,"MN:mn1"
"on","unknown",3,"SN:sn48.137-146; SN:sn48.147-158; SN:sn50.67-76"
"display","unknown",3,"SN:sn48.137-146; SN:sn48.147-158; SN:sn50.67-76"
"title","unknown",3,"SN:sn48.137-146; SN:sn48.147-158; SN:sn50.67-76"
"of","unknown",3,"SN:sn48.137-146; SN:sn48.147-158; SN:sn50.67-76"
"section","unknown",3,"SN:sn48.137-146; SN:sn48.147-158; SN:sn50.67-76"
"only","unknown",3,"SN:sn48.137-146; SN:sn48.147-158; SN:sn50.67-76"
"chaṭṭitaṃ","unknown",3,"AN:an6.29"
"sannipātayi","unknown",3,"KN:bv1; KN:ja479; KN:ja545"
"paṭititthaṃ","unknown",3,"KN:bv2; KN:bv4; KN:bv26"
"virajjhiya","adj (-iya suffix)",3,"KN:bv2; KN:bv4; KN:bv26"
"tārayitvā","particle (possible sandhi)",3,"KN:bv6; KN:mil6.4.1; KN:tha-ap450"
"tisoḷasasahassāni","unknown",3,"KN:bv13; KN:bv18; KN:bv26"
"temayitvā","particle (possible sandhi)",3,"KN:bv22; KN:mil5.5.9"
"upasantiṃ","unknown",3,"KN:cnd9; KN:mnd9; KN:mnd14"
"vūpasantiṃ","unknown",3,"KN:cnd9; KN:mnd9; KN:mnd14"
"upalakkhayitvā","particle (possible sandhi)",3,"KN:cnd15; KN:cnd16; KN:mnd7"
"yāpayatoti","verb (present 3sg)",3,"KN:cnd17; KN:mnd7"
"uppāṭayitvā","particle (possible sandhi)",3,"KN:cnd19; KN:mnd15; KN:mnd16"
"samuppāṭayitvā","particle (possible sandhi)",3,"KN:cnd19; KN:mnd15; KN:mnd16"
"visajjanaṃ","unknown",3,"KN:cnd21; KN:ne5; KN:pe5"
"desitabbaṃ","unknown",3,"KN:cnd21; KN:pe5; KN:pe8"
"sambujjhitabbaṃ","unknown",3,"KN:cnd22; KN:cnd23; KN:mnd16"
"phassitabbaṃ","unknown",3,"KN:cnd22; KN:cnd23; KN:mnd16"
"ītippahānaṃ","noun (gen pl)",3,"KN:cnd22"
"ītivūpasamaṃ","unknown",3,"KN:cnd22"
"ītipaṭippassaddhiṃ","unknown",3,"KN:cnd22"
"āyāpentīti","unknown",3,"KN:cnd23; KN:ps1.4; KN:ps3.5"
"āṭhapanā","unknown",3,"KN:cnd23; KN:mnd10; KN:mnd16"
"pādaloliyā","unknown",3,"KN:cnd23; KN:mnd14; KN:mnd16"
"dhītaṃ","unknown",3,"KN:cp9; KN:ja547; KN:mil5.1.4"
"nārakkhiṃ","unknown",3,"KN:cp16; KN:cp17; KN:cp19"
"jayaddiso","unknown",3,"KN:cp19; KN:cp20; KN:ja513"
"vicintayaṃ","unknown",3,"KN:cp30; KN:ja533; KN:thi-ap40"
"phalāsāva","particle (possible sandhi)",3,"KN:ja8; KN:ja538"
"sākhamupasaṃvase","unknown",3,"KN:ja12; KN:ja445; KN:tha-ap537"
"nikatyā","unknown",3,"KN:ja38; KN:ja218; KN:ja326"
"umhayate","unknown",3,"KN:ja197; KN:ja200; KN:ja473"
"dhiratthumaṃ","unknown",3,"KN:ja293; KN:ja327"
"tapetvāna","verb (present participle)",3,"KN:ja351; KN:mnd6; KN:mnd15"
"ubbariṃ","unknown",3,"KN:ja353; KN:ja517"
"sakiyā","unknown",3,"KN:ja446; KN:pv14"
"āvāsu","noun (loc pl, fem)",3,"KN:ja464; KN:ja536"
"etadakkhā","unknown",3,"KN:ja483; KN:ja498"
"iṇadānaṃ","noun (gen pl)",3,"KN:ja484; KN:ja501"
"byasanno","unknown",3,"KN:ja498; KN:ja512"
"cakkhupathāni","unknown",3,"KN:ja499"
"tāvanto","unknown",3,"KN:ja508; KN:ja516; KN:ja518"
"nijjhapanaṃ","unknown",3,"KN:ja510"
"pitva","particle (possible sandhi)",3,"KN:ja512"
"osadhyo","unknown",3,"KN:ja519; KN:ja543; KN:ja547"
"pāmado","unknown",3,"KN:ja521; KN:ja527; KN:ja540"
"niḷinikāvagga","unknown",3,"KN:ja526; KN:ja527; KN:ja528"
"tyāsu","noun (loc pl, fem)",3,"KN:ja534"
"piyālā","unknown",3,"KN:ja535; KN:ja541; KN:tha-ap407"
"mittiṃ","unknown",3,"KN:ja537; KN:ja542"
"sampaddavī","unknown",3,"KN:ja539"
"veḷuriyāsu","noun (loc pl, fem)",3,"KN:ja541"
"mādharo","unknown",3,"KN:ja542"
"cāpovūnudaro","unknown",3,"KN:ja546; KN:mil7.2.8"
"morīhi","unknown",3,"KN:ja547"
"lālappitaṃ","unknown",3,"KN:ja547"
"kalunaṃ","unknown",3,"KN:ja547"
"pariyāyitvā","particle (possible sandhi)",3,"KN:ja547"
"mabhināditā","unknown",3,"KN:ja547"
"aṅkolā","unknown",3,"KN:ja547; KN:tha-ap3; KN:tha-ap414"
"yūthikā","unknown",3,"KN:ja547; KN:tha-ap407; KN:tha-ap414"
"ceme","unknown",3,"KN:ja547"
"saṅklesamattano","unknown",3,"KN:ja547"
"sikkhāni","unknown",3,"KN:mil2"
"parirañjitā","unknown",3,"KN:mil3.6.3"
"kaṭumikā","unknown",3,"KN:mil3.6.11"
"kissatthāyā","unknown",3,"KN:mil3.7.3"
"paṭicāro","unknown",3,"KN:mil4.5"
"saṃviruhitvā","particle (possible sandhi)",3,"KN:mil5.1.1"
"ālambano","unknown",3,"KN:mil5.1.6; KN:tha-ap362"
"byapahanti","verb (present 3pl)",3,"KN:mil5.1.6; KN:tha-ap24; KN:tha-ap562"
"parikittayamāno","unknown",3,"KN:mil5.1.10"
"ghātīyati","verb (present 3sg)",3,"KN:mil5.3.11"
"abhiramāpetvā","particle (possible sandhi)",3,"KN:mil5.5.9"
"yevetaṃ","unknown",3,"KN:mil5.5.10"
"nibbhujati","verb (present 3sg)",3,"KN:mil6.1.6"
"cippiyamānaṃ","noun (gen pl)",3,"KN:mil6.1.9"
"anahāyitvā","particle (possible sandhi)",3,"KN:mil6.1.5"
"yevesā","unknown",3,"KN:mil6.1.4"
"tusayati","verb (present 3sg)",3,"KN:mil6.3.11"
"āvapituṃ","verb (aorist 3pl)",3,"KN:mil6.3.1"
"khīḷitā","unknown",3,"KN:mil6.3.2"
"dovilaṃ","unknown",3,"KN:mil6.4.1"
"kesikaṃ","unknown",3,"KN:mil6.4.1"
"vaḍḍhitabbaṃ","unknown",3,"KN:mil7.3.1; KN:mil7.4.7; KN:mil7.8.6"
"saṃvasitabbaṃ","unknown",3,"KN:mil7.3.10; KN:mil7.7.7"
"vicinitabbaṃ","unknown",3,"KN:mil7.5.6; KN:mil7.6.1"
"dunniveṭhayā","unknown",3,"KN:mnd2"
"dubbiniveṭhayā","unknown",3,"KN:mnd2"
"paphandanti","verb (present 3pl)",3,"KN:mnd2"
"tadaṅgasanti","verb (present 3pl)",3,"KN:mnd3"
"vocchādanā","unknown",3,"KN:mnd3; KN:mnd14; KN:mnd15"
"magayamāno","unknown",3,"KN:mnd7"
"āveṭhiyaṃ","unknown",3,"KN:mnd8"
"nibbeṭhiyaṃ","unknown",3,"KN:mnd8"
"jotayitvā","particle (possible sandhi)",3,"KN:mnd8; KN:tha-ap543; KN:thi-ap35"
"yaṃmūlā","unknown",3,"KN:ne3; KN:ne19"
"disalocanato","unknown",3,"KN:ne3; KN:ne20; KN:ne35"
"saṅkhipiya","adj (-iya suffix)",3,"KN:ne3; KN:ne20; KN:ne35"
"uppādiyati","verb (present 3sg)",3,"KN:ne5; KN:pe8"
"vipallāsīyati","verb (present 3sg)",3,"KN:ne20; KN:pe1"
"uhacca","particle (possible sandhi)",3,"KN:pe2; KN:tha-ap542"
"sādhīnapaññatti","unknown",3,"KN:pe5"
"disālokano","unknown",3,"KN:pe9"
"pariccitā","unknown",3,"KN:ps1.1; KN:ps2.1"
"yamalokiko","unknown",3,"KN:pv19; KN:pv43; KN:pv51"
"kuṇalīkataṃ","unknown",3,"KN:pv21"
"tiṇṇakathaṅkatho","unknown",3,"KN:snp1.1; KN:snp1.5; KN:snp2.13"
"phassayiṃ","unknown",3,"KN:tha-ap8; KN:thi-ap9; KN:thi-ap15"
"upānayi","unknown",3,"KN:tha-ap9; KN:tha-ap51; KN:tha-ap291"
"cakkhattuṃ","verb (aorist 3pl)",3,"KN:tha-ap22; KN:tha-ap36; KN:tha-ap62"
"gopayiṃ","unknown",3,"KN:tha-ap25; KN:tha-ap26"
"upasampādayi","unknown",3,"KN:tha-ap25; KN:tha-ap26; KN:tha-ap341"
"soḷaseto","unknown",3,"KN:tha-ap114; KN:tha-ap145; KN:tha-ap162"
"abhinesiṃ","unknown",3,"KN:tha-ap128; KN:tha-ap305; KN:tha-ap411"
"piyālaphaladāyako","unknown",3,"KN:tha-ap142; KN:tha-ap502"
"aṅkolaṃ","unknown",3,"KN:tha-ap197; KN:tha-ap232; KN:tha-ap367"
"taraṇiyattheraapadāna","verb (present participle)",3,"KN:tha-ap206; KN:tha-ap272; KN:tha-ap490"
"koraṇḍapupphiyattheraapadāna","verb (present participle)",3,"KN:tha-ap210; KN:tha-ap427; KN:tha-ap495"
"koraṇḍapupphiyo","unknown",3,"KN:tha-ap210; KN:tha-ap427; KN:tha-ap495"
"koraṇḍapupphiyattherassāpadānaṃ","noun (gen pl)",3,"KN:tha-ap210; KN:tha-ap427; KN:tha-ap495"
"anusaṃsāvayiṃ","unknown",3,"KN:tha-ap221; KN:tha-ap302"
"cittasantāpanaṃ","unknown",3,"KN:tha-ap393; KN:tha-ap423; KN:thi-ap14"
"nimīlati","verb (present 3sg)",3,"KN:tha-ap418; KN:thi-ap9; KN:thi-ap15"
"sokaṭṭā","unknown",3,"KN:thi-ap17; KN:thi-ap20"
"khuddaputtañhi","unknown",3,"KN:ud1.8"
"maṃvoca","particle (possible sandhi)",3,"KN:vv34; KN:vv50"
"pajan","unknown",2,"DN:dn13; KN:ja7"
"vigatakathaṅkathaṃ","unknown",2,"DN:dn19"
"assāsapassāssā","unknown",2,"DN:dn33; DN:dn34"
"sampatāmi","verb (present 1sg)",2,"MN:mn12"
"pabhāvitametan","unknown",2,"MN:mn26; MN:mn85"
"samaṇāmhā","unknown",2,"MN:mn39; MN:mn40"
"evaṅkāmānaṃ","noun (gen pl)",2,"MN:mn46; SN:sn55.7"
"thinamiddhapariyuṭṭhitassa","noun (gen sg, masc -a stem)",2,"MN:mn8"
"sabbamekattan","unknown",2,"SN:sn12.48"
"tūlabibbohanāsu","noun (loc pl, fem)",2,"SN:sn20.8"
"paricāressantī","unknown",2,"SN:sn3.11; KN:ud6.2"
"vedagūsmī","unknown",2,"SN:sn35.103"
"sabbajīsmī","unknown",2,"SN:sn35.103"
"anupādāparinibbānāyā","unknown",2,"SN:sn45.48"
"veḷamissakena","noun (inst sg, masc -a stem)",2,"SN:sn47.9"
"yaṅgatikāni","unknown",2,"SN:sn48.53"
"uddhaṅkhitto","unknown",2,"AN:an10.217"
"kiñcanatatthī","unknown",2,"AN:an3.70; AN:an4.185"
"sandhūmāyanti","verb (present 3pl)",2,"AN:an7.66"
"ajeṭṭhamaraṇaṃvāyaṃ","unknown",2,"AN:an8.54; AN:an8.55"
"yaṃnūnimaṃ","unknown",2,"KN:bv2; KN:ja525"
"tepajjubho","unknown",2,"KN:bv2"
"sopajja","unknown",2,"KN:bv2; KN:ja534"
"koṭisatamabodhayi","unknown",2,"KN:bv3; KN:bv10"
"navutikoṭimabodhayi","unknown",2,"KN:bv3; KN:bv10"
"upasirī","unknown",2,"KN:bv9; KN:bv14"
"bodhayitvā","particle (possible sandhi)",2,"KN:bv10; KN:tha-ap51"
"niyyādayitvāna","verb (present participle)",2,"KN:bv14; KN:ja538"
"maḷakassa","noun (gen sg, masc -a stem)",2,"KN:cnd1"
"dvattiṃsāni","unknown",2,"KN:cnd1; KN:snp5.1"
"āyūhanī","unknown",2,"KN:cnd5; KN:cnd23"
"vidhūmitaṃ","unknown",2,"KN:cnd7"
"hanusañcopano","unknown",2,"KN:cnd7; KN:mnd10"
"disāvidisānuvilokano","unknown",2,"KN:cnd7; KN:mnd10"
"jīvitāvoropano","unknown",2,"KN:cnd7; KN:mnd10"
"vosajjetvā","particle (possible sandhi)",2,"KN:cnd8"
"visajjaṃ","unknown",2,"KN:cnd8; KN:mnd4"
"mābhinibbattesi","unknown",2,"KN:cnd9; KN:cnd15"
"santiphusanāya","noun (dat sg)",2,"KN:cnd15; KN:mnd14"
"ītipaṭinissaggaṃ","unknown",2,"KN:cnd22"
"aphassi","unknown",2,"KN:cnd22"
"visaritaṃ","unknown",2,"KN:cnd23; KN:mnd16"
"sacehaṃ","unknown",2,"KN:cnd23; KN:mnd10"
"parikeḷanā","unknown",2,"KN:cnd23; KN:mnd14"
"akuṭakaṃ","unknown",2,"KN:cnd23"
"aparisantāsī","unknown",2,"KN:cnd23"
"upagañchu","unknown",2,"KN:cp3; KN:cp9"
"phussatiyā","unknown",2,"KN:cp9; KN:ja547"
"uparodanti","verb (present 3pl)",2,"KN:cp9; KN:ja547"
"pūriya","adj (-iya suffix)",2,"KN:cp9; KN:tha-ap1"
"nisedhayitvā","particle (possible sandhi)",2,"KN:cp22; KN:ja504"
"saṃpīḷe","unknown",2,"KN:cp23"
"vicintayitvā","particle (possible sandhi)",2,"KN:cp30; KN:ja402"
"svāssu","unknown",2,"KN:ja29; KN:ja507"
"tvevekacciyo","unknown",2,"KN:ja73; KN:ja482"
"araññajā","unknown",2,"KN:ja74; KN:ja492"
"haṃci","unknown",2,"KN:ja111; KN:ja150"
"mitti","unknown",2,"KN:ja131; KN:ja533"
"adayhi","unknown",2,"KN:ja162; KN:ja486"
"tavīme","unknown",2,"KN:ja163; KN:ja509"
"janittaṃ","unknown",2,"KN:ja178"
"paṭisedhitāro","unknown",2,"KN:ja194; KN:ja519"
"uppari","unknown",2,"KN:ja212; KN:mil7.3.1"
"sūlo","unknown",2,"KN:ja216; KN:pv36"
"anutāḷayi","unknown",2,"KN:ja252"
"aposayi","unknown",2,"KN:ja255; KN:tha-ap537"
"bārāṇasyaṃ","unknown",2,"KN:ja292; KN:ja516"
"kummi","unknown",2,"KN:ja292; KN:ja547"
"saṅkitabbāni","unknown",2,"KN:ja311; KN:ja412"
"chedayi","unknown",2,"KN:ja313"
"sīliyaṃ","unknown",2,"KN:ja321; KN:ja451"
"kepukaṃ","unknown",2,"KN:ja327"
"samuddāni","unknown",2,"KN:ja327"
"saṃviditvā","particle (possible sandhi)",2,"KN:ja335; KN:ja524"
"nāpītikarāpi","particle (possible sandhi)",2,"KN:ja341; KN:ja536"
"kaṇḍarīkinnarānaṃ","noun (gen pl)",2,"KN:ja341; KN:ja536"
"kuntini","unknown",2,"KN:ja343"
"yamimaṃ","unknown",2,"KN:ja349; KN:ja504"
"meko","unknown",2,"KN:ja356"
"sampesi","unknown",2,"KN:ja380"
"upparito","unknown",2,"KN:ja396"
"bellaṃ","unknown",2,"KN:ja396; KN:ja547"
"bhumyā","unknown",2,"KN:ja410; KN:ja479"
"nivātajā","unknown",2,"KN:ja412; KN:ja465"
"saṃsi","unknown",2,"KN:ja417; KN:ja474"
"avekkhiya","adj (-iya suffix)",2,"KN:ja420; KN:ja521"
"cecco","unknown",2,"KN:ja422; KN:ja530"
"ayājayi","unknown",2,"KN:ja433; KN:tha-ap136"
"vārayituṃ","verb (aorist 3pl)",2,"KN:ja446; KN:ja505"
"manusocasi","unknown",2,"KN:ja454; KN:pv18"
"ānayituṃ","verb (aorist 3pl)",2,"KN:ja454; KN:pv18"
"asurādhipo","unknown",2,"KN:ja462; KN:ja528"
"kannappakannaṃ","unknown",2,"KN:ja464; KN:ja536"
"dubbidu","unknown",2,"KN:ja464; KN:ja536"
"etitthiyo","unknown",2,"KN:ja464; KN:ja536"
"nigilati","verb (present 3sg)",2,"KN:ja470; KN:ja535"
"upāramāmi","verb (present 1sg)",2,"KN:ja470; KN:ja535"
"labheyyito","unknown",2,"KN:ja473"
"byāhāsi","unknown",2,"KN:ja481"
"yamuddhariṃ","unknown",2,"KN:ja482; KN:ja511"
"cilācā","unknown",2,"KN:ja486"
"asmiṃdhaloke","unknown",2,"KN:ja486; KN:ja518"
"dummī","unknown",2,"KN:ja489; KN:ja543"
"chāyayā","unknown",2,"KN:ja493"
"parajjhati","verb (present 3sg)",2,"KN:ja493"
"cāhametamicchāmi","verb (present 1sg)",2,"KN:ja494; KN:ja541"
"khaṇantālukalambāni","unknown",2,"KN:ja496; KN:ja547"
"visīlaṃ","unknown",2,"KN:ja503; KN:ja545"
"nopaseveyya","verb (optative)",2,"KN:ja503; KN:ja545"
"bhallātiyo","unknown",2,"KN:ja504"
"oceyya","verb (optative)",2,"KN:ja504"
"mātuñca","particle (possible sandhi)",2,"KN:ja505; KN:ja508"
"saṃvaṭṭaye","unknown",2,"KN:ja506; KN:ja537"
"vaṭṭaṅgulī","unknown",2,"KN:ja506; KN:ja527"
"āṭā","unknown",2,"KN:ja506; KN:ja547"
"saṃhīro","unknown",2,"KN:ja508; KN:ja518"
"sambodhayati","verb (present 3sg)",2,"KN:ja508; KN:ja518"
"kāyūrī","unknown",2,"KN:ja511; KN:pv34"
"mattumicche","unknown",2,"KN:ja513"
"viphaleyya","verb (optative)",2,"KN:ja513; KN:ja537"
"olokayī","unknown",2,"KN:ja514; KN:tha-ap3"
"dohena","noun (inst sg, masc -a stem)",2,"KN:ja515; KN:ja536"
"abhiṭṭhāya","noun (dat sg)",2,"KN:ja517"
"sambulā","unknown",2,"KN:ja519"
"sambule","unknown",2,"KN:ja519"
"māniyaṃ","unknown",2,"KN:ja520"
"āhatva","particle (possible sandhi)",2,"KN:ja520; KN:ja547"
"iṇadānañca","particle (possible sandhi)",2,"KN:ja521; KN:ja546"
"kodhasā","unknown",2,"KN:ja521; KN:ja540"
"niḷinike","unknown",2,"KN:ja526"
"tevaṅgataṃ","unknown",2,"KN:ja526"
"āsādayiṃ","unknown",2,"KN:ja526; KN:tha-ap8"
"paramasukhī","unknown",2,"KN:ja526"
"dijābhighuṭṭhaṃ","unknown",2,"KN:ja526; KN:ja546"
"petyā","unknown",2,"KN:ja527"
"avacuṃ","verb (aorist 3pl)",2,"KN:ja529"
"soḷārapaññāṇo","unknown",2,"KN:ja531"
"varate","unknown",2,"KN:ja532"
"upāsitvā","particle (possible sandhi)",2,"KN:ja533; KN:tha-ap551"
"vissajāmi","verb (present 1sg)",2,"KN:ja533; KN:ja534"
"makaruṃ","verb (aorist 3pl)",2,"KN:ja533; KN:ja534"
"saṃhacca","particle (possible sandhi)",2,"KN:ja534"
"saṅkalahaṃ","unknown",2,"KN:ja535"
"bhattusu","unknown",2,"KN:ja535; KN:ja546"
"siṅgū","unknown",2,"KN:ja535; KN:ja547"
"ubbāhetthā","unknown",2,"KN:ja536"
"upapphusī","unknown",2,"KN:ja536"
"pariyukkaṇṭhī","unknown",2,"KN:ja536"
"nillokanasīlā","unknown",2,"KN:ja536"
"sirasaṃ","unknown",2,"KN:ja536"
"cemaṃ","unknown",2,"KN:ja536; KN:ja546"
"dajjitthiyā","unknown",2,"KN:ja536; KN:ja546"
"rajjābhisecayuṃ","verb (aorist 3pl)",2,"KN:ja538"
"paṭisanthataṃ","unknown",2,"KN:ja538"
"jantubhi","unknown",2,"KN:ja539; KN:ja543"
"ekattamuparocataṃ","unknown",2,"KN:ja539"
"pahitvāna","verb (present participle)",2,"KN:ja540"
"pārike","unknown",2,"KN:ja540"
"paridevayuṃ","verb (aorist 3pl)",2,"KN:ja540; KN:ja547"
"usindaro","unknown",2,"KN:ja541; KN:ja545"
"evaṅgataṃ","unknown",2,"KN:ja541"
"kimabhaññamāhu","unknown",2,"KN:ja541"
"āmagiddho","unknown",2,"KN:ja542"
"mādhara","unknown",2,"KN:ja542"
"parimocaye","unknown",2,"KN:ja542"
"samuddajā","unknown",2,"KN:ja543"
"sampamathitā","unknown",2,"KN:ja543; KN:ja547"
"ālampa","unknown",2,"KN:ja543"
"upajūtañca","particle (possible sandhi)",2,"KN:ja543"
"nisiñcissaṃ","unknown",2,"KN:ja543"
"tiṇalatāni","unknown",2,"KN:ja543; KN:ja547"
"kuveru","unknown",2,"KN:ja543"
"uparavanti","verb (present 3pl)",2,"KN:ja544"
"upaguyha","unknown",2,"KN:ja544; KN:ja546"
"bilasataṃ","unknown",2,"KN:ja544"
"rucaṃ","unknown",2,"KN:ja545"
"rucāya","noun (dat sg)",2,"KN:ja545; KN:tha-ap540"
"sātave","infinitive",2,"KN:ja545"
"vitacaṃ","unknown",2,"KN:ja545"
"pakampaye","unknown",2,"KN:ja546; KN:mil7.2.8"
"pātayitvā","particle (possible sandhi)",2,"KN:ja546; KN:thi-ap21"
"māvasesi","unknown",2,"KN:ja546"
"māvasema","verb (present 1pl)",2,"KN:ja546"
"missaro","unknown",2,"KN:ja546"
"sāthabbanaṃ","unknown",2,"KN:ja547"
"sahatthipaṃ","unknown",2,"KN:ja547"
"abhissasiṃ","unknown",2,"KN:ja547"
"vibhedikā","unknown",2,"KN:ja547"
"kumbhilā","unknown",2,"KN:ja547; KN:tha-ap407"
"rohiccā","unknown",2,"KN:ja547; KN:tha-ap3"
"mandālakā","unknown",2,"KN:ja547; KN:tha-ap3"
"mebhisiñcetha","unknown",2,"KN:ja547"
"paridevayi","unknown",2,"KN:ja547; KN:thi-ap25"
"uparucchanti","verb (present 3pl)",2,"KN:ja547"
"vicarantyā","unknown",2,"KN:ja547"
"takkalāni","unknown",2,"KN:ja547; KN:tha-ap407"
"kayākayaṃ","unknown",2,"KN:kp7; KN:pv5"
"puttam","unknown",2,"KN:kp9; KN:snp1.8"
"uparūparūpapattiko","unknown",2,"KN:mil2"
"sampadālessāmi","verb (present 1sg)",2,"KN:mil2"
"abhidhammapadānī","unknown",2,"KN:mil2"
"apakaḍḍhāpetvā","particle (possible sandhi)",2,"KN:mil3.1.9"
"sampakkhandati","verb (present 3sg)",2,"KN:mil3.1.11"
"maṅkuro","unknown",2,"KN:mil3.1.4"
"sammo","unknown",2,"KN:mil3.3.8"
"tulayituṃ","verb (aorist 3pl)",2,"KN:mil3.4.2; KN:pe3"
"kaṭumikāya","noun (dat sg)",2,"KN:mil3.7.1"
"sukhāpito","unknown",2,"KN:mil3.7.1"
"kalasigāmo","unknown",2,"KN:mil3.7.5"
"dunniveṭhiyo","unknown",2,"KN:mil5.1.4; KN:mil5.2.8"
"manthayitvā","particle (possible sandhi)",2,"KN:mil5.1.1"
"sambhavitvā","particle (possible sandhi)",2,"KN:mil5.1.1"
"āsādayitvā","particle (possible sandhi)",2,"KN:mil5.1.1; KN:tha-ap8"
"sandāpetun","unknown",2,"KN:mil5.1.5"
"sandāpesin","unknown",2,"KN:mil5.1.5"
"saṃsibbitavisibbitattā","unknown",2,"KN:mil5.1.2"
"pārikāya","noun (dat sg)",2,"KN:mil5.1.6"
"dukūlo","unknown",2,"KN:mil5.1.6"
"pārikā","unknown",2,"KN:mil5.1.6"
"saddhammantaradhānan","unknown",2,"KN:mil5.1.7"
"dunnibbeṭho","unknown",2,"KN:mil5.2.5; KN:mil5.5.10"
"parimuccitukāmo","unknown",2,"KN:mil5.2.3"
"paṇāmīyati","verb (present 3sg)",2,"KN:mil5.3.12"
"yimaṃ","unknown",2,"KN:mil5.3.1; KN:mil5.5.5"
"sayaṅkatena","noun (inst sg, masc -a stem)",2,"KN:mil5.3.11"
"sinehayati","verb (present 3sg)",2,"KN:mil5.3.4"
"virasampi","particle (possible sandhi)",2,"KN:mil5.3.4; KN:mil6.1.8"
"paripothito","unknown",2,"KN:mil5.4.1"
"yañcekena","noun (inst sg, masc -a stem)",2,"KN:mil5.4.3"
"varitaṃ","unknown",2,"KN:mil5.5.8"
"taṭṭhāne","unknown",2,"KN:mil6.1.2"
"atikicchāpetvā","particle (possible sandhi)",2,"KN:mil6.1.5"
"abhibyāpenti","verb (present 3pl)",2,"KN:mil6.1.5"
"duradhirohaṃ","unknown",2,"KN:mil6.3.10"
"pittiko","unknown",2,"KN:mil6.3.5; KN:pe6"
"nigumbepi","particle (possible sandhi)",2,"KN:mil6.3.12"
"paritapati","verb (present 3sg)",2,"KN:mil6.3.9"
"paritatte","unknown",2,"KN:mil6.3.9"
"ātāpetvā","particle (possible sandhi)",2,"KN:mil6.3.9"
"sampabhāsati","verb (present 3sg)",2,"KN:mil6.4.1"
"tappitabbaṃ","unknown",2,"KN:mil7.3.10; KN:mil7.6.9"
"paṭihantabbā","unknown",2,"KN:mil7.4.3; KN:mil7.8.3"
"peṇāhikā","unknown",2,"KN:mil7.6.3"
"āyūhinī","unknown",2,"KN:mnd1; KN:mnd2"
"sandhavo","unknown",2,"KN:mnd1; KN:mnd2"
"nevācinati","verb (present 3sg)",2,"KN:mnd1; KN:mnd16"
"sampaṭipādiyitvā","particle (possible sandhi)",2,"KN:mnd1; KN:mnd16"
"sampamuyhanti","verb (present 3pl)",2,"KN:mnd2"
"dubbinivattāti","unknown",2,"KN:mnd2; KN:mnd3"
"dubbinivattā","unknown",2,"KN:mnd2"
"vesamaṃ","unknown",2,"KN:mnd2; KN:mnd6"
"vicchindiyamāno","unknown",2,"KN:mnd3; KN:mnd13"
"diṭṭhikalahāni","unknown",2,"KN:mnd5; KN:mnd13"
"jahīyati","verb (present 3sg)",2,"KN:mnd6"
"vijahīyati","verb (present 3sg)",2,"KN:mnd6"
"sampamussati","verb (present 3sg)",2,"KN:mnd7"
"sandhisamalasaṅkaṭire","unknown",2,"KN:mnd7"
"tigumbaṃ","unknown",2,"KN:mnd7; KN:mnd15"
"vesuṅgaṃ","unknown",2,"KN:mnd7; KN:mnd15"
"tāmaliṃ","unknown",2,"KN:mnd7; KN:mnd15"
"bhaṅgaṇaṃ","unknown",2,"KN:mnd7; KN:mnd15"
"vinakaṃ","unknown",2,"KN:mnd7; KN:mnd15"
"pāsārikā","unknown",2,"KN:mnd8"
"āveṭhiyā","unknown",2,"KN:mnd8"
"nibbeṭhiyā","unknown",2,"KN:mnd8"
"ṃ","unknown",2,"KN:mnd8; KN:mnd16"
"paṭipurisaṃ","unknown",2,"KN:mnd8"
"nānāni","unknown",2,"KN:mnd12"
"paminitvā","particle (possible sandhi)",2,"KN:mnd12"
"pādaloliyaṃ","unknown",2,"KN:mnd14; KN:mnd16"
"khuṃsito","unknown",2,"KN:mnd14; KN:mnd16"
"gīyanti","verb (present 3pl)",2,"KN:mnd15"
"evaṅgahitānaṃ","noun (gen pl)",2,"KN:ne5; KN:ne37"
"parimuccitukāmā","unknown",2,"KN:ne9; KN:ne25"
"adhigatappaṭisambhido","unknown",2,"KN:ne13; KN:ps3.1"
"sekkhāni","unknown",2,"KN:ne15"
"asampaṭivedho","unknown",2,"KN:ne18"
"vipallāsayati","verb (present 3sg)",2,"KN:ne20"
"maggamāvārayati","verb (present 3sg)",2,"KN:ne21"
"viveciyamāno","unknown",2,"KN:ne36"
"udattassa","noun (gen sg, masc -a stem)",2,"KN:ne36"
"nevavipāko","unknown",2,"KN:pe2"
"vicikicchitabbaṃ","unknown",2,"KN:pe4"
"odapeti","verb (present 3sg)",2,"KN:pe5"
"niropayitabbaṃ","unknown",2,"KN:pe5"
"pīḷesu","noun (loc pl)",2,"KN:pe5"
"dvidho","unknown",2,"KN:pe8"
"paṭissarati","verb (present 3sg)",2,"KN:pe8"
"sopādisesaṃ","unknown",2,"KN:pe8"
"saṅkiyate","unknown",2,"KN:pe8"
"vikkhāyitakasaññāvasena","noun (inst sg, masc -a stem)",2,"KN:ps1.1"
"vosajjanto","unknown",2,"KN:ps1.1; KN:ps1.5"
"byāpādādhimutto","unknown",2,"KN:ps1.1"
"aṭṭhārasamī","unknown",2,"KN:ps1.2"
"ānamanā","unknown",2,"KN:ps1.3"
"vosajjati","verb (present 3sg)",2,"KN:ps1.4"
"vosajjitattā","unknown",2,"KN:ps1.4"
"vosaggesu","noun (loc pl)",2,"KN:ps3.4"
"mukhasā","unknown",2,"KN:pv2; KN:pv3"
"abhāsisaṃ","unknown",2,"KN:pv6; KN:pv7"
"vatthehacchādayitvāna","verb (present participle)",2,"KN:pv10; KN:pv15"
"doṇinimmajjaniṃ","unknown",2,"KN:pv10; KN:vv33"
"tepākāsevalambare","unknown",2,"KN:pv13; KN:pv27"
"appaṭigandhiyā","unknown",2,"KN:pv13; KN:pv27"
"tyājānamānāya","noun (dat sg)",2,"KN:pv15"
"kuṇā","unknown",2,"KN:pv21"
"sindhaka","unknown",2,"KN:pv21"
"sūcikaṭṭā","unknown",2,"KN:pv27"
"mahattāsā","unknown",2,"KN:pv27"
"seriṇīpetivatthu","noun (story title)",2,"KN:pv31"
"khiḍḍatthiko","unknown",2,"KN:pv36"
"tattamivaṃ","unknown",2,"KN:pv37; KN:vv84"
"āropayitvā","particle (possible sandhi)",2,"KN:pv37; KN:vv84"
"naḷinyā","unknown",2,"KN:pv37; KN:vv84"
"udavāsi","unknown",2,"KN:pv37; KN:vv84"
"abhipālayāmi","verb (present 1sg)",2,"KN:pv37; KN:vv84"
"vinodayī","unknown",2,"KN:pv37; KN:vv84"
"teniha","unknown",2,"KN:pv37; KN:vv84"
"bhasmī","unknown",2,"KN:pv37; KN:vv84"
"paṭivedayitvā","particle (possible sandhi)",2,"KN:pv37; KN:vv84"
"khepayitvāna","verb (present participle)",2,"KN:pv38; KN:tha-ap548"
"pakkāmayuṃ","verb (aorist 3pl)",2,"KN:pv39; KN:vv52"
"vañcayitvā","particle (possible sandhi)",2,"KN:pv39; KN:vv52"
"paribhāsisaṃ","unknown",2,"KN:pv43; KN:pv44"
"saṅghaṭṭamānāni","unknown",2,"KN:snp1.3; KN:tha-ap2"
"paṇunnakodho","unknown",2,"KN:snp3.4; KN:ud3.6"
"opupphā","unknown",2,"KN:tha-ap3; KN:tha-ap414"
"kaḷambā","unknown",2,"KN:tha-ap3; KN:tha-ap407"
"osadho","unknown",2,"KN:tha-ap3"
"kittayuṃ","verb (aorist 3pl)",2,"KN:tha-ap3"
"kittayī","unknown",2,"KN:tha-ap8; KN:tha-ap545"
"kittayi","unknown",2,"KN:tha-ap8; KN:tha-ap52"
"sirikaṃ","unknown",2,"KN:tha-ap8"
"abbhuggami","unknown",2,"KN:tha-ap8; KN:tha-ap21"
"sakappano","unknown",2,"KN:tha-ap20; KN:tha-ap563"
"sahatthipo","unknown",2,"KN:tha-ap20; KN:tha-ap563"
"ekañjalimakāsahaṃ","unknown",2,"KN:tha-ap31; KN:tha-ap352"
"lagetvā","particle (possible sandhi)",2,"KN:tha-ap42; KN:tha-ap153"
"gandhodakiyattheraapadāna","verb (present participle)",2,"KN:tha-ap56; KN:tha-ap126"
"gandhodakiyo","unknown",2,"KN:tha-ap56; KN:tha-ap126"
"gandhodakiyattherassāpadānaṃ","noun (gen pl)",2,"KN:tha-ap56; KN:tha-ap126"
"ropayiṃ","unknown",2,"KN:tha-ap62; KN:tha-ap200"
"bhisado","unknown",2,"KN:tha-ap72; KN:tha-ap492"
"pāṭalipupphiyattheraapadāna","verb (present participle)",2,"KN:tha-ap80; KN:tha-ap374"
"timirapupphiyattheraapadāna","verb (present participle)",2,"KN:tha-ap83; KN:tha-ap371"
"raṃsyā","unknown",2,"KN:tha-ap87; KN:tha-ap88"
"phalado","unknown",2,"KN:tha-ap92; KN:tha-ap552"
"tuvaṭṭāmi","verb (present 1sg)",2,"KN:tha-ap100; KN:tha-ap408"
"citapūjī","unknown",2,"KN:tha-ap122; KN:tha-ap302"
"sereyyako","unknown",2,"KN:tha-ap123; KN:tha-ap132"
"buddhamabhithomayiṃ","unknown",2,"KN:tha-ap127; KN:tha-ap395"
"ketakaṃ","unknown",2,"KN:tha-ap134; KN:tha-ap522"
"campakapupphiyattheraapadāna","verb (present participle)",2,"KN:tha-ap138; KN:tha-ap348"
"piyālaphaladāyakattheraapadāna","verb (present participle)",2,"KN:tha-ap142; KN:tha-ap502"
"piyālaphalamādāya","noun (dat sg)",2,"KN:tha-ap142; KN:tha-ap502"
"piyālaphaladāyakattherassāpadānaṃ","noun (gen pl)",2,"KN:tha-ap142; KN:tha-ap502"
"umāpupphiyattheraapadāna","verb (present participle)",2,"KN:tha-ap147; KN:tha-ap323"
"kadambapupphiyattheraapadāna","verb (present participle)",2,"KN:tha-ap158; KN:tha-ap368"
"nāgapupphiyattheraapadāna","verb (present participle)",2,"KN:tha-ap160; KN:tha-ap517"
"punnāgapupphiyattheraapadāna","verb (present participle)",2,"KN:tha-ap161; KN:tha-ap335"
"kadambī","unknown",2,"KN:tha-ap162; KN:tha-ap372"
"yūthikapupphiyattheraapadāna","verb (present participle)",2,"KN:tha-ap169; KN:tha-ap202"
"yūthikapupphiyattherassāpadānaṃ","noun (gen pl)",2,"KN:tha-ap169; KN:tha-ap202"
"yūthiko","unknown",2,"KN:tha-ap172; KN:tha-ap202"
"kumudamāliyattheraapadāna","verb (present participle)",2,"KN:tha-ap173; KN:tha-ap322"
"ekadīpiyattheraapadāna","verb (present participle)",2,"KN:tha-ap179; KN:tha-ap418"
"kuṭajapupphiyattheraapadāna","verb (present participle)",2,"KN:tha-ap183; KN:tha-ap519"
"teraseto","unknown",2,"KN:tha-ap192; KN:tha-ap206"
"nigguṇḍipupphiyattheraapadāna","verb (present participle)",2,"KN:tha-ap207; KN:tha-ap329"
"aṅkolapupphiyattheraapadāna","verb (present participle)",2,"KN:tha-ap228; KN:tha-ap367"
"aṅkolapupphiyattherassāpadānaṃ","noun (gen pl)",2,"KN:tha-ap228; KN:tha-ap367"
"thomako","unknown",2,"KN:tha-ap253; KN:tha-ap302"
"kuṭido","unknown",2,"KN:tha-ap262; KN:tha-ap342"
"saḷalapupphiyattheraapadāna","verb (present participle)",2,"KN:tha-ap270; KN:tha-ap372"
"taraṇo","unknown",2,"KN:tha-ap272; KN:tha-ap492"
"ambapiṇḍiyattheraapadāna","verb (present participle)",2,"KN:tha-ap301; KN:tha-ap441"
"dhammamasuṇiṃ","unknown",2,"KN:tha-ap306; KN:tha-ap429"
"pariṇāmayiṃ","unknown",2,"KN:tha-ap309; KN:tha-ap317"
"tiraṃsiyo","unknown",2,"KN:tha-ap320; KN:tha-ap322"
"sampavattayiṃ","unknown",2,"KN:tha-ap336; KN:tha-ap424"
"anavakkantadehavā","particle (possible sandhi)",2,"KN:tha-ap336; KN:tha-ap424"
"paṭilacchatiyaṃ","unknown",2,"KN:tha-ap340"
"tīṇuppalamāliyattheraapadāna","verb (present participle)",2,"KN:tha-ap344; KN:tha-ap375"
"tīṇuppalamāliyo","unknown",2,"KN:tha-ap344; KN:tha-ap375"
"apothayi","unknown",2,"KN:tha-ap350; KN:tha-ap523"
"paṭṭipupphiyattheraapadāna","verb (present participle)",2,"KN:tha-ap376; KN:tha-ap461"
"sumanatālavaṇṭiyattheraapadāna","verb (present participle)",2,"KN:tha-ap380; KN:tha-ap467"
"sumanatālavaṇṭiyo","unknown",2,"KN:tha-ap380; KN:tha-ap467"
"sumanatālavaṇṭiyattherassāpadānaṃ","noun (gen pl)",2,"KN:tha-ap380; KN:tha-ap467"
"pavārayi","unknown",2,"KN:tha-ap393"
"vandayiṃ","unknown",2,"KN:tha-ap401; KN:tha-ap553"
"kārāpayiṃ","unknown",2,"KN:tha-ap406; KN:tha-ap466"
"upasivo","unknown",2,"KN:tha-ap407; KN:tha-ap412"
"ekachattiyattheraapadāna","verb (present participle)",2,"KN:tha-ap414; KN:tha-ap459"
"muḷālibhi","unknown",2,"KN:tha-ap414; KN:tha-ap485"
"ujjālayiṃ","unknown",2,"KN:tha-ap418; KN:tha-ap542"
"ghatamaṇḍamupānayiṃ","unknown",2,"KN:tha-ap428; KN:tha-ap498"
"sālakusumiyo","unknown",2,"KN:tha-ap463; KN:tha-ap472"
"nibbāpayiṃ","unknown",2,"KN:tha-ap465"
"avaṭaphaliyattheraapadāna","verb (present participle)",2,"KN:tha-ap468; KN:tha-ap506"
"abhinādittha","verb (aorist 3sg)",2,"KN:tha-ap485; KN:tha-ap560"
"saṃvisaṭṭho","unknown",2,"KN:tha-ap491; KN:tha-ap551"
"tisūlaṃ","unknown",2,"KN:tha-ap503; KN:tha-ap558"
"kaṇikārīti","unknown",2,"KN:tha-ap503; KN:tha-ap558"
"vāgīso","unknown",2,"KN:tha-ap533; KN:tha-ap546"
"tiriṭivacchassa","noun (gen sg, masc -a stem)",2,"KN:tha-ap533; KN:thi-ap19"
"dussehacchādayiṃ","unknown",2,"KN:tha-ap534; KN:tha-ap546"
"paṇipacca","particle (possible sandhi)",2,"KN:tha-ap542; KN:thi-ap18"
"santhavitvā","particle (possible sandhi)",2,"KN:tha-ap546; KN:tha-ap549"
"sañjanī","unknown",2,"KN:tha-ap547; KN:thi-ap24"
"cārikī","unknown",2,"KN:thi-ap9; KN:thi-ap15"
"upaṭṭhetvā","particle (possible sandhi)",2,"KN:thi-ap9; KN:thi-ap15"
"vinivattayiṃ","unknown",2,"KN:thi-ap9; KN:thi-ap15"
"tadetarā","unknown",2,"KN:thi-ap17"
"bahubbidhe","unknown",2,"KN:thi-ap28; KN:thi-ap30"
"jotayiṃ","unknown",2,"KN:thi-ap35"
"kāmakaṇḍako","unknown",2,"KN:ud3.2; KN:ud3.3"
"kukudhā","unknown",2,"KN:ud8.5"
"kukudhaṃ","unknown",2,"KN:ud8.5"
"cundassānanda","unknown",2,"KN:ud8.5"
"paṭibodhaṃ","unknown",2,"KN:vv18; KN:vv50"
"pokkharo","unknown",2,"KN:vv18; KN:vv50"
"pabodhikā","unknown",2,"KN:vv18; KN:vv50"
"āveḷinī","unknown",2,"KN:vv30; KN:vv48"
"nvidaṃ","unknown",2,"KN:vv30; KN:vv48"
"pucchisaṃ","unknown",2,"KN:vv30; KN:vv48"
"patimābhirādhayiṃ","unknown",2,"KN:vv31; KN:vv32"
"nābhyo","unknown",2,"KN:vv64"
"siṃsare","unknown",2,"KN:vv64"
"yamamavhayāmā","unknown",1,"DN:dn13"
"tenupaṅkamissāmā","unknown",1,"DN:dn16"
"atāpī","particle (possible sandhi)",1,"DN:dn16"
"udakasālatopi","particle (possible sandhi)",1,"DN:dn16"
"savibhattaṃ","unknown",1,"DN:dn16"
"paṭhamajhāna","verb (present participle)",1,"DN:dn2"
"dutiyajhāna","verb (present participle)",1,"DN:dn2"
"tatiyajhāna","verb (present participle)",1,"DN:dn2"
"sokaparidevadukkhadomanassupāyāsaā","unknown",1,"DN:dn22"
"sādhukamanurakkhissāmī","unknown",1,"DN:dn24"
"pavāressatī","unknown",1,"DN:dn25"
"dubbalohamasmi","unknown",1,"DN:dn27"
"sakyaputtiyāmhā","unknown",1,"DN:dn27"
"opayikatarāni","unknown",1,"DN:dn29"
"ubbhegauttāsabhayāpanūdano","unknown",1,"DN:dn30"
"rattimuṭṭhānadessinā","unknown",1,"DN:dn31"
"tūṇhībhūtova","particle (possible sandhi)",1,"DN:dn5"
"anabhāvaṅkate","unknown",1,"MN:mn105"
"candanikāye","unknown",1,"MN:mn12"
"kusalāyātikā","unknown",1,"MN:mn122"
"appevanāmāhaṃ","unknown",1,"MN:mn125"
"majjheurasmiṃ","noun (loc sg, masc -a stem)",1,"MN:mn130"
"īsakampoṇe","unknown",1,"MN:mn152"
"vigatathinamiddhataṃ","unknown",1,"MN:mn4"
"anvāvisiṭṭhā","unknown",1,"MN:mn50"
"akathaṅkathissa","unknown",1,"MN:mn56"
"parisodhessan","unknown",1,"MN:mn61"
"athāhañceva","particle (possible sandhi)",1,"MN:mn79"
"kathaṅgotto","unknown",1,"MN:mn86"
"maghadevaambavanaṃ","unknown",1,"MN:mn91"
"uttarenamukhaṃ","unknown",1,"MN:mn95"
"pisuṇāvāco","unknown",1,"MN:mn96"
"pharusāvāco","unknown",1,"MN:mn96"
"saccavādīmhī","unknown",1,"MN:mn99"
"voccayan","unknown",1,"SN:sn1.35"
"gahitosī","unknown",1,"SN:sn11.7"
"kāmaguṇike","unknown",1,"SN:sn12.63"
"yātappaṃ","unknown",1,"SN:sn12.93-213"
"ayañcevimassa","noun (gen sg, masc -a stem)",1,"SN:sn15.20"
"anigatarāgassa","noun (gen sg, masc -a stem)",1,"SN:sn22.84"
"satthamāharitan","unknown",1,"SN:sn22.87"
"dutiyamāravaggo","noun (chapter title)",1,"SN:sn23.22"
"moggallānavaggo","noun (chapter title)",1,"SN:sn40.11"
"ehayyebhiramāmase","unknown",1,"SN:sn5.4"
"āyatanānī","unknown",1,"SN:sn56.14"
"bhikkhuhi","unknown",1,"SN:sn9.10"
"labhatippasaṃsan","unknown",1,"SN:sn9.10"
"mahābhiññāpattānaṃ","noun (gen pl)",1,"AN:an1.235-247"
"paccājāyan","unknown",1,"AN:an1.333-377"
"vijjayāti","unknown",1,"AN:an10.10"
"upāraddhasmā","unknown",1,"AN:an10.116"
"nasevitabbādisutta","pp (past participle)",1,"AN:an10.199-210"
"mohajañcāpaviddasu","unknown",1,"AN:an3.34"
"khallitasiraṃ","unknown",1,"AN:an3.36"
"pahanāya","noun (dat sg)",1,"AN:an3.72"
"sukhañcetaṃdhivattatī","unknown",1,"AN:an4.31"
"snehānvayamivosadhā","unknown",1,"AN:an4.44"
"gihisāmicīti","unknown",1,"AN:an4.60"
"āpātadaso","unknown",1,"AN:an4.61"
"svāsīsado","unknown",1,"AN:an5.55"
"santharitun","unknown",1,"AN:an6.16"
"santharituṃ","verb (aorist 3pl)",1,"AN:an6.16"
"nisāraṇīyaṃ","unknown",1,"AN:an6.20"
"evaṅkaṭukaṃ","unknown",1,"AN:an6.45"
"nicchādeti","verb (present 3sg)",1,"AN:an6.53"
"bhijāti","unknown",1,"AN:an6.64"
"anavatthi","unknown",1,"AN:an6.106"
"bhallikādisutta","pp (past participle)",1,"AN:an6.120-139"
"nandamātena","noun (inst sg, masc -a stem)",1,"AN:an7.53"
"ajeṭṭhamaraṇaṃ","unknown",1,"AN:an8.76"
"silāyupo","unknown",1,"AN:an9.31"
"āghātāni","unknown",1,"AN:an9.31"
"sampayojayeti","verb (present 3sg)",1,"AN:an9.92"
"tipāṭihīre","unknown",1,"KN:bv1"
"medisaṃ","unknown",1,"KN:bv1"
"hiṅkārā","unknown",1,"KN:bv1"
"nidassayi","unknown",1,"KN:bv1"
"koraṇḍasamasādiso","unknown",1,"KN:bv1"
"nikīlitaṃ","unknown",1,"KN:bv1"
"pariruddho","unknown",1,"KN:bv2"
"udagāhiniṃ","unknown",1,"KN:bv2"
"byapagataṃ","unknown",1,"KN:bv2"
"dakajā","unknown",1,"KN:bv2"
"tampajjubbhijjate","unknown",1,"KN:bv2"
"paṭilaggitaṃ","unknown",1,"KN:bv2"
"sañcuṇṇamathitā","unknown",1,"KN:bv2"
"byathitamānasā","unknown",1,"KN:bv2"
"upasoṇo","unknown",1,"KN:bv4"
"yojanamussito","unknown",1,"KN:bv4"
"abhighuṭṭhe","unknown",1,"KN:bv6"
"upasoṇā","unknown",1,"KN:bv6"
"bodhayi","unknown",1,"KN:bv6"
"atthami","unknown",1,"KN:bv6"
"gañchahaṃ","unknown",1,"KN:bv7"
"thomayitvā","particle (possible sandhi)",1,"KN:bv7"
"āveḷo","unknown",1,"KN:bv7"
"niyyādayī","unknown",1,"KN:bv8"
"nāḷino","unknown",1,"KN:bv8"
"abhināditvā","particle (possible sandhi)",1,"KN:bv10"
"upasālo","unknown",1,"KN:bv10"
"tamajjhapatvā","particle (possible sandhi)",1,"KN:bv11"
"asesamabhivāhayi","unknown",1,"KN:bv11"
"saparijjanaṃ","unknown",1,"KN:bv11"
"hāsetva","particle (possible sandhi)",1,"KN:bv11"
"phaggunī","unknown",1,"KN:bv11"
"vaṇḍī","unknown",1,"KN:bv11"
"byāhatā","unknown",1,"KN:bv12"
"salaloti","verb (present 3sg)",1,"KN:bv12"
"damayī","unknown",1,"KN:bv13"
"pabbajjañcābhirocayiṃ","unknown",1,"KN:bv13"
"paṭipiṇḍiya","adj (-iya suffix)",1,"KN:bv14"
"makilā","unknown",1,"KN:bv16"
"vicikoḷi","unknown",1,"KN:bv17"
"sāḷiyā","unknown",1,"KN:bv17"
"kaḷiyā","unknown",1,"KN:bv17"
"pupphāpetvāna","verb (present participle)",1,"KN:bv18"
"vilāsetvā","particle (possible sandhi)",1,"KN:bv18"
"samāpatyā","unknown",1,"KN:bv18"
"āmaṇḍoti","verb (present 3sg)",1,"KN:bv20"
"sattayojanamussito","unknown",1,"KN:bv21"
"tīṇiyojanaso","unknown",1,"KN:bv22"
"pavassetvā","particle (possible sandhi)",1,"KN:bv22"
"pāpayitvāna","verb (present participle)",1,"KN:bv22"
"paṇitaṃ","unknown",1,"KN:bv23"
"pabbajjamabhirocayiṃ","unknown",1,"KN:bv23"
"sotthiko","unknown",1,"KN:bv23"
"rambho","unknown",1,"KN:bv23"
"āsavārigaṇakkhayā","unknown",1,"KN:bv24"
"rocinī","unknown",1,"KN:bv24"
"pavāhiya","adj (-iya suffix)",1,"KN:bv25"
"maccuyā","unknown",1,"KN:bv25"
"samussetvā","particle (possible sandhi)",1,"KN:bv25"
"sañchaḍḍitaṃ","unknown",1,"KN:bv26"
"bodhayī","unknown",1,"KN:bv26"
"palippati","verb (present 3sg)",1,"KN:cnd6"
"vidhūmito","unknown",1,"KN:cnd7"
"vidhūmitā","unknown",1,"KN:cnd7"
"sampaṭipādayitvā","particle (possible sandhi)",1,"KN:cnd8"
"pamuñcituṃ","verb (aorist 3pl)",1,"KN:cnd9"
"samīhāmi","verb (present 1sg)",1,"KN:cnd9"
"mahesisantimuttaman","unknown",1,"KN:cnd9"
"patarituṃ","verb (aorist 3pl)",1,"KN:cnd10"
"khambhitā","unknown",1,"KN:cnd10"
"amakāmakāmiṃ","unknown",1,"KN:cnd15"
"akāmamāgaman","unknown",1,"KN:cnd15"
"santāpayitvā","particle (possible sandhi)",1,"KN:cnd15"
"saraṇībhūtato","unknown",1,"KN:cnd15"
"vinoditabbaṃ","unknown",1,"KN:cnd15"
"pavijjittha","verb (aorist 3sg)",1,"KN:cnd15"
"jāguṃ","verb (aorist 3pl)",1,"KN:cnd16"
"paṭivicāraṇaṃ","unknown",1,"KN:cnd17"
"paṭivicāraṇā","unknown",1,"KN:cnd17"
"mohamuho","unknown",1,"KN:cnd20"
"ītijāte","unknown",1,"KN:cnd20"
"uttānīākāsi","unknown",1,"KN:cnd21"
"pakāsitabbaṃ","unknown",1,"KN:cnd21"
"vitosesi","unknown",1,"KN:cnd21"
"vitositā","unknown",1,"KN:cnd21"
"vivano","unknown",1,"KN:cnd22"
"paripañhitoti","verb (present 3sg)",1,"KN:cnd22"
"sampallavinti","unknown",1,"KN:cnd22"
"nidveḷhakā","unknown",1,"KN:cnd22"
"mukhakerakaṃ","unknown",1,"KN:cnd23"
"paṭinissatāti","unknown",1,"KN:cnd23"
"abhivajjetvā","particle (possible sandhi)",1,"KN:cnd23"
"saṃvantā","unknown",1,"KN:cnd23"
"gaddhikatā","unknown",1,"KN:cnd23"
"gaddhikattaṃ","unknown",1,"KN:cnd23"
"paṭinisaṭṭhattā","unknown",1,"KN:cnd23"
"muddikāmo","unknown",1,"KN:cp2"
"muddito","unknown",1,"KN:cp2"
"pūrayituṃ","verb (aorist 3pl)",1,"KN:cp4"
"dandhayi","unknown",1,"KN:cp8"
"pavedhayi","unknown",1,"KN:cp8"
"varī","unknown",1,"KN:cp9"
"varamayācisaṃ","unknown",1,"KN:cp9"
"sāvayitvā","particle (possible sandhi)",1,"KN:cp9"
"paṭippathe","unknown",1,"KN:cp9"
"gavesisuṃ","verb (aorist 3pl)",1,"KN:cp10"
"phoṭetvā","particle (possible sandhi)",1,"KN:cp10"
"idhehi","noun (inst pl)",1,"KN:cp11"
"ālampāyano","unknown",1,"KN:cp12"
"ālampāyane","unknown",1,"KN:cp12"
"peḷake","unknown",1,"KN:cp12"
"nayantiyā","unknown",1,"KN:cp14"
"sīlānurakkhisan","unknown",1,"KN:cp14"
"sopettha","verb (aorist 3sg)",1,"KN:cp18"
"pāṇātipātikan","unknown",1,"KN:cp19"
"parirakkhitvā","particle (possible sandhi)",1,"KN:cp20"
"anurakkhisaṃ","unknown",1,"KN:cp20"
"pabbajjamanuyācahaṃ","unknown",1,"KN:cp21"
"vanditva","particle (possible sandhi)",1,"KN:cp23"
"maddiye","unknown",1,"KN:cp23"
"sāvayuṃ","verb (aorist 3pl)",1,"KN:cp24"
"janamakāsahan","unknown",1,"KN:cp28"
"parimocayuṃ","verb (aorist 3pl)",1,"KN:cp29"
"āvejjetvā","particle (possible sandhi)",1,"KN:cp29"
"abhigajjiya","adj (-iya suffix)",1,"KN:cp30"
"āsīvisamakopayi","unknown",1,"KN:cp31"
"sokasallite","unknown",1,"KN:cp31"
"pamilāpetvā","particle (possible sandhi)",1,"KN:cp32"
"upanayī","unknown",1,"KN:cp32"
"niyyādayiṃ","unknown",1,"KN:cp32"
"mupanāmayiṃ","unknown",1,"KN:cp33"
"bahubbidhaṃ","unknown",1,"KN:cp35"
"kumbaghosakaseṭṭhivatthu","noun (story title)",1,"KN:dhp21-32"
"patipūjikakumārivatthu","noun (story title)",1,"KN:dhp44-59"
"sammadaññāvimuttānaṃ","noun (gen pl)",1,"KN:dhp44-59"
"cūḷekasāṭakabrāhmaṇavatthu","noun (story title)",1,"KN:dhp116-128"
"lāḷudāyītheravatthu","noun (story title)",1,"KN:dhp146-156"
"noyāti","unknown",1,"KN:dhp179-196"
"lāḷudāyīvatthu","noun (story title)",1,"KN:dhp235-255"
"ṭhārasa","unknown",1,"KN:dhp383-423"
"pahānatthañcā","unknown",1,"KN:iti35"
"abhinivejjetvā","particle (possible sandhi)",1,"KN:iti86"
"upaparikkhayā","unknown",1,"KN:iti99"
"gaharakkhaso","unknown",1,"KN:iti109"
"yadapaṇṇakan","unknown",1,"KN:ja1"
"kaṇḍinaṃ","unknown",1,"KN:ja13"
"dhikkitā","unknown",1,"KN:ja13"
"ovaditussahe","unknown",1,"KN:ja15"
"muccena","noun (inst sg, masc -a stem)",1,"KN:ja20"
"siyyasi","unknown",1,"KN:ja21"
"ghaṃsituṃ","verb (aorist 3pl)",1,"KN:ja27"
"udaddhari","unknown",1,"KN:ja28"
"māme","unknown",1,"KN:ja31"
"vikkulāvā","particle (possible sandhi)",1,"KN:ja31"
"vedabbaṃ","unknown",1,"KN:ja48"
"mittaka","unknown",1,"KN:ja50"
"veḷuka","unknown",1,"KN:ja50"
"aḷārakkhī","unknown",1,"KN:ja66"
"lābūni","unknown",1,"KN:ja77"
"maṇḍūkiyo","unknown",1,"KN:ja77"
"svāsi","unknown",1,"KN:ja82"
"jātumetī","unknown",1,"KN:ja87"
"chaḷadvara","unknown",1,"KN:ja90"
"maṅgali","unknown",1,"KN:ja90"
"sosindo","unknown",1,"KN:ja94"
"udañcanī","unknown",1,"KN:ja106"
"rājānamabhirādhayī","unknown",1,"KN:ja108"
"yathanno","unknown",1,"KN:ja109"
"sippaka","unknown",1,"KN:ja110"
"tittiraṃvātivassitan","unknown",1,"KN:ja117"
"haṃcivaggo","noun (chapter title)",1,"KN:ja120"
"kalaṇḍukā","unknown",1,"KN:ja127"
"nāguṭṭhigaṇanaṃ","unknown",1,"KN:ja129"
"mamba","unknown",1,"KN:ja130"
"kakaṇṭāva","particle (possible sandhi)",1,"KN:ja141"
"abhinādayi","unknown",1,"KN:ja152"
"apphalī","unknown",1,"KN:ja152"
"mātimaññittho","unknown",1,"KN:ja157"
"udetayañ","unknown",1,"KN:ja159"
"vinīla","unknown",1,"KN:ja160"
"vinīlaṃ","unknown",1,"KN:ja160"
"lehati","verb (present 3sg)",1,"KN:ja162"
"mamīme","unknown",1,"KN:ja163"
"upasāḷakanāmāni","unknown",1,"KN:ja166"
"abhinādeti","verb (present 3sg)",1,"KN:ja172"
"ohacchaṃ","unknown",1,"KN:ja174"
"uhannaṃ","unknown",1,"KN:ja175"
"amboyaṃ","unknown",1,"KN:ja186"
"ruhaka","unknown",1,"KN:ja191"
"alaññeva","particle (possible sandhi)",1,"KN:ja191"
"mummure","unknown",1,"KN:ja198"
"upakūthito","unknown",1,"KN:ja198"
"sarīradabyaṃ","unknown",1,"KN:ja200"
"vuḍḍhabyaṃ","unknown",1,"KN:ja200"
"sojaccaṃ","unknown",1,"KN:ja200"
"sādhusīliyaṃ","unknown",1,"KN:ja200"
"vuḍḍhabyassa","noun (gen sg, masc -a stem)",1,"KN:ja200"
"apiruhaka","unknown",1,"KN:ja200"
"muttimavāṇija","unknown",1,"KN:ja200"
"yāmuno","unknown",1,"KN:ja205"
"metehi","noun (inst pl)",1,"KN:ja208"
"vibhīṭakā","unknown",1,"KN:ja209"
"vibhijjitaṃ","unknown",1,"KN:ja210"
"tyāgato","unknown",1,"KN:ja214"
"cūpatapeti","verb (present 3sg)",1,"KN:ja216"
"seggu","unknown",1,"KN:ja217"
"paṭikūṭassa","noun (gen sg, masc -a stem)",1,"KN:ja218"
"phālanaṭṭho","unknown",1,"KN:ja218"
"nākāle","unknown",1,"KN:ja226"
"rathūmijātehi","noun (inst pl)",1,"KN:ja229"
"vadantibhi","unknown",1,"KN:ja229"
"bāliyaṃ","unknown",1,"KN:ja230"
"viḍayhase","unknown",1,"KN:ja230"
"papīḷitā","unknown",1,"KN:ja231"
"tammāka","unknown",1,"KN:ja231"
"khujjamakāmayiṃ","unknown",1,"KN:ja232"
"viṇā","unknown",1,"KN:ja232"
"byagamā","unknown",1,"KN:ja234"
"renukaṃ","unknown",1,"KN:ja234"
"nānīhamānassa","noun (gen sg, masc -a stem)",1,"KN:ja235"
"nābhaṇato","unknown",1,"KN:ja235"
"upapāditaṃ","unknown",1,"KN:ja238"
"vikaṇṇakako","unknown",1,"KN:ja240"
"asitābhuya","unknown",1,"KN:ja240"
"bhūtapacaniṃ","unknown",1,"KN:ja245"
"dūseyyagāran","unknown",1,"KN:ja250"
"rūhakaṃ","unknown",1,"KN:ja250"
"dukkhamābhatan","unknown",1,"KN:ja251"
"tiṇaparighāsaṃ","unknown",1,"KN:ja254"
"akhāṇisuṃ","verb (aorist 3pl)",1,"KN:ja256"
"yajathañca","particle (possible sandhi)",1,"KN:ja259"
"tiriṭaṃ","unknown",1,"KN:ja260"
"bhaddalīti","unknown",1,"KN:ja266"
"vinindāmi","verb (present 1sg)",1,"KN:ja268"
"bhaddalī","unknown",1,"KN:ja270"
"vihiyyati","verb (present 3sg)",1,"KN:ja272"
"uddhitabhattova","particle (possible sandhi)",1,"KN:ja273"
"appaṭikkhippā","unknown",1,"KN:ja276"
"tamuttasāmā","unknown",1,"KN:ja277"
"attapariccāgī","unknown",1,"KN:ja281"
"byapagamma","unknown",1,"KN:ja283"
"nānaṭo","unknown",1,"KN:ja287"
"udukkhalaṃbhikaṅkhati","verb (present 3sg)",1,"KN:ja289"
"paṭipādethudukkhalan","unknown",1,"KN:ja289"
"kirena","noun (inst sg, masc -a stem)",1,"KN:ja290"
"pottho","unknown",1,"KN:ja291"
"bhitvāva","particle (possible sandhi)",1,"KN:ja291"
"nikkhañcussīsakohitaṃ","unknown",1,"KN:ja297"
"lohitapo","unknown",1,"KN:ja300"
"ajakāraṇā","unknown",1,"KN:ja300"
"sampatthitā","unknown",1,"KN:ja303"
"matthikā","unknown",1,"KN:ja305"
"koli","unknown",1,"KN:ja310"
"dujjīvitamajīvimha","unknown",1,"KN:ja314"
"manujesvapekkhiya","adj (-iya suffix)",1,"KN:ja317"
"ekabhattikinī","unknown",1,"KN:ja318"
"siṅgila","unknown",1,"KN:ja321"
"paṭirodanaṃ","unknown",1,"KN:ja323"
"paṭirodantaṃ","unknown",1,"KN:ja323"
"ahāliddaṃ","unknown",1,"KN:ja326"
"sammillahāsiniṃ","unknown",1,"KN:ja328"
"dayitabbaṃ","unknown",1,"KN:ja328"
"kāyasakepuka","unknown",1,"KN:ja330"
"tirīṭino","unknown",1,"KN:ja333"
"pīṭhamadāyimhā","unknown",1,"KN:ja337"
"nevābhisajjāmi","verb (present 1sg)",1,"KN:ja337"
"nikaṇṇikā","unknown",1,"KN:ja338"
"pamadamhase","unknown",1,"KN:ja340"
"alametehi","noun (inst pl)",1,"KN:ja342"
"paṭikibbise","unknown",1,"KN:ja343"
"maṇḍayati","verb (present 3sg)",1,"KN:ja344"
"pacalaka","unknown",1,"KN:ja345"
"vakkhā","unknown",1,"KN:ja346"
"rājidha","unknown",1,"KN:ja347"
"vibhiṃsikā","unknown",1,"KN:ja347"
"nevayyakassa","noun (gen sg, masc -a stem)",1,"KN:ja352"
"anavhito","unknown",1,"KN:ja354"
"sānūni","unknown",1,"KN:ja356"
"papothayeyyaṃ","verb (optative)",1,"KN:ja357"
"sedumaṃ","unknown",1,"KN:ja360"
"phalakenāhamaplaviṃ","unknown",1,"KN:ja360"
"saṃvāsamabhirocaye","unknown",1,"KN:ja361"
"dohaṃ","unknown",1,"KN:ja364"
"maccuveso","unknown",1,"KN:ja366"
"sāḷiyachāpoti","verb (present 3sg)",1,"KN:ja367"
"labbho","unknown",1,"KN:ja368"
"patārayī","unknown",1,"KN:ja370"
"sāḷiyamittavaro","unknown",1,"KN:ja375"
"asamaṃvaguppari","unknown",1,"KN:ja375"
"mavoca","particle (possible sandhi)",1,"KN:ja375"
"sereyyakasseva","particle (possible sandhi)",1,"KN:ja380"
"āmantayāmahan","unknown",1,"KN:ja380"
"atuccaṃ","unknown",1,"KN:ja381"
"vuddhasāsanan","unknown",1,"KN:ja381"
"sārambhī","unknown",1,"KN:ja382"
"khudhaṃ","unknown",1,"KN:ja382"
"lohitape","unknown",1,"KN:ja383"
"kukkuṭapothini","unknown",1,"KN:ja383"
"biḷārī","unknown",1,"KN:ja383"
"biḷāriyā","unknown",1,"KN:ja383"
"gāmanigamāsu","noun (loc pl, fem)",1,"KN:ja384"
"saṃvāsanāraho","unknown",1,"KN:ja384"
"daṭṭhumāgato","unknown",1,"KN:ja385"
"apananda","unknown",1,"KN:ja385"
"vastaṃ","unknown",1,"KN:ja386"
"paṭithaddhaṃ","unknown",1,"KN:ja387"
"yañcatthaññaṃ","unknown",1,"KN:ja387"
"micche","unknown",1,"KN:ja389"
"vanibbino","unknown",1,"KN:ja393"
"hārayiṃ","unknown",1,"KN:ja395"
"massuyā","unknown",1,"KN:ja395"
"tavadassanan","unknown",1,"KN:ja395"
"tuṇḍilako","unknown",1,"KN:ja395"
"mayhakapañcamapakkhivaro","unknown",1,"KN:ja395"
"bhuñjasu","unknown",1,"KN:ja398"
"makāsi","unknown",1,"KN:ja402"
"aṭṭhisena","noun (inst sg, masc -a stem)",1,"KN:ja403"
"jātijjaraṃ","unknown",1,"KN:ja405"
"ullaṅghayitvā","particle (possible sandhi)",1,"KN:ja407"
"sukhameṭṭhabbaṃ","unknown",1,"KN:ja407"
"bhaggavi","unknown",1,"KN:ja408"
"nābhirādhayiṃ","unknown",1,"KN:ja409"
"oṭṭhibyādhiṃva","particle (possible sandhi)",1,"KN:ja409"
"manubujjhati","verb (present 3sg)",1,"KN:ja409"
"vacchito","unknown",1,"KN:ja410"
"pavellamānā","unknown",1,"KN:ja411"
"rajjuvālambanī","unknown",1,"KN:ja411"
"saṃvirūhanti","verb (present 3pl)",1,"KN:ja412"
"makasaḍḍitā","unknown",1,"KN:ja413"
"nisīdetvā","particle (possible sandhi)",1,"KN:ja415"
"sākhamakampayi","unknown",1,"KN:ja416"
"avañci","unknown",1,"KN:ja416"
"yeyeva","particle (possible sandhi)",1,"KN:ja417"
"ghuṇo","unknown",1,"KN:ja418"
"bāhiko","unknown",1,"KN:ja418"
"vicintikā","unknown",1,"KN:ja419"
"sattukāmivā","particle (possible sandhi)",1,"KN:ja419"
"upāyaso","unknown",1,"KN:ja420"
"patva","particle (possible sandhi)",1,"KN:ja422"
"sosi","unknown",1,"KN:ja423"
"saṃvibhajjañca","particle (possible sandhi)",1,"KN:ja423"
"kumudinī","unknown",1,"KN:ja425"
"gaṇacāriṇī","unknown",1,"KN:ja425"
"metamakkhiṃsu","verb (aorist 3pl)",1,"KN:ja426"
"sabbhiṃ","unknown",1,"KN:ja426"
"vuḍḍhasāsanan","unknown",1,"KN:ja427"
"māmari","unknown",1,"KN:ja429"
"upabhuñjimhā","unknown",1,"KN:ja430"
"opattamaphalaṃ","unknown",1,"KN:ja430"
"nipīḷeti","verb (present 3sg)",1,"KN:ja432"
"loṇiyateliyāni","unknown",1,"KN:ja434"
"accupasevato","unknown",1,"KN:ja435"
"aññamabhippamodayi","unknown",1,"KN:ja436"
"paṭigacchantiṃ","unknown",1,"KN:ja437"
"sañjīvito","unknown",1,"KN:ja437"
"āḷino","unknown",1,"KN:ja437"
"nipātaye","unknown",1,"KN:ja438"
"kānissa","unknown",1,"KN:ja438"
"māviddhaṃ","unknown",1,"KN:ja439"
"nisnehamabhikaṅkhāmi","verb (present 1sg)",1,"KN:ja440"
"āsaṅgī","unknown",1,"KN:ja440"
"snehasaṅgathitā","unknown",1,"KN:ja440"
"nābhyā","unknown",1,"KN:ja441"
"subbhū","unknown",1,"KN:ja442"
"paṭipādayī","unknown",1,"KN:ja442"
"upāhanāni","unknown",1,"KN:ja442"
"moḷiniṃ","unknown",1,"KN:ja442"
"adaṃsī","unknown",1,"KN:ja444"
"tānayiṃ","unknown",1,"KN:ja444"
"paddhacarāmhi","unknown",1,"KN:ja444"
"khamyataṃ","unknown",1,"KN:ja444"
"akataññuna","unknown",1,"KN:ja445"
"labbhitā","unknown",1,"KN:ja445"
"paṭiānayā","unknown",1,"KN:ja445"
"takkalā","unknown",1,"KN:ja446"
"āluvāni","unknown",1,"KN:ja446"
"kaḷambāni","unknown",1,"KN:ja446"
"paṭilacchase","unknown",1,"KN:ja446"
"punarāvajātū","unknown",1,"KN:ja446"
"dāsyo","unknown",1,"KN:ja447"
"gopipāsikajātikā","unknown",1,"KN:ja448"
"nāsīde","unknown",1,"KN:ja448"
"vaṃsakānane","unknown",1,"KN:ja448"
"loṇiyateliyaṃ","unknown",1,"KN:ja451"
"maṃmiva","particle (possible sandhi)",1,"KN:ja451"
"tāyatebhāvavasūpanitaṃ","unknown",1,"KN:ja452"
"abhijīhanāya","noun (dat sg)",1,"KN:ja452"
"paripācayitvā","particle (possible sandhi)",1,"KN:ja452"
"tāyiddhiyā","unknown",1,"KN:ja452"
"koliniyā","unknown",1,"KN:ja453"
"sattaha","unknown",1,"KN:ja454"
"subhūrisa","unknown",1,"KN:ja454"
"kavacamabhihessati","verb (present 3sg)",1,"KN:ja455"
"nūnasā","unknown",1,"KN:ja455"
"soṇḍāyūdakamāhatvā","particle (possible sandhi)",1,"KN:ja455"
"tyāhamatrajo","unknown",1,"KN:ja455"
"vuddhāpacāyikan","unknown",1,"KN:ja455"
"sārāṇiyaṃ","unknown",1,"KN:ja456"
"vītisārayimha","unknown",1,"KN:ja456"
"nihanitva","particle (possible sandhi)",1,"KN:ja457"
"atibalo","unknown",1,"KN:ja457"
"parijiyyati","verb (present 3sg)",1,"KN:ja458"
"surundhanan","unknown",1,"KN:ja458"
"paribhuñjisaṃ","unknown",1,"KN:ja459"
"agaṇhu","unknown",1,"KN:ja459"
"nipāletuṃ","verb (aorist 3pl)",1,"KN:ja461"
"baḷavāmukhīti","unknown",1,"KN:ja463"
"juṇhaka","unknown",1,"KN:ja463"
"tyāssūni","unknown",1,"KN:ja465"
"tepihaṃ","unknown",1,"KN:ja465"
"tipañcarattūpagatamhi","noun (loc sg, masc -a stem)",1,"KN:ja466"
"āputtaputtehi","noun (inst pl)",1,"KN:ja466"
"paviceyya","verb (optative)",1,"KN:ja466"
"byadhesi","unknown",1,"KN:ja466"
"byadhetī","unknown",1,"KN:ja466"
"usīnaka","unknown",1,"KN:ja469"
"paṭisandhāya","noun (dat sg)",1,"KN:ja471"
"nicintayitvā","particle (possible sandhi)",1,"KN:ja471"
"vitihāraṃ","unknown",1,"KN:ja471"
"bubhukkassa","noun (gen sg, masc -a stem)",1,"KN:ja471"
"medisā","unknown",1,"KN:ja471"
"paṇaye","unknown",1,"KN:ja472"
"daṇḍiyañca","particle (possible sandhi)",1,"KN:ja472"
"kelāyito","unknown",1,"KN:ja473"
"guyhittho","unknown",1,"KN:ja474"
"upakkhandhamhā","unknown",1,"KN:ja475"
"viyeti","verb (present 3sg)",1,"KN:ja476"
"mupayanti","verb (present 3pl)",1,"KN:ja479"
"mupagantuṃ","verb (aorist 3pl)",1,"KN:ja479"
"sampesesi","unknown",1,"KN:ja479"
"sampesito","unknown",1,"KN:ja479"
"abhinaditvāna","verb (present participle)",1,"KN:ja479"
"paṭisakkitvā","particle (possible sandhi)",1,"KN:ja479"
"tuṇḍilamanupucchiṃ","unknown",1,"KN:ja481"
"accupatī","unknown",1,"KN:ja481"
"kuliṅgo","unknown",1,"KN:ja481"
"paricitto","unknown",1,"KN:ja481"
"māhaṃsu","unknown",1,"KN:ja482"
"paricāriyanto","unknown",1,"KN:ja483"
"hātūna","unknown",1,"KN:ja484"
"santappayi","unknown",1,"KN:ja484"
"nivatthakocova","particle (possible sandhi)",1,"KN:ja486"
"mahimāvasātu","particle (possible sandhi)",1,"KN:ja488"
"vupatthambha","unknown",1,"KN:ja488"
"madhudo","unknown",1,"KN:ja488"
"pañcaddasiṃ","unknown",1,"KN:ja489"
"kapotiyā","unknown",1,"KN:ja490"
"kapotiṃ","unknown",1,"KN:ja490"
"sosayuṃ","verb (aorist 3pl)",1,"KN:ja490"
"temayī","unknown",1,"KN:ja490"
"nikkhamisaṃ","unknown",1,"KN:ja490"
"kipillikāni","unknown",1,"KN:ja490"
"atihīḷayāno","unknown",1,"KN:ja490"
"paripothayiṃsu","verb (aorist 3pl)",1,"KN:ja490"
"nitāḷeti","verb (present 3sg)",1,"KN:ja492"
"appodavaṇṇe","unknown",1,"KN:ja493"
"paṭiyāni","unknown",1,"KN:ja493"
"uddiyāni","unknown",1,"KN:ja493"
"nāridā","unknown",1,"KN:ja493"
"tāyu","unknown",1,"KN:ja494"
"nhāpayanti","verb (present 3pl)",1,"KN:ja495"
"vipaṇenti","verb (present 3pl)",1,"KN:ja495"
"aṇḍacchedā","unknown",1,"KN:ja495"
"abbāhayantipi","particle (possible sandhi)",1,"KN:ja495"
"āgodhā","unknown",1,"KN:ja495"
"malamajjakasamā","unknown",1,"KN:ja495"
"āmantanīyo","unknown",1,"KN:ja496"
"bilālitakkalāni","unknown",1,"KN:ja496"
"kharājinaso","unknown",1,"KN:ja496"
"upajotiyo","unknown",1,"KN:ja497"
"mahakkasāvesu","noun (loc pl)",1,"KN:ja497"
"dummarūpaṃ","unknown",1,"KN:ja497"
"paṭigāhi","noun (inst pl, fem)",1,"KN:ja498"
"paṭisaṃyamissaṃ","unknown",1,"KN:ja498"
"vajantyā","unknown",1,"KN:ja498"
"māgatosi","unknown",1,"KN:ja499"
"tadate","unknown",1,"KN:ja499"
"bhūmyaṃ","unknown",1,"KN:ja499"
"vacanaṅkaro","unknown",1,"KN:ja499"
"uparūḷhesu","noun (loc pl)",1,"KN:ja499"
"vidadhāti","unknown",1,"KN:ja500"
"sabbakālamasaṅkhyaṃ","unknown",1,"KN:ja500"
"saṃvidheti","verb (present 3sg)",1,"KN:ja500"
"manupassati","verb (present 3sg)",1,"KN:ja502"
"lohituṇhīso","unknown",1,"KN:ja503"
"vijigucchase","unknown",1,"KN:ja503"
"tomarāni","unknown",1,"KN:ja503"
"sāḷūrasaṅghañca","particle (possible sandhi)",1,"KN:ja504"
"sattaliyothikañca","particle (possible sandhi)",1,"KN:ja504"
"yatthajjimaṃ","unknown",1,"KN:ja504"
"tīhūnakaṃ","unknown",1,"KN:ja504"
"heṭhayitosmi","unknown",1,"KN:ja505"
"paṭidassayetha","unknown",1,"KN:ja505"
"dunnikkayo","unknown",1,"KN:ja505"
"kinnūdha","unknown",1,"KN:ja505"
"vebhaṅgo","unknown",1,"KN:ja505"
"yamuggatejo","unknown",1,"KN:ja506"
"maṅkāraṇā","unknown",1,"KN:ja506"
"nīrajā","unknown",1,"KN:ja506"
"anappikā","unknown",1,"KN:ja507"
"māgacchi","unknown",1,"KN:ja507"
"virājayi","unknown",1,"KN:ja507"
"vāvikareyya","verb (optative)",1,"KN:ja508"
"vāvīkareyya","verb (optative)",1,"KN:ja508"
"mātuyāvīkareyya","verb (optative)",1,"KN:ja508"
"bhātuñca","particle (possible sandhi)",1,"KN:ja508"
"mokkhito","unknown",1,"KN:ja509"
"orundhiyā","unknown",1,"KN:ja509"
"hiyyati","verb (present 3sg)",1,"KN:ja509"
"ekacceyyā","unknown",1,"KN:ja510"
"bhallātiya","adj (-iya suffix)",1,"KN:ja510"
"supariṇāhavā","particle (possible sandhi)",1,"KN:ja511"
"ruppapaṭṭapalimaṭṭhīva","particle (possible sandhi)",1,"KN:ja511"
"ambuni","unknown",1,"KN:ja511"
"mabhisaṅgaṃ","unknown",1,"KN:ja511"
"āceyyamāno","unknown",1,"KN:ja511"
"isipūgasamaññāte","unknown",1,"KN:ja511"
"upānayāmi","verb (present 1sg)",1,"KN:ja511"
"pabodhare","unknown",1,"KN:ja511"
"tiriṭī","unknown",1,"KN:ja511"
"aṅgadī","unknown",1,"KN:ja511"
"dārukaṭallakova","particle (possible sandhi)",1,"KN:ja512"
"kalahāni","unknown",1,"KN:ja512"
"pesuṇī","unknown",1,"KN:ja512"
"dubbaṇṇinī","unknown",1,"KN:ja512"
"naggayinī","unknown",1,"KN:ja512"
"niketo","unknown",1,"KN:ja512"
"ucchedanī","unknown",1,"KN:ja512"
"andhakaveṇḍaputtā","unknown",1,"KN:ja512"
"nārādhayī","unknown",1,"KN:ja513"
"udassaye","unknown",1,"KN:ja513"
"tuviyaṃ","unknown",1,"KN:ja513"
"bhidā","unknown",1,"KN:ja513"
"saṅkhātajātīmaraṇohamasmi","unknown",1,"KN:ja513"
"sandīpayitvā","particle (possible sandhi)",1,"KN:ja513"
"pasayhakāri","unknown",1,"KN:ja513"
"dukkarakārakosī","unknown",1,"KN:ja513"
"paṇḍūsi","unknown",1,"KN:ja514"
"mupeti","verb (present 3sg)",1,"KN:ja514"
"mahodikā","unknown",1,"KN:ja514"
"tūṇiñca","particle (possible sandhi)",1,"KN:ja514"
"vituriyati","verb (present 3sg)",1,"KN:ja514"
"samappayī","unknown",1,"KN:ja514"
"aphāli","unknown",1,"KN:ja514"
"pappomu","unknown",1,"KN:ja515"
"atevaññehi","noun (inst pl)",1,"KN:ja515"
"vāhiye","unknown",1,"KN:ja515"
"bahīpure","unknown",1,"KN:ja515"
"duddasī","unknown",1,"KN:ja516"
"samapajjisaṃ","unknown",1,"KN:ja516"
"māgañchi","unknown",1,"KN:ja516"
"paṭilacchiṃ","unknown",1,"KN:ja516"
"sannitāḷayiṃ","unknown",1,"KN:ja516"
"māyyomaṃ","unknown",1,"KN:ja516"
"pakkhalya","unknown",1,"KN:ja516"
"sampamajjitvā","particle (possible sandhi)",1,"KN:ja516"
"okkitā","unknown",1,"KN:ja516"
"muñcesi","unknown",1,"KN:ja517"
"ubbariyāpihaṃ","unknown",1,"KN:ja517"
"ummīlitvā","particle (possible sandhi)",1,"KN:ja517"
"mudīreti","verb (present 3sg)",1,"KN:ja518"
"alabbhamabyāharatī","unknown",1,"KN:ja518"
"byavajanti","verb (present 3pl)",1,"KN:ja518"
"dijinda","unknown",1,"KN:ja518"
"bhumyaṃ","unknown",1,"KN:ja518"
"disabbhi","unknown",1,"KN:ja518"
"dubbhitabbaṃ","unknown",1,"KN:ja518"
"saṃhitūru","unknown",1,"KN:ja519"
"sambulāhaṃ","unknown",1,"KN:ja519"
"sambulaṃ","unknown",1,"KN:ja519"
"paḷinaṃ","unknown",1,"KN:ja519"
"latāni","unknown",1,"KN:ja519"
"indīvarīsāmaṃ","unknown",1,"KN:ja519"
"paṭilobhayanti","verb (present 3pl)",1,"KN:ja519"
"vimānaye","unknown",1,"KN:ja519"
"sambulāya","noun (dat sg)",1,"KN:ja519"
"dubbalacakkhūsi","unknown",1,"KN:ja520"
"nillenakāni","unknown",1,"KN:ja520"
"dohāma","verb (present 1pl)",1,"KN:ja520"
"viputto","unknown",1,"KN:ja520"
"viputtā","unknown",1,"KN:ja520"
"khīrapā","unknown",1,"KN:ja520"
"jayaddisa","unknown",1,"KN:ja520"
"sambula","unknown",1,"KN:ja520"
"khattabandhuni","unknown",1,"KN:ja521"
"patārayi","unknown",1,"KN:ja521"
"abhijaccabalaṃ","unknown",1,"KN:ja521"
"matandito","unknown",1,"KN:ja521"
"yañcāsi","unknown",1,"KN:ja522"
"titikkhituṃ","verb (aorist 3pl)",1,"KN:ja522"
"pakkāmu","unknown",1,"KN:ja522"
"meṇḍissaro","unknown",1,"KN:ja522"
"haṃsaye","unknown",1,"KN:ja523"
"udaṇhasamayaṃ","unknown",1,"KN:ja523"
"urajā","unknown",1,"KN:ja523"
"duvijā","unknown",1,"KN:ja523"
"kanakabyā","unknown",1,"KN:ja523"
"sopavāhanaṃ","unknown",1,"KN:ja523"
"vimado","unknown",1,"KN:ja523"
"paviloketvā","particle (possible sandhi)",1,"KN:ja523"
"sambhutaṃ","unknown",1,"KN:ja523"
"iccānusāsi","unknown",1,"KN:ja523"
"sopavāhano","unknown",1,"KN:ja523"
"nisippalobhikā","unknown",1,"KN:ja523"
"vikopayitvā","particle (possible sandhi)",1,"KN:ja524"
"balibaddāni","unknown",1,"KN:ja524"
"palokayī","unknown",1,"KN:ja524"
"paṭilābhakosmi","unknown",1,"KN:ja524"
"anāvakulā","unknown",1,"KN:ja524"
"veḷuriyūpanīlā","unknown",1,"KN:ja524"
"āsanamabbhihāsi","unknown",1,"KN:ja524"
"pakkhālayī","unknown",1,"KN:ja524"
"paṭivihito","unknown",1,"KN:ja524"
"tavañcaḷāra","unknown",1,"KN:ja524"
"vikandantiyo","unknown",1,"KN:ja525"
"rudantyā","unknown",1,"KN:ja525"
"sutasomaarindhamarājavaro","unknown",1,"KN:ja525"
"vidaṃsayantī","unknown",1,"KN:ja526"
"paho","unknown",1,"KN:ja526"
"tapanīpi","particle (possible sandhi)",1,"KN:ja526"
"ahāpitaggīsi","unknown",1,"KN:ja526"
"nevātidīgho","unknown",1,"KN:ja526"
"saṃyamāni","unknown",1,"KN:ja526"
"mikhalaṃ","unknown",1,"KN:ja526"
"nabhyā","unknown",1,"KN:ja526"
"nātivisaṭṭhavākyo","unknown",1,"KN:ja526"
"piḷayi","unknown",1,"KN:ja526"
"aḷārapamhehi","noun (inst pl)",1,"KN:ja527"
"tirīṭissa","unknown",1,"KN:ja527"
"nāvabodhāmi","verb (present 1sg)",1,"KN:ja527"
"ummādantyā","unknown",1,"KN:ja527"
"ummadantyā","unknown",1,"KN:ja527"
"māyida","unknown",1,"KN:ja527"
"sibyā","unknown",1,"KN:ja527"
"abhipālayanti","verb (present 3pl)",1,"KN:ja527"
"cittavase","unknown",1,"KN:ja527"
"vidaṃsayaṃ","unknown",1,"KN:ja528"
"vudakatthiko","unknown",1,"KN:ja528"
"bhajjaye","unknown",1,"KN:ja528"
"saṅgatyā","unknown",1,"KN:ja528"
"manuvattati","verb (present 3sg)",1,"KN:ja528"
"ucchedī","unknown",1,"KN:ja528"
"ojadānabalīkāre","unknown",1,"KN:ja528"
"katanissame","unknown",1,"KN:ja528"
"saniḷīnikamavhayano","unknown",1,"KN:ja528"
"udapatvā","particle (possible sandhi)",1,"KN:ja529"
"atthasandassanī","unknown",1,"KN:ja529"
"byasanī","unknown",1,"KN:ja529"
"sabbāsamissaro","unknown",1,"KN:ja529"
"patāpano","unknown",1,"KN:ja530"
"andhakaveṇḍayo","unknown",1,"KN:ja530"
"tāpayitvā","particle (possible sandhi)",1,"KN:ja530"
"vibandharajjubhi","unknown",1,"KN:ja530"
"sampavisanti","verb (present 3pl)",1,"KN:ja530"
"abhilambanti","verb (present 3pl)",1,"KN:ja530"
"nanandaraṃ","unknown",1,"KN:ja530"
"bheraṇḍakā","unknown",1,"KN:ja530"
"kākoḷā","unknown",1,"KN:ja530"
"paṭigaccha","unknown",1,"KN:ja531"
"umhayamānā","unknown",1,"KN:ja531"
"umhāyeyya","verb (optative)",1,"KN:ja531"
"upasamphuse","unknown",1,"KN:ja531"
"udaṭṭhāsi","unknown",1,"KN:ja531"
"sisati","verb (present 3sg)",1,"KN:ja531"
"uparodati","verb (present 3sg)",1,"KN:ja531"
"vikuddho","unknown",1,"KN:ja531"
"titikkhisaṃ","unknown",1,"KN:ja531"
"nayituṃ","verb (aorist 3pl)",1,"KN:ja531"
"vipalāyiṃsu","verb (aorist 3pl)",1,"KN:ja531"
"paṭibodhayi","unknown",1,"KN:ja532"
"parikīrenti","verb (present 3pl)",1,"KN:ja532"
"samītāro","unknown",1,"KN:ja532"
"massame","unknown",1,"KN:ja532"
"upanissaja","unknown",1,"KN:ja532"
"parihāpayaṃ","unknown",1,"KN:ja532"
"upaghātuṃ","verb (aorist 3pl)",1,"KN:ja532"
"gottī","unknown",1,"KN:ja532"
"sañcajaṃ","unknown",1,"KN:ja533"
"tvevaṃ","unknown",1,"KN:ja533"
"sañcalesumāsanā","unknown",1,"KN:ja533"
"vegenabhikkamma","unknown",1,"KN:ja533"
"vimatoyeva","particle (possible sandhi)",1,"KN:ja533"
"nevāhametamicchāmi","verb (present 1sg)",1,"KN:ja533"
"tavamhasu","unknown",1,"KN:ja533"
"upapādayi","unknown",1,"KN:ja533"
"pāmuciṃ","unknown",1,"KN:ja533"
"samapothayi","unknown",1,"KN:ja533"
"rasmāsu","noun (loc pl, fem)",1,"KN:ja533"
"pāmucī","unknown",1,"KN:ja533"
"svāgatañcevidaṃ","unknown",1,"KN:ja533"
"upabhottuṃ","verb (aorist 3pl)",1,"KN:ja533"
"myāssa","unknown",1,"KN:ja533"
"paṭivattuṃ","verb (aorist 3pl)",1,"KN:ja533"
"paṭivattabbaṃ","unknown",1,"KN:ja533"
"katamasmāsu","noun (loc pl, fem)",1,"KN:ja533"
"tyāmhā","unknown",1,"KN:ja533"
"bhattirasmāsu","noun (loc pl, fem)",1,"KN:ja533"
"atibrūhayi","unknown",1,"KN:ja534"
"paṇāmayi","unknown",1,"KN:ja534"
"pariccattuṃ","verb (aorist 3pl)",1,"KN:ja534"
"ajjhavodahi","unknown",1,"KN:ja534"
"hemasuttacā","unknown",1,"KN:ja534"
"duyyuje","unknown",1,"KN:ja534"
"uḍḍetuṃ","verb (aorist 3pl)",1,"KN:ja534"
"upāsato","unknown",1,"KN:ja534"
"vipariyattaṃ","unknown",1,"KN:ja534"
"abhisaraṃ","unknown",1,"KN:ja534"
"kiṇyā","unknown",1,"KN:ja534"
"evaṃte","unknown",1,"KN:ja534"
"ajjhupāvekkhi","unknown",1,"KN:ja534"
"yānasmesu","noun (loc pl)",1,"KN:ja534"
"nottamevābhisamekkha","unknown",1,"KN:ja535"
"nobravi","unknown",1,"KN:ja535"
"udaggihuttaṃ","unknown",1,"KN:ja535"
"mābhivārayi","unknown",1,"KN:ja535"
"daraklamaṃ","unknown",1,"KN:ja535"
"ekāsnamarīyapūjitaṃ","unknown",1,"KN:ja535"
"nāsniye","unknown",1,"KN:ja535"
"sohitthiyā","unknown",1,"KN:ja535"
"vidusampavaṇṇitaṃ","unknown",1,"KN:ja535"
"saracāpadhārinā","unknown",1,"KN:ja535"
"ītīnipātena","noun (inst sg, masc -a stem)",1,"KN:ja535"
"jighaññanāmavhayanaṃ","unknown",1,"KN:ja535"
"viccutā","unknown",1,"KN:ja535"
"anileritā","unknown",1,"KN:ja535"
"yañcicchasi","unknown",1,"KN:ja535"
"asniye","unknown",1,"KN:ja535"
"keṇu","unknown",1,"KN:ja535"
"ābhūjino","unknown",1,"KN:ja535"
"āḷigaggarakākiṇṇā","unknown",1,"KN:ja535"
"dijābhighuṭṭhā","unknown",1,"KN:ja535"
"atricca","particle (possible sandhi)",1,"KN:ja535"
"sudhābhihāsī","unknown",1,"KN:ja535"
"saṃsī","unknown",1,"KN:ja535"
"udatārayī","unknown",1,"KN:ja535"
"jambonadīsaṃ","unknown",1,"KN:ja535"
"āveḷine","unknown",1,"KN:ja535"
"asaṅgite","unknown",1,"KN:ja535"
"abhinādayittha","verb (aorist 3sg)",1,"KN:ja535"
"vanappatiniñca","particle (possible sandhi)",1,"KN:ja535"
"pabyathayittha","verb (aorist 3sg)",1,"KN:ja535"
"jahitva","particle (possible sandhi)",1,"KN:ja535"
"nivārinī","unknown",1,"KN:ja535"
"gajagavajamahiṃsarurucamarapasadakhaggagokaṇṇasīhabyagghadīpiacchakokataracchauddārakadalimigabiḷārasasakaṇṇikānucarite","unknown",1,"KN:ja536"
"kuraracakoravāraṇamayūraparabhatajīvañjīvakacelāvakābhiṅkārakaravīkamattavihaṅgagaṇasatatasampaghuṭṭhe","unknown",1,"KN:ja536"
"nalina","pp (past participle)",1,"KN:ja536"
"mandālaka","unknown",1,"KN:ja536"
"kuravakamucalindaketakavedisavañjulapunnāgabakulatilakapiyakahasanasālasaḷalacampakaasokanāgarukkhatirīṭibhujapattaloddacandanoghavane","unknown",1,"KN:ja536"
"madhuragiro","unknown",1,"KN:ja536"
"manāpabhāṇīnan","unknown",1,"KN:ja536"
"jāyājinenā","unknown",1,"KN:ja536"
"paṭibandhantiyā","unknown",1,"KN:ja536"
"saccatapāpī","particle (possible sandhi)",1,"KN:ja536"
"lomasuddarī","unknown",1,"KN:ja536"
"bandhakiyo","unknown",1,"KN:ja536"
"vikatthanī","unknown",1,"KN:ja536"
"vilajjati","verb (present 3sg)",1,"KN:ja536"
"ullaṅghati","verb (present 3sg)",1,"KN:ja536"
"ullaṅghāpeti","verb (present 3sg)",1,"KN:ja536"
"aviccaṃ","unknown",1,"KN:ja536"
"viviccaṃ","unknown",1,"KN:ja536"
"kuṅkumiyajātā","unknown",1,"KN:ja536"
"kuṅkumī","unknown",1,"KN:ja536"
"paṭivallanti","verb (present 3pl)",1,"KN:ja536"
"dijampati","verb (present 3sg)",1,"KN:ja536"
"osaje","unknown",1,"KN:ja536"
"āside","unknown",1,"KN:ja536"
"āpakā","unknown",1,"KN:ja536"
"pahasanti","verb (present 3pl)",1,"KN:ja536"
"ossajitva","particle (possible sandhi)",1,"KN:ja536"
"mācari","unknown",1,"KN:ja536"
"patāpanaṃ","unknown",1,"KN:ja536"
"āvasitvā","particle (possible sandhi)",1,"KN:ja536"
"vigetu","verb (imperative)",1,"KN:ja537"
"bhakkhayī","unknown",1,"KN:ja537"
"pammukho","unknown",1,"KN:ja537"
"sugambhiratthā","unknown",1,"KN:ja537"
"nevāhamattānamanutthunāmi","verb (present 1sg)",1,"KN:ja537"
"nevāhametaṃ","unknown",1,"KN:ja537"
"āsītiyā","unknown",1,"KN:ja537"
"nāvutiyā","unknown",1,"KN:ja537"
"anusāsetvā","particle (possible sandhi)",1,"KN:ja537"
"upārameyyaṃ","verb (optative)",1,"KN:ja537"
"sakuṇāladijādhipativhayano","unknown",1,"KN:ja537"
"paṭivandanaṃ","unknown",1,"KN:ja538"
"sañcatto","unknown",1,"KN:ja538"
"nisādetvā","particle (possible sandhi)",1,"KN:ja538"
"uppetha","unknown",1,"KN:ja538"
"samparipluto","unknown",1,"KN:ja538"
"thāmunā","unknown",1,"KN:ja538"
"mabbhāhato","unknown",1,"KN:ja538"
"yadevūpaviyyati","verb (present 3sg)",1,"KN:ja538"
"vetabbaṃ","unknown",1,"KN:ja538"
"kepuke","unknown",1,"KN:ja539"
"daḷaṃ","unknown",1,"KN:ja539"
"rājabandhuniṃ","unknown",1,"KN:ja539"
"kīḷiyā","unknown",1,"KN:ja539"
"kaddamīkataṃ","unknown",1,"KN:ja539"
"gīyamānesu","noun (loc pl)",1,"KN:ja539"
"viddhaṃstaṃ","unknown",1,"KN:ja539"
"pabyathito","unknown",1,"KN:ja539"
"upaseniye","unknown",1,"KN:ja539"
"dunīvarā","unknown",1,"KN:ja539"
"ekanīvaro","unknown",1,"KN:ja539"
"nujubhāvāya","noun (dat sg)",1,"KN:ja539"
"svajjevāhaṃ","unknown",1,"KN:ja540"
"paripluto","unknown",1,"KN:ja540"
"paṭivāmagataṃ","unknown",1,"KN:ja540"
"tyānupucchāmi","verb (present 1sg)",1,"KN:ja540"
"ubbijī","unknown",1,"KN:ja540"
"hiṇḍissanti","verb (present 3pl)",1,"KN:ja540"
"ñāmi","verb (present 1sg)",1,"KN:ja540"
"neyati","verb (present 3sg)",1,"KN:ja540"
"niyutāni","unknown",1,"KN:ja540"
"nevamhākaṃ","unknown",1,"KN:ja540"
"kalūnaṃ","unknown",1,"KN:ja540"
"nhāpayissati","verb (present 3sg)",1,"KN:ja540"
"yamicchasi","unknown",1,"KN:ja541"
"mujakindo","unknown",1,"KN:ja541"
"bhagīraso","unknown",1,"KN:ja541"
"yīme","unknown",1,"KN:ja541"
"akatti","unknown",1,"KN:ja541"
"jāpayitvā","particle (possible sandhi)",1,"KN:ja541"
"veṭhayitvā","particle (possible sandhi)",1,"KN:ja541"
"pakiledayitvā","particle (possible sandhi)",1,"KN:ja541"
"viheṭhayitvā","particle (possible sandhi)",1,"KN:ja541"
"virosakā","unknown",1,"KN:ja541"
"ramāpayitvā","particle (possible sandhi)",1,"KN:ja541"
"dārāni","unknown",1,"KN:ja541"
"paṭipādayuṃ","verb (aorist 3pl)",1,"KN:ja541"
"paṭidassayi","unknown",1,"KN:ja541"
"ekādasī","unknown",1,"KN:ja542"
"yaṃvadā","unknown",1,"KN:ja542"
"parikhaññati","verb (present 3sg)",1,"KN:ja542"
"paṭinijjhatto","unknown",1,"KN:ja542"
"mādharaṃ","unknown",1,"KN:ja542"
"mekā","unknown",1,"KN:ja542"
"suviṃ","unknown",1,"KN:ja542"
"sāḷiko","unknown",1,"KN:ja542"
"jampāvatī","unknown",1,"KN:ja542"
"akāmayi","unknown",1,"KN:ja542"
"sossi","unknown",1,"KN:ja542"
"ānayitvāna","verb (present participle)",1,"KN:ja542"
"kapiliyaṃ","unknown",1,"KN:ja542"
"kadalino","unknown",1,"KN:ja542"
"dayitabbo","unknown",1,"KN:ja542"
"abhicchitā","unknown",1,"KN:ja542"
"purisanāvutyo","unknown",1,"KN:ja542"
"vellālino","unknown",1,"KN:ja542"
"daḷā","unknown",1,"KN:ja542"
"āsacchinno","unknown",1,"KN:ja542"
"vitaniyyati","verb (present 3sg)",1,"KN:ja542"
"pārevatakkhī","unknown",1,"KN:ja542"
"khuddaveḷubhi","unknown",1,"KN:ja542"
"nāganāsūru","unknown",1,"KN:ja542"
"bhīsarūpā","unknown",1,"KN:ja542"
"pabyathitā","unknown",1,"KN:ja543"
"opupphāpadmā","unknown",1,"KN:ja543"
"vasesi","unknown",1,"KN:ja543"
"maṅgalyaṃ","unknown",1,"KN:ja543"
"alampānoti","verb (present 3sg)",1,"KN:ja543"
"ujjhāpetvāna","verb (present participle)",1,"KN:ja543"
"satthuṃ","verb (aorist 3pl)",1,"KN:ja543"
"nopalabbhati","verb (present 3sg)",1,"KN:ja543"
"teyye","unknown",1,"KN:ja543"
"alampāno","unknown",1,"KN:ja543"
"ohārituṃ","verb (aorist 3pl)",1,"KN:ja543"
"parisaraṃ","unknown",1,"KN:ja543"
"tadaggarayhañhi","unknown",1,"KN:ja543"
"cāpasatāni","unknown",1,"KN:ja543"
"mādahi","unknown",1,"KN:ja543"
"aṅgārikā","unknown",1,"KN:ja543"
"kareyyu","unknown",1,"KN:ja543"
"nākhattiyo","unknown",1,"KN:ja543"
"yūpussane","unknown",1,"KN:ja543"
"bāhārasi","unknown",1,"KN:ja543"
"kabyapathānupannā","unknown",1,"KN:ja543"
"niccasukhī","unknown",1,"KN:ja543"
"dvirasaññurā","unknown",1,"KN:ja543"
"pupphavatīyā","unknown",1,"KN:ja544"
"erāvatiṃ","unknown",1,"KN:ja544"
"dubbhituṃ","verb (aorist 3pl)",1,"KN:ja544"
"upanītatte","unknown",1,"KN:ja544"
"ukkhipito","unknown",1,"KN:ja544"
"vasulo","unknown",1,"KN:ja544"
"maggamanuyāyisuṃ","verb (aorist 3pl)",1,"KN:ja544"
"sāḷiya","adj (-iya suffix)",1,"KN:ja544"
"ghaṭṭikā","unknown",1,"KN:ja544"
"āsīsikāni","unknown",1,"KN:ja544"
"alamettha","verb (aorist 3sg)",1,"KN:ja544"
"saraṇesiniṃ","unknown",1,"KN:ja544"
"nitāḷesiṃ","unknown",1,"KN:ja544"
"byapahataṃ","unknown",1,"KN:ja545"
"ojināmase","unknown",1,"KN:ja545"
"mupaṭṭhitā","unknown",1,"KN:ja545"
"modituṃ","verb (aorist 3pl)",1,"KN:ja545"
"indikhaggadharā","unknown",1,"KN:ja545"
"apanayī","unknown",1,"KN:ja545"
"yāpaniyaṃ","unknown",1,"KN:ja545"
"goṭaviso","unknown",1,"KN:ja545"
"ruce","unknown",1,"KN:ja545"
"muyhituṃ","verb (aorist 3pl)",1,"KN:ja545"
"dhiro","unknown",1,"KN:ja545"
"dummo","unknown",1,"KN:ja545"
"yañceso","unknown",1,"KN:ja545"
"hevuppathamāgamā","unknown",1,"KN:ja545"
"khepayitvā","particle (possible sandhi)",1,"KN:ja545"
"niluñcito","unknown",1,"KN:ja545"
"nigatiyo","unknown",1,"KN:ja545"
"byathitamānaso","unknown",1,"KN:ja545"
"jaññāmu","unknown",1,"KN:ja545"
"vikassamānaṃ","noun (gen pl)",1,"KN:ja545"
"tomarabhiṇḍivālā","unknown",1,"KN:ja545"
"vetaraññe","unknown",1,"KN:ja545"
"anatimānayugo","unknown",1,"KN:ja545"
"avassutiṃ","unknown",1,"KN:ja546"
"suṅkiyaṃ","unknown",1,"KN:ja546"
"valabhiyo","unknown",1,"KN:ja546"
"māhareyya","verb (optative)",1,"KN:ja546"
"paṇḍitotyeke","unknown",1,"KN:ja546"
"oṭṭhagīviyo","unknown",1,"KN:ja546"
"mayūrakoñcāgaṇasampaghuṭṭhaṃ","unknown",1,"KN:ja546"
"vepulamābhirūhi","unknown",1,"KN:ja546"
"varamābhijeti","verb (present 3sg)",1,"KN:ja546"
"mavhayanti","verb (present 3pl)",1,"KN:ja546"
"palikhaṃ","unknown",1,"KN:ja546"
"phoṭente","unknown",1,"KN:ja546"
"pāṭiye","unknown",1,"KN:ja546"
"devaputtapalobhinī","unknown",1,"KN:ja546"
"mupehi","noun (inst pl)",1,"KN:ja546"
"note","unknown",1,"KN:ja546"
"viccinamaggahesi","unknown",1,"KN:ja546"
"leṇo","unknown",1,"KN:ja546"
"mevānuvicintayanto","unknown",1,"KN:ja546"
"attasukhī","unknown",1,"KN:ja546"
"konīdha","unknown",1,"KN:ja546"
"sampaggaṇhāti","unknown",1,"KN:ja546"
"appāsī","unknown",1,"KN:ja546"
"asaṅkusakavutti","unknown",1,"KN:ja546"
"ucchādaye","unknown",1,"KN:ja546"
"nhāpaye","unknown",1,"KN:ja546"
"cāṭañcāpi","particle (possible sandhi)",1,"KN:ja546"
"nevesa","unknown",1,"KN:ja546"
"puneta","pp (past participle)",1,"KN:ja546"
"saṃvidhetvāna","verb (present participle)",1,"KN:ja546"
"vicintayanto","unknown",1,"KN:ja546"
"ludraṃ","unknown",1,"KN:ja546"
"patārayiṃ","unknown",1,"KN:ja546"
"visajjāmahaṃ","unknown",1,"KN:ja546"
"naḷiññaṃ","unknown",1,"KN:ja546"
"nikīḷitaṃ","unknown",1,"KN:ja546"
"rodhayi","unknown",1,"KN:ja546"
"āyāhamasmi","unknown",1,"KN:ja546"
"etindapatthaṃ","unknown",1,"KN:ja546"
"māṇavotyābhivadī","unknown",1,"KN:ja546"
"padvāre","unknown",1,"KN:ja546"
"tevaṃ","unknown",1,"KN:ja547"
"nilakkhī","unknown",1,"KN:ja547"
"citraggaḷerughusite","unknown",1,"KN:ja547"
"kisittho","unknown",1,"KN:ja547"
"ujjālayitvāna","verb (present participle)",1,"KN:ja547"
"barihīnaṃ","unknown",1,"KN:ja547"
"opupphāni","unknown",1,"KN:ja547"
"nikhīṇapattova","particle (possible sandhi)",1,"KN:ja547"
"vihiyyasi","unknown",1,"KN:ja547"
"nopakkamati","verb (present 3sg)",1,"KN:ja547"
"nevābhivākyaṃ","unknown",1,"KN:ja547"
"abhijjantyā","unknown",1,"KN:ja547"
"tyamhaṃ","unknown",1,"KN:ja547"
"manusāsituṃ","verb (aorist 3pl)",1,"KN:ja547"
"rajjebhisecayuṃ","verb (aorist 3pl)",1,"KN:ja547"
"vigāhaya","unknown",1,"KN:ja547"
"appaṭigandhiyaṃ","unknown",1,"KN:ja547"
"purisānaṃbhipatthitā","unknown",1,"KN:ja547"
"paṭidevesi","unknown",1,"KN:ja547"
"saṅkulyā","unknown",1,"KN:ja547"
"saguḷāni","unknown",1,"KN:ja547"
"vikkandi","unknown",1,"KN:ja547"
"paṭissosi","unknown",1,"KN:ja547"
"vajjhayitvāna","verb (present participle)",1,"KN:ja547"
"dovilā","unknown",1,"KN:ja547"
"ateva","particle (possible sandhi)",1,"KN:ja547"
"hiṅkāro","unknown",1,"KN:ja547"
"khajjurīnaṃ","unknown",1,"KN:ja547"
"agaruphalliyā","unknown",1,"KN:ja547"
"abhinādenti","verb (present 3pl)",1,"KN:ja547"
"mupayānakā","unknown",1,"KN:ja547"
"khirasappimuḷālibhi","unknown",1,"KN:ja547"
"paṭisaṃyutaṃ","unknown",1,"KN:ja547"
"pārijaññā","unknown",1,"KN:ja547"
"vayanā","unknown",1,"KN:ja547"
"paṅgurā","unknown",1,"KN:ja547"
"kanaverā","unknown",1,"KN:ja547"
"kusumbharā","unknown",1,"KN:ja547"
"maṃsikuṭṭhā","unknown",1,"KN:ja547"
"ulluḷitaṃ","unknown",1,"KN:ja547"
"dāsimakañjako","unknown",1,"KN:ja547"
"nīcekaḷambakā","unknown",1,"KN:ja547"
"elamphurakasañchannā","unknown",1,"KN:ja547"
"mudayantī","unknown",1,"KN:ja547"
"niliyā","unknown",1,"KN:ja547"
"tālisā","unknown",1,"KN:ja547"
"kuṭandajā","unknown",1,"KN:ja547"
"guggulā","unknown",1,"KN:ja547"
"kaliṅgukā","unknown",1,"KN:ja547"
"calanī","unknown",1,"KN:ja547"
"ikkā","unknown",1,"KN:ja547"
"bahūtaso","unknown",1,"KN:ja547"
"ākucchā","unknown",1,"KN:ja547"
"paṭikutthakā","unknown",1,"KN:ja547"
"celakeṭu","unknown",1,"KN:ja547"
"goṭakā","unknown",1,"KN:ja547"
"uhuṅkārā","unknown",1,"KN:ja547"
"baliyakkhā","unknown",1,"KN:ja547"
"nalakā","unknown",1,"KN:ja547"
"bhiṅgarājā","unknown",1,"KN:ja547"
"kālūpakūjino","unknown",1,"KN:ja547"
"mābhikīrare","unknown",1,"KN:ja547"
"vāsamabhirocāmi","verb (present 1sg)",1,"KN:ja547"
"brāhmaṇyā","unknown",1,"KN:ja547"
"sukhavacchite","unknown",1,"KN:ja547"
"ovaddhapiṇḍiko","unknown",1,"KN:ja547"
"pakandati","verb (present 3sg)",1,"KN:ja547"
"āpake","unknown",1,"KN:ja547"
"sītāvanubbatā","unknown",1,"KN:ja547"
"saṃvesanaṃ","unknown",1,"KN:ja547"
"mabhidhāvino","unknown",1,"KN:ja547"
"mabhidhāvanti","verb (present 3pl)",1,"KN:ja547"
"paccuggantuna","unknown",1,"KN:ja547"
"pavilokenti","verb (present 3pl)",1,"KN:ja547"
"sampadālati","verb (present 3sg)",1,"KN:ja547"
"apassantyā","unknown",1,"KN:ja547"
"uggīvañcāpi","particle (possible sandhi)",1,"KN:ja547"
"mūlāḷivattakaṃ","unknown",1,"KN:ja547"
"abhissapiṃ","unknown",1,"KN:ja547"
"byapahaññati","verb (present 3sg)",1,"KN:ja547"
"nakkhātumicchisaṃ","unknown",1,"KN:ja547"
"nappaṭiguyhāmi","verb (present 1sg)",1,"KN:ja547"
"paricajantassa","noun (gen sg, masc -a stem)",1,"KN:ja547"
"upavesayuṃ","verb (aorist 3pl)",1,"KN:ja547"
"ghusite","unknown",1,"KN:ja547"
"kavacāni","unknown",1,"KN:ja547"
"vippālentu","particle (possible sandhi)",1,"KN:ja547"
"olopiyā","unknown",1,"KN:ja547"
"saṅkuliyo","unknown",1,"KN:ja547"
"kaṅgubījā","unknown",1,"KN:ja547"
"kumbhathūṇiyo","unknown",1,"KN:ja547"
"kutumpa","unknown",1,"KN:ja547"
"migasaṅghāni","unknown",1,"KN:ja547"
"vikkosamānā","unknown",1,"KN:ja547"
"nivattayitvāna","verb (present participle)",1,"KN:ja547"
"vuṭṭhapetvāna","verb (present participle)",1,"KN:ja547"
"mabhidhāviṃsu","verb (aorist 3pl)",1,"KN:ja547"
"giṅgamakaṃ","unknown",1,"KN:ja547"
"pāṭipādakaṃ","unknown",1,"KN:ja547"
"nigrodhapakkabimboṭṭhī","unknown",1,"KN:ja547"
"karoṭiyā","unknown",1,"KN:ja547"
"suttajālasamattitā","unknown",1,"KN:mil1"
"kāsikakoṭumbarikādinānāvidhavatthāpaṇasampannaṃ","unknown",1,"KN:mil1"
"āmantiyamāno","unknown",1,"KN:mil2"
"paṭivinayissāmā","unknown",1,"KN:mil2"
"paṭivinayassū","unknown",1,"KN:mil2"
"harīṭakapalibodho","unknown",1,"KN:mil2"
"paṭisammajji","unknown",1,"KN:mil2"
"atthaso","unknown",1,"KN:mil2"
"isivātapaṭivātaṃ","unknown",1,"KN:mil2"
"pabhinnapaṭisambhido","unknown",1,"KN:mil2"
"sakalalokamabhitappayanto","unknown",1,"KN:mil2"
"rāhumakhagato","unknown",1,"KN:mil2"
"yavalāvake","unknown",1,"KN:mil3.1.8"
"yavalāvakā","unknown",1,"KN:mil3.1.8"
"yavalāvako","unknown",1,"KN:mil3.1.8"
"paṭivissāsopi","particle (possible sandhi)",1,"KN:mil3.1.3"
"nānādhammānaṃekakiccaabhinipphādanapañha","unknown",1,"KN:mil3.1.16"
"ekakiccaabhinipphādanapañho","unknown",1,"KN:mil3.1.16"
"varapātimokkhiyo","unknown",1,"KN:mil3.1.9"
"sampakkhandanalakkhaṇasaddhāpañha","unknown",1,"KN:mil3.1.11"
"sampakkhandanalakkhaṇasaddhāpañho","unknown",1,"KN:mil3.1.11"
"vīraseno","unknown",1,"KN:mil3.1.1"
"sīhaseno","unknown",1,"KN:mil3.1.1"
"niddhamīyanti","verb (present 3pl)",1,"KN:mil3.2.3"
"dadhibhūtan","unknown",1,"KN:mil3.2.6"
"abhisampiṇḍetvā","particle (possible sandhi)",1,"KN:mil3.2.5"
"phusitabbo","unknown",1,"KN:mil3.3.6"
"akās","unknown",1,"KN:mil3.3.3"
"makariniyopi","particle (possible sandhi)",1,"KN:mil3.4.6"
"moriniyopi","particle (possible sandhi)",1,"KN:mil3.4.6"
"kapotiniyopi","particle (possible sandhi)",1,"KN:mil3.4.6"
"sīhiniyopi","particle (possible sandhi)",1,"KN:mil3.4.6"
"byagghiniyopi","particle (possible sandhi)",1,"KN:mil3.4.6"
"kukkuriniyopi","particle (possible sandhi)",1,"KN:mil3.4.6"
"tulayitun","unknown",1,"KN:mil3.4.2"
"ādhāritaṃ","unknown",1,"KN:mil3.4.7"
"ādhāritan","unknown",1,"KN:mil3.4.7"
"hatthipāmokkho","unknown",1,"KN:mil3.6.4"
"āsīyatī","unknown",1,"KN:mil3.6.3"
"kaṭumikāva","particle (possible sandhi)",1,"KN:mil3.6.11"
"kaṭumikāpi","particle (possible sandhi)",1,"KN:mil3.6.11"
"kaṭumikāyapi","particle (possible sandhi)",1,"KN:mil3.7.1"
"kalasigāmaṃ","unknown",1,"KN:mil3.7.5"
"rājadeyyānī","unknown",1,"KN:mil3.8"
"vetaṇḍī","unknown",1,"KN:mil4.1"
"dunniveṭhe","unknown",1,"KN:mil4.1"
"muṇḍakapaṭisīsakaṃ","unknown",1,"KN:mil4.1"
"anikkhamitvā","particle (possible sandhi)",1,"KN:mil4.1"
"mantayitukāmena","noun (inst sg, masc -a stem)",1,"KN:mil4.1"
"mantiyamānā","unknown",1,"KN:mil4.2"
"vetravatī","unknown",1,"KN:mil5.1.4"
"masāragalloti","verb (present 3sg)",1,"KN:mil5.1.4"
"dakkhāpito","unknown",1,"KN:mil5.1.4"
"upavāyitvā","particle (possible sandhi)",1,"KN:mil5.1.1"
"saṃviruhantū","unknown",1,"KN:mil5.1.1"
"mahāpathavigilanan","unknown",1,"KN:mil5.1.1"
"ubbattiyantepi","particle (possible sandhi)",1,"KN:mil5.1.1"
"mahāpathavipavisanan","unknown",1,"KN:mil5.1.1"
"vidaṃsitaṃ","unknown",1,"KN:mil5.1.1"
"paṭinivattanāyā","unknown",1,"KN:mil5.1.5"
"sambharitaṃ","unknown",1,"KN:mil5.1.5"
"sandāpitā","unknown",1,"KN:mil5.1.5"
"sandāpesī","unknown",1,"KN:mil5.1.5"
"andhajanapalobhikāyā","unknown",1,"KN:mil5.1.5"
"saṃsibbitavisibbitassa","noun (gen sg, masc -a stem)",1,"KN:mil5.1.2"
"tipabbagaṇṭhiparisuddhassa","noun (gen sg, masc -a stem)",1,"KN:mil5.1.2"
"tipabbaṃ","unknown",1,"KN:mil5.1.2"
"sālivīhiyavataṇḍulatilamuggamāsapubbaṇṇāparaṇṇasappitelanavanītakhīradadhimadhuguḷaphāṇitā","unknown",1,"KN:mil5.1.2"
"vīriyamabhijaneti","verb (present 3sg)",1,"KN:mil5.1.9"
"snehayati","verb (present 3sg)",1,"KN:mil5.1.9"
"ñāṇavarappajjotan","unknown",1,"KN:mil5.1.6"
"saṃviruhatī","unknown",1,"KN:mil5.1.6"
"gabbhassāvakkamanan","unknown",1,"KN:mil5.1.6"
"yevesa","unknown",1,"KN:mil5.1.6"
"saṃviruheyyā","unknown",1,"KN:mil5.1.6"
"buddhasīhanādamabhinadī","unknown",1,"KN:mil5.1.10"
"āyūhitvā","particle (possible sandhi)",1,"KN:mil5.1.3"
"vikantayitvā","particle (possible sandhi)",1,"KN:mil5.1.3"
"vipanthapaṭipannaṃ","unknown",1,"KN:mil5.1.3"
"vireko","unknown",1,"KN:mil5.1.8"
"pittikaṃ","unknown",1,"KN:mil5.1.8"
"byapagatakilesamalarajojallaṃ","unknown",1,"KN:mil5.1.7"
"paveṇupacchedo","unknown",1,"KN:mil5.1.7"
"byāvaṭṭati","verb (present 3sg)",1,"KN:mil5.2.4"
"pātīyamāno","unknown",1,"KN:mil5.2.4"
"ācamayamāno","unknown",1,"KN:mil5.2.4"
"ḍaṃsitukāmo","unknown",1,"KN:mil5.2.4"
"upadisitvā","particle (possible sandhi)",1,"KN:mil5.2.5"
"ukkalessanti","verb (present 3pl)",1,"KN:mil5.2.1"
"giramudīraṇan","unknown",1,"KN:mil5.2.2"
"bhejjapariso","unknown",1,"KN:mil5.2.8"
"balibhayā","unknown",1,"KN:mil5.2.3"
"bhīmabhayajanakaninādamahāsaddā","unknown",1,"KN:mil5.2.3"
"bhūtāgamanan","unknown",1,"KN:mil5.3.3"
"virecanīyaṃ","unknown",1,"KN:mil5.3.3"
"upasami","unknown",1,"KN:mil5.3.3"
"patīyati","verb (present 3sg)",1,"KN:mil5.3.12"
"nicchubhīyati","verb (present 3sg)",1,"KN:mil5.3.12"
"dhammayantamabhipīḷayati","verb (present 3sg)",1,"KN:mil5.3.2"
"sabbītito","unknown",1,"KN:mil5.3.2"
"dūramapagato","unknown",1,"KN:mil5.3.1"
"vaṃsadharo","unknown",1,"KN:mil5.3.1"
"bhikkhubhūmī","unknown",1,"KN:mil5.3.1"
"manthayamāno","unknown",1,"KN:mil5.3.5"
"ghātayitun","unknown",1,"KN:mil5.3.11"
"abhūtavādenā","unknown",1,"KN:mil5.3.4"
"apanayituṃ","verb (aorist 3pl)",1,"KN:mil5.4.1"
"pothayitvā","particle (possible sandhi)",1,"KN:mil5.4.1"
"pothiyamānassa","noun (gen sg, masc -a stem)",1,"KN:mil5.4.1"
"pāsāṇasakkharakharamarumbaāvaṭṭagaggalakaūmikavaṅkacadika","adj (-ika suffix)",1,"KN:mil5.4.5"
"nimantīyamānā","unknown",1,"KN:mil5.4.8"
"pasādhayamāno","unknown",1,"KN:mil5.4.10"
"anāsādanīyamāsādayitvā","particle (possible sandhi)",1,"KN:mil5.4.7"
"atoṇā","unknown",1,"KN:mil5.4.2"
"ghanikā","unknown",1,"KN:mil5.4.2"
"khīḷitaṃ","unknown",1,"KN:mil5.4.2"
"temayituṃ","verb (aorist 3pl)",1,"KN:mil5.4.6"
"viññattimāpajjatī","unknown",1,"KN:mil5.5.9"
"suvissattho","unknown",1,"KN:mil5.5.7"
"byapagatā","unknown",1,"KN:mil5.5.8"
"ajjhayanaajjhāpanadānappaṭiggahaṇadamasaṃyamaniyamapubbajināciṇṇaanusiṭṭhipaveṇivaṃsadharaṇo","unknown",1,"KN:mil5.5.8"
"seyha","unknown",1,"KN:mil5.5.5"
"pothāpetvā","particle (possible sandhi)",1,"KN:mil5.5.5"
"pavedayitvā","particle (possible sandhi)",1,"KN:mil5.5.11"
"oṇojetvā","particle (possible sandhi)",1,"KN:mil5.5.11"
"saṅghasamayamanuppaviṭṭhatāyapi","particle (possible sandhi)",1,"KN:mil6.1.8"
"vekatikavekatikaṃ","unknown",1,"KN:mil6.1.9"
"ossakkitvā","particle (possible sandhi)",1,"KN:mil6.1.9"
"tārayituṃ","verb (aorist 3pl)",1,"KN:mil6.1.2"
"mārabalanisūdane","unknown",1,"KN:mil6.1.2"
"sampuṇṇasucivimalasītalasalilo","unknown",1,"KN:mil6.1.5"
"anahāyitukāmaṃ","unknown",1,"KN:mil6.1.5"
"pavāhayissantī","unknown",1,"KN:mil6.1.5"
"taṇhamapanessantī","unknown",1,"KN:mil6.1.5"
"amoghadhuvasiddhakammo","unknown",1,"KN:mil6.1.5"
"paridhaṃsitvā","particle (possible sandhi)",1,"KN:mil6.1.5"
"nūpalimpati","verb (present 3sg)",1,"KN:mil6.1.5"
"vidhaṃsetvā","particle (possible sandhi)",1,"KN:mil6.1.5"
"vigaḷanti","verb (present 3pl)",1,"KN:mil6.1.5"
"vigaḷitvā","particle (possible sandhi)",1,"KN:mil6.1.5"
"parirakkhituṃ","verb (aorist 3pl)",1,"KN:mil6.1.5"
"karumbhakaṃ","unknown",1,"KN:mil6.1.5"
"karumbhakā","unknown",1,"KN:mil6.1.5"
"abhibyāpeti","verb (present 3sg)",1,"KN:mil6.1.5"
"anulimpayantī","unknown",1,"KN:mil6.1.5"
"samupādikā","unknown",1,"KN:mil6.1.1"
"kaṇṭhamabhipūrayitvā","particle (possible sandhi)",1,"KN:mil6.1.1"
"atirittasaññāyā","unknown",1,"KN:mil6.2.3"
"sabbītimutto","unknown",1,"KN:mil6.2.10"
"ādīpanīyaṃ","unknown",1,"KN:mil6.2.5"
"ādīpanīyan","unknown",1,"KN:mil6.2.5"
"kudrūso","unknown",1,"KN:mil6.2.4"
"pariminituṃ","verb (aorist 3pl)",1,"KN:mil6.3.10"
"parigaṇetuṃ","verb (aorist 3pl)",1,"KN:mil6.3.10"
"daddūni","unknown",1,"KN:mil6.3.5"
"antodosasallan","unknown",1,"KN:mil6.3.11"
"byapagatatividhaggisantāpaṃ","unknown",1,"KN:mil6.3.11"
"byapagatakilesakuṇapaṃ","unknown",1,"KN:mil6.3.11"
"byapagatabhayasantāsaṃ","unknown",1,"KN:mil6.3.11"
"byapagatakilesamalakaddamaṃ","unknown",1,"KN:mil6.3.11"
"nibbāhanamaggo","unknown",1,"KN:mil6.3.11"
"ruḷaruḷassa","noun (gen sg, masc -a stem)",1,"KN:mil6.3.1"
"aparipūraṇo","unknown",1,"KN:mil6.3.1"
"āvapesi","unknown",1,"KN:mil6.3.1"
"niminitvā","particle (possible sandhi)",1,"KN:mil6.3.1"
"chinnabhinnakoṭṭitavikoṭṭito","unknown",1,"KN:mil6.3.6"
"abhippavassitvā","particle (possible sandhi)",1,"KN:mil6.3.6"
"koṭigatan","unknown",1,"KN:mil6.3.6"
"upaḍahito","unknown",1,"KN:mil6.3.2"
"sabbabandhanānan","unknown",1,"KN:mil6.3.2"
"kammaniketavā","particle (possible sandhi)",1,"KN:mil6.3.2"
"vicicca","particle (possible sandhi)",1,"KN:mil6.3.2"
"sālīnañcā","unknown",1,"KN:mil6.3.3"
"vadhitabbo","unknown",1,"KN:mil6.3.3"
"bhettabbo","unknown",1,"KN:mil6.3.3"
"sunibbeṭhiyo","unknown",1,"KN:mil6.3.3"
"kaṇḍambamūle","unknown",1,"KN:mil6.4.2"
"gaṇṭhikuṭilasusirakaṇṭalatāsākhā","unknown",1,"KN:mil6.4.2"
"attānudiṭṭhibyapagatā","unknown",1,"KN:mil6.4.2"
"cāpabhedacāpāropanaggahaṇamuṭṭhippaṭipīḷanaaṅgulivināmanapādaṭhapanasaraggahaṇasannahanaākaḍḍhanasandhāraṇalakkhaniyamanakhipane","unknown",1,"KN:mil6.4.2"
"satthaggahaṇachedanalekhanavedhanasalluddharaṇavaṇadhovanasosanabhesajjānulimpanavamanavirecanānuvāsanakiriyamanusikkhitvā","particle (possible sandhi)",1,"KN:mil6.4.2"
"gahaṇāpagatauruvisaṭavitthatamahantaṭṭhena","noun (inst sg, masc -a stem)",1,"KN:mil6.4.2"
"parijappanāya","noun (dat sg)",1,"KN:mil6.4.2"
"khīḷanaṃ","unknown",1,"KN:mil6.4.2"
"kisapharusakāḷaṅgapaccaṅgo","unknown",1,"KN:mil6.4.2"
"sūnuddhumātasusiruttamaṅgo","unknown",1,"KN:mil6.4.2"
"ummīlitanimīlitanettanayano","unknown",1,"KN:mil6.4.2"
"āruṇṇaruṇṇakāruññaravaṃ","unknown",1,"KN:mil6.4.2"
"abhisiñcitukāmassa","noun (gen sg, masc -a stem)",1,"KN:mil6.4.2"
"dhammakīḷamabhikīḷati","verb (present 3sg)",1,"KN:mil6.4.2"
"damayitvā","particle (possible sandhi)",1,"KN:mil6.4.2"
"samodhānopagatan","unknown",1,"KN:mil6.4.2"
"visodhāpetvā","particle (possible sandhi)",1,"KN:mil6.4.1"
"koṭumbaramāthurakā","unknown",1,"KN:mil6.4.1"
"alasandakasmīragandhārā","unknown",1,"KN:mil6.4.1"
"māpetā","unknown",1,"KN:mil6.4.1"
"vikkhāyitakasaññā","unknown",1,"KN:mil6.4.1"
"sampadhūpenti","verb (present 3pl)",1,"KN:mil6.4.1"
"taggaramallikā","unknown",1,"KN:mil6.4.1"
"kayikā","unknown",1,"KN:mil6.4.1"
"kayike","unknown",1,"KN:mil6.4.1"
"nāgapunnāgasālasalaḷacampakayūthikātimuttakapāṭaluppalavassikamallikāvicitto","unknown",1,"KN:mil6.4.1"
"dhammūmivipphāro","unknown",1,"KN:mil6.4.1"
"mahodikaṃ","unknown",1,"KN:mil6.4.1"
"iṇaggāhakassa","noun (gen sg, masc -a stem)",1,"KN:mil7.1"
"kapotikāya","noun (dat sg)",1,"KN:mil7.1"
"iṇasādhakassa","noun (gen sg, masc -a stem)",1,"KN:mil7.1"
"kukkuṭaṅgapañha","unknown",1,"KN:mil7.2.2"
"yāpanatthamamucchito","unknown",1,"KN:mil7.2.2"
"madditabbaṃ","unknown",1,"KN:mil7.2.2"
"manasikāravaruttaman","unknown",1,"KN:mil7.2.2"
"kukkuṭaṅgapañho","unknown",1,"KN:mil7.2.2"
"nimujjitabbaṃ","unknown",1,"KN:mil7.2.6"
"nappaṭitthambhati","verb (present 3sg)",1,"KN:mil7.2.8"
"nappaṭipharitabbaṃ","unknown",1,"KN:mil7.2.8"
"anulomayitvā","particle (possible sandhi)",1,"KN:mil7.2.7"
"anulometvāna","verb (present participle)",1,"KN:mil7.2.7"
"makkaṭaṅgapañha","unknown",1,"KN:mil7.2.10"
"okkamitabbaṃ","unknown",1,"KN:mil7.2.10"
"makkaṭaṅgapañho","unknown",1,"KN:mil7.2.10"
"nappaṭisandahissāmī","unknown",1,"KN:mil7.2.4"
"cātukamyatāya","noun (dat sg)",1,"KN:mil7.2.5"
"muggasupyatāya","noun (dat sg)",1,"KN:mil7.2.5"
"asekkhaphale","unknown",1,"KN:mil7.3.1"
"abhivaḍḍhayin","unknown",1,"KN:mil7.3.4"
"pidahitabbāni","unknown",1,"KN:mil7.3.10"
"saṃvirūhati","verb (present 3sg)",1,"KN:mil7.3.3"
"nāvālagganakaṅgapañha","unknown",1,"KN:mil7.3.6"
"rāgadosamohūmijāle","unknown",1,"KN:mil7.3.6"
"plavitabbaṃ","unknown",1,"KN:mil7.3.6"
"nāvālagganakaṅgapañho","unknown",1,"KN:mil7.3.6"
"ḍahitabbā","unknown",1,"KN:mil7.4.3"
"abhijanetvā","particle (possible sandhi)",1,"KN:mil7.4.3"
"uṇhamabhijaneti","verb (present 3sg)",1,"KN:mil7.4.3"
"saṃvejetabbaṃ","unknown",1,"KN:mil7.4.8"
"ubbejayitabbaṃ","unknown",1,"KN:mil7.4.6"
"āpaṅgapañha","unknown",1,"KN:mil7.4.2"
"āpaṅgapañho","unknown",1,"KN:mil7.4.2"
"uṭṭhahitabbaṃ","unknown",1,"KN:mil7.4.9"
"kāmasaṃhitan","unknown",1,"KN:mil7.4.9"
"rajjitabbaṃ","unknown",1,"KN:mil7.4.5"
"dussitabbaṃ","unknown",1,"KN:mil7.4.5"
"muyhanīyesu","noun (loc pl)",1,"KN:mil7.4.5"
"muyhitabbaṃ","unknown",1,"KN:mil7.4.5"
"kampitabbaṃ","unknown",1,"KN:mil7.4.5"
"calitabbaṃ","unknown",1,"KN:mil7.4.5"
"vāyuṅgapañha","unknown",1,"KN:mil7.4.4"
"ramitabbaṃ","unknown",1,"KN:mil7.4.4"
"mathayati","verb (present 3sg)",1,"KN:mil7.4.4"
"vāyuṅgapañho","unknown",1,"KN:mil7.4.4"
"anulimpitabbaṃ","unknown",1,"KN:mil7.5.5"
"āharayati","verb (present 3sg)",1,"KN:mil7.5.6"
"santussitabbaṃ","unknown",1,"KN:mil7.5.6"
"dāletabbā","unknown",1,"KN:mil7.5.10"
"odhunitabbā","unknown",1,"KN:mil7.5.10"
"vidhunitabbā","unknown",1,"KN:mil7.5.10"
"kīḷitabbā","unknown",1,"KN:mil7.5.10"
"vāhiyamāno","unknown",1,"KN:mil7.5.8"
"sampamadditabbaṃ","unknown",1,"KN:mil7.6.5"
"byapagatakukkuccena","noun (inst sg, masc -a stem)",1,"KN:mil7.6.1"
"onamitabbaṃ","unknown",1,"KN:mil7.6.1"
"vicinitabbāni","unknown",1,"KN:mil7.6.1"
"paritassitabbaṃ","unknown",1,"KN:mil7.6.1"
"peṇāhi","noun (inst pl, fem)",1,"KN:mil7.6.10"
"vilakkhaṇaṃ","unknown",1,"KN:mil7.6.9"
"uppādayitvā","particle (possible sandhi)",1,"KN:mil7.6.9"
"bhallāṭiyajātake","unknown",1,"KN:mil7.6.9"
"vimuttirasamasecanan","unknown",1,"KN:mil7.6.8"
"peṇāhikaṅgapañha","unknown",1,"KN:mil7.6.3"
"peṇāhikaṅgapañho","unknown",1,"KN:mil7.6.3"
"upanibandhitabbaṃ","unknown",1,"KN:mil7.7.8"
"abhiramitabbaṃ","unknown",1,"KN:mil7.7.8"
"missīyati","verb (present 3sg)",1,"KN:mil7.7.7"
"missitabbaṃ","unknown",1,"KN:mil7.7.7"
"laggitabbaṃ","unknown",1,"KN:mil7.7.2"
"kandarapadarasarasobbhaudapānāni","unknown",1,"KN:mil7.7.6"
"dhammameghamabhivassayitvā","particle (possible sandhi)",1,"KN:mil7.7.6"
"anulometvā","particle (possible sandhi)",1,"KN:mil7.7.10"
"jinasāsanamanulomayitvā","particle (possible sandhi)",1,"KN:mil7.7.10"
"vivādapathāni","unknown",1,"KN:mil7.7.10"
"bāḷisī","unknown",1,"KN:mil7.7.10"
"āmisappaṭisandhārena","noun (inst sg, masc -a stem)",1,"KN:mil7.7.5"
"saṇitabbaṃ","unknown",1,"KN:mil7.8.1"
"paṭihanitabbaṃ","unknown",1,"KN:mil7.8.5"
"vamitabbo","unknown",1,"KN:mil7.8.2"
"vamitabbaṃ","unknown",1,"KN:mil7.8.2"
"pidahitabbā","unknown",1,"KN:mil7.8.7"
"arahattamadhigacchatī","unknown",1,"KN:mil7.8.7"
"paññavantaṃbhipūjeyya","verb (optative)",1,"KN:mil8"
"lekhitvā","particle (possible sandhi)",1,"KN:mil8"
"abhipharaṇatā","unknown",1,"KN:mnd1"
"paridhaṃsenti","verb (present 3pl)",1,"KN:mnd1"
"taṇhāgaddūlaṃ","unknown",1,"KN:mnd1"
"dāsyaṃ","unknown",1,"KN:mnd1"
"visinitvā","particle (possible sandhi)",1,"KN:mnd1"
"lagganādhivacanan","unknown",1,"KN:mnd2"
"vichanno","unknown",1,"KN:mnd2"
"ucchanno","unknown",1,"KN:mnd2"
"duccajjā","unknown",1,"KN:mnd2"
"duppariccajjā","unknown",1,"KN:mnd2"
"pucchañchikatā","unknown",1,"KN:mnd2"
"vibaddhā","unknown",1,"KN:mnd2"
"palibaddhāti","unknown",1,"KN:mnd2"
"dhīkatapāpāti","unknown",1,"KN:mnd2"
"visucikāya","noun (dat sg)",1,"KN:mnd2"
"pakāsayitvā","particle (possible sandhi)",1,"KN:mnd3"
"avevadātā","unknown",1,"KN:mnd3"
"cāṭakasakuṇaṃ","unknown",1,"KN:mnd4"
"saṃvaccharikopi","particle (possible sandhi)",1,"KN:mnd6"
"dīpayituṃ","verb (aorist 3pl)",1,"KN:mnd6"
"yāpiṃsu","verb (aorist 3pl)",1,"KN:mnd6"
"paridayhantīti","unknown",1,"KN:mnd7"
"samādāno","unknown",1,"KN:mnd7"
"virandhamesī","unknown",1,"KN:mnd8"
"maddayitvā","particle (possible sandhi)",1,"KN:mnd8"
"onatiyā","unknown",1,"KN:mnd8"
"thambhayitvā","particle (possible sandhi)",1,"KN:mnd8"
"brūhayitvā","particle (possible sandhi)",1,"KN:mnd8"
"dīpayitvā","particle (possible sandhi)",1,"KN:mnd8"
"paṭipuriso","unknown",1,"KN:mnd8"
"āveṭhiyāya","noun (dat sg)",1,"KN:mnd8"
"nibbeṭhiyāya","noun (dat sg)",1,"KN:mnd8"
"paṭipurisā","unknown",1,"KN:mnd8"
"phassituṃ","verb (aorist 3pl)",1,"KN:mnd9"
"paṭisaṃyojeyya","verb (optative)",1,"KN:mnd9"
"paṭibaleyya","verb (optative)",1,"KN:mnd9"
"ghāṭetvā","particle (possible sandhi)",1,"KN:mnd10"
"sadveḷhako","unknown",1,"KN:mnd11"
"yaṃjātikaṃ","unknown",1,"KN:mnd11"
"yaṃpabhavanti","verb (present 3pl)",1,"KN:mnd11"
"vibhavite","unknown",1,"KN:mnd11"
"asantyā","unknown",1,"KN:mnd11"
"takkayitvā","particle (possible sandhi)",1,"KN:mnd12"
"vitakkayitvā","particle (possible sandhi)",1,"KN:mnd12"
"saṅkappayitvā","particle (possible sandhi)",1,"KN:mnd12"
"abhinibbattetvā","particle (possible sandhi)",1,"KN:mnd12"
"paminitvāti","unknown",1,"KN:mnd12"
"ugghātinigghāti","unknown",1,"KN:mnd13"
"parivisuddhiṃ","unknown",1,"KN:mnd13"
"parivimuttiṃ","unknown",1,"KN:mnd13"
"dubbinayo","unknown",1,"KN:mnd13"
"agaṇhayamāno","unknown",1,"KN:mnd14"
"parikittayi","unknown",1,"KN:mnd14"
"cakkhuloliyaṃ","unknown",1,"KN:mnd14"
"cakkhuloliyā","unknown",1,"KN:mnd14"
"dhurasampaggaho","unknown",1,"KN:mnd14"
"mukhabheruḷakaṃ","unknown",1,"KN:mnd14"
"bhijjheyyuṃ","verb (aorist 3pl)",1,"KN:mnd14"
"unnahanā","unknown",1,"KN:mnd14"
"ukkācanā","unknown",1,"KN:mnd14"
"samukkācanā","unknown",1,"KN:mnd14"
"parisaṭho","unknown",1,"KN:mnd14"
"pāribhaddako","unknown",1,"KN:mnd15"
"niggīyanti","verb (present 3pl)",1,"KN:mnd15"
"suppanā","unknown",1,"KN:mnd15"
"āsisamānasā","unknown",1,"KN:mnd15"
"kāmapalirodho","unknown",1,"KN:mnd15"
"isivātapaṭivātāni","unknown",1,"KN:mnd16"
"sambujjhitukāmassa","noun (gen sg, masc -a stem)",1,"KN:mnd16"
"phassitukāmassa","noun (gen sg, masc -a stem)",1,"KN:mnd16"
"madditabbāni","unknown",1,"KN:mnd16"
"madditabbāti","unknown",1,"KN:mnd16"
"taccariko","unknown",1,"KN:mnd16"
"mevupāyena","noun (inst sg, masc -a stem)",1,"KN:mnd16"
"nimittamupalakkhaye","unknown",1,"KN:mnd16"
"asādhā","unknown",1,"KN:ne3"
"hetumavakaḍḍhayitvā","particle (possible sandhi)",1,"KN:ne3"
"volokayate","unknown",1,"KN:ne3"
"disalocanena","noun (inst sg, masc -a stem)",1,"KN:ne3"
"saṅkalayitvā","particle (possible sandhi)",1,"KN:ne3"
"udattho","unknown",1,"KN:ne4"
"udatto","unknown",1,"KN:ne4"
"vipañcayati","verb (present 3sg)",1,"KN:ne4"
"ugghaṭanā","unknown",1,"KN:ne4"
"vipañcanā","unknown",1,"KN:ne4"
"ugghaṭīyanto","unknown",1,"KN:ne4"
"vipañcīyanto","unknown",1,"KN:ne4"
"abhilimpati","verb (present 3sg)",1,"KN:ne5"
"abhilitto","unknown",1,"KN:ne5"
"odhaso","unknown",1,"KN:ne5"
"batvādhivacanena","noun (inst sg, masc -a stem)",1,"KN:ne5"
"cittasahabhūni","unknown",1,"KN:ne5"
"visajjitabbaṃ","unknown",1,"KN:ne5"
"pavicinitabbaṃ","unknown",1,"KN:ne5"
"pavicetabbaṃ","unknown",1,"KN:ne5"
"vicetabbaṃ","unknown",1,"KN:ne6"
"kismīti","unknown",1,"KN:ne6"
"punabbhavavirohaṇalakkhaṇā","unknown",1,"KN:ne7"
"opapaccayikanibbattilakkhaṇaṃ","unknown",1,"KN:ne7"
"opapaccayikaṃ","unknown",1,"KN:ne7"
"lakkhayati","verb (present 3sg)",1,"KN:ne8"
"janapadaniruttāni","unknown",1,"KN:ne9"
"aṭṭiyitukāmā","unknown",1,"KN:ne9"
"saṃsandayitvā","particle (possible sandhi)",1,"KN:ne9"
"sampaṭivedhena","noun (inst sg, masc -a stem)",1,"KN:ne10"
"nisevitabbā","unknown",1,"KN:ne12"
"nirūḷhavaṇo","unknown",1,"KN:ne13"
"ābhaṅkaro","unknown",1,"KN:ne13"
"papātauragopamā","unknown",1,"KN:ne14"
"ekī","unknown",1,"KN:ne17"
"vilakkhaṇo","unknown",1,"KN:ne17"
"purimiko","unknown",1,"KN:ne18"
"avupacchedattho","unknown",1,"KN:ne18"
"avupacchedo","unknown",1,"KN:ne18"
"pītipharaṇo","unknown",1,"KN:ne21"
"sukhapharaṇo","unknown",1,"KN:ne21"
"cetopharaṇo","unknown",1,"KN:ne21"
"abhinibbidhā","unknown",1,"KN:ne21"
"āvārayissati","verb (present 3sg)",1,"KN:ne21"
"paripālīyatīti","unknown",1,"KN:ne25"
"padosayitvā","particle (possible sandhi)",1,"KN:ne25"
"sampaṭivedho","unknown",1,"KN:ne33"
"ummujjanimujjāni","unknown",1,"KN:ne36"
"disalocanenā","unknown",1,"KN:ne36"
"okkā","unknown",1,"KN:ne37"
"pasāsiya","adj (-iya suffix)",1,"KN:ne37"
"pūjetva","particle (possible sandhi)",1,"KN:ne37"
"vidhūtalato","unknown",1,"KN:ne37"
"okappayi","unknown",1,"KN:ne37"
"evaṃvihārīhi","unknown",1,"KN:ne37"
"balimābhihārī","unknown",1,"KN:ne37"
"addasiṃ","unknown",1,"KN:ne37"
"orūhitvāna","verb (present participle)",1,"KN:ne37"
"māvidha","unknown",1,"KN:ne37"
"viveciyamānena","noun (inst sg, masc -a stem)",1,"KN:ne37"
"vuṭṭhiveparamā","unknown",1,"KN:ne37"
"nirupadāho","unknown",1,"KN:ne37"
"kolaṅkolena","noun (inst sg, masc -a stem)",1,"KN:ne37"
"ākārāni","unknown",1,"KN:pe1"
"samudayaparijahanalakkhaṇo","unknown",1,"KN:pe1"
"santilakkhaṇo","unknown",1,"KN:pe1"
"panayati","verb (present 3sg)",1,"KN:pe1"
"pajahitabbaṃ","unknown",1,"KN:pe1"
"āsāṭakaharaṇaṃ","unknown",1,"KN:pe1"
"sañcetaniyaṃ","unknown",1,"KN:pe1"
"abhinibbānagato","unknown",1,"KN:pe1"
"cetasikañce","unknown",1,"KN:pe1"
"tamatthamaviññāpayeti","verb (present 3sg)",1,"KN:pe2"
"kammupasayānaṃ","noun (gen pl)",1,"KN:pe2"
"saṃvahati","verb (present 3sg)",1,"KN:pe2"
"abhinīhitāni","unknown",1,"KN:pe2"
"tadupanibbaddhaṃ","unknown",1,"KN:pe2"
"asituṃ","verb (aorist 3pl)",1,"KN:pe2"
"paññapiyati","verb (present 3sg)",1,"KN:pe2"
"anajjhābhāvo","unknown",1,"KN:pe2"
"mānayi","unknown",1,"KN:pe2"
"nipīḷiyati","verb (present 3sg)",1,"KN:pe2"
"upaccāpi","particle (possible sandhi)",1,"KN:pe2"
"isivutthapuririkāmaekarakkhe","unknown",1,"KN:pe2"
"sannipalāso","unknown",1,"KN:pe2"
"vipaccagā","unknown",1,"KN:pe2"
"pubbuḷo","unknown",1,"KN:pe2"
"ussīdanaṃ","unknown",1,"KN:pe2"
"vicālaye","unknown",1,"KN:pe2"
"anabhilāpanaṃ","unknown",1,"KN:pe3"
"ārādhiko","unknown",1,"KN:pe3"
"upaparikkhiyati","verb (present 3sg)",1,"KN:pe4"
"samannehamāno","unknown",1,"KN:pe4"
"uttilo","unknown",1,"KN:pe4"
"vicinitabbā","unknown",1,"KN:pe4"
"aparipakkhitabbā","unknown",1,"KN:pe4"
"upadisiyati","verb (present 3sg)",1,"KN:pe4"
"apakaḍḍhitabbo","unknown",1,"KN:pe4"
"apakaḍḍhiyamāno","unknown",1,"KN:pe4"
"pajahitabbā","unknown",1,"KN:pe4"
"thapanā","unknown",1,"KN:pe4"
"desanāthapanā","unknown",1,"KN:pe4"
"yujjanaṃ","unknown",1,"KN:pe4"
"uddhambhāgiyesu","noun (loc pl)",1,"KN:pe4"
"vāsanāsaddhi","unknown",1,"KN:pe4"
"sopādisesanibbānadhātuṃ","verb (aorist 3pl)",1,"KN:pe5"
"maggitabbā","unknown",1,"KN:pe5"
"sattabyākaraṇīsu","unknown",1,"KN:pe5"
"nānāsu","noun (loc pl, fem)",1,"KN:pe5"
"odapanā","unknown",1,"KN:pe5"
"vipurisādhivacanakusalo","unknown",1,"KN:pe5"
"vipurisādhivacanena","noun (inst sg, masc -a stem)",1,"KN:pe5"
"pāpintave","infinitive",1,"KN:pe5"
"evameti","verb (present 3sg)",1,"KN:pe5"
"mekadese","unknown",1,"KN:pe5"
"tadupadhāritabbaṃ","unknown",1,"KN:pe5"
"upalabbhituṃ","verb (aorist 3pl)",1,"KN:pe5"
"osaggassa","noun (gen sg, masc -a stem)",1,"KN:pe5"
"atiyanaṃ","unknown",1,"KN:pe5"
"avamāni","unknown",1,"KN:pe5"
"sevasati","verb (present 3sg)",1,"KN:pe5"
"bhavaapevirittā","unknown",1,"KN:pe5"
"abhicchedo","unknown",1,"KN:pe5"
"avecchedo","unknown",1,"KN:pe5"
"nivāṭassesu","noun (loc pl)",1,"KN:pe5"
"anupullanā","unknown",1,"KN:pe5"
"sampalibodho","unknown",1,"KN:pe5"
"paṭisandehati","verb (present 3sg)",1,"KN:pe5"
"upaghaṭakā","unknown",1,"KN:pe5"
"upaghaṭanā","unknown",1,"KN:pe5"
"nivessayati","verb (present 3sg)",1,"KN:pe5"
"vavacchinnā","unknown",1,"KN:pe6"
"anavapariyattho","unknown",1,"KN:pe6"
"hīyanā","unknown",1,"KN:pe6"
"pahīyanā","unknown",1,"KN:pe6"
"vipallāsitaṃ","unknown",1,"KN:pe6"
"pariggāhanā","unknown",1,"KN:pe6"
"paricitanā","unknown",1,"KN:pe6"
"viiti","unknown",1,"KN:pe6"
"yaṃdhātuko","unknown",1,"KN:pe6"
"anaghāto","unknown",1,"KN:pe6"
"sampamāde","unknown",1,"KN:pe6"
"vippaṭicchannā","unknown",1,"KN:pe6"
"sūrāapaṭikkhepanalakkhaṇaṃ","unknown",1,"KN:pe6"
"diṭṭhirūpanā","unknown",1,"KN:pe6"
"upanibandhetvā","particle (possible sandhi)",1,"KN:pe6"
"jīvitindriyāparodhā","unknown",1,"KN:pe6"
"alañcanā","unknown",1,"KN:pe6"
"vilañcanā","unknown",1,"KN:pe6"
"vivaṭṭaṭṭho","unknown",1,"KN:pe6"
"parividaṭṭho","unknown",1,"KN:pe6"
"ariyapuggalāni","unknown",1,"KN:pe7"
"nikkhipetvā","particle (possible sandhi)",1,"KN:pe7"
"anupālati","verb (present 3sg)",1,"KN:pe7"
"daraṇitabbaṃ","unknown",1,"KN:pe7"
"ojahi","unknown",1,"KN:pe7"
"abhinisābhūmi","unknown",1,"KN:pe8"
"asodhayaṃ","unknown",1,"KN:pe8"
"dukkhopaniyaṃ","unknown",1,"KN:pe8"
"vokirati","verb (present 3sg)",1,"KN:pe8"
"niparicito","unknown",1,"KN:pe8"
"appaṭisambhāre","unknown",1,"KN:pe8"
"mahāsaṃvāsamappīḷite","unknown",1,"KN:pe8"
"palirodhamappalirodhalokasannivāse","unknown",1,"KN:pe8"
"upekkhāpalipubbāparanimittāsayo","unknown",1,"KN:pe8"
"dhāvarā","unknown",1,"KN:pe8"
"khiyanā","unknown",1,"KN:pe8"
"kasathamīti","unknown",1,"KN:pe8"
"kadāsu","noun (loc pl, fem)",1,"KN:pe8"
"ārammaṇiyaṃ","unknown",1,"KN:pe8"
"assādiyākindriyaṃ","unknown",1,"KN:pe8"
"sampajāyamānā","unknown",1,"KN:pe8"
"yatikena","noun (inst sg, masc -a stem)",1,"KN:pe8"
"paṭiyujjhante","unknown",1,"KN:pe8"
"anabhāvaṅgatena","noun (inst sg, masc -a stem)",1,"KN:pe8"
"niyuttatthamabhilabbhanti","verb (present 3pl)",1,"KN:pe8"
"aniyamītipemena","noun (inst sg, masc -a stem)",1,"KN:pe8"
"sopaniyāhārīni","unknown",1,"KN:pe8"
"paṭissarato","unknown",1,"KN:pe8"
"pāripūreti","verb (present 3sg)",1,"KN:pe8"
"anavamaggo","unknown",1,"KN:pe8"
"imissāya","noun (dat sg)",1,"KN:pe8"
"nirūpaṃ","unknown",1,"KN:pe8"
"vūpagatā","unknown",1,"KN:pe8"
"vippaṭijānāti","unknown",1,"KN:pe8"
"pajāni","unknown",1,"KN:pe8"
"āsitāya","noun (dat sg)",1,"KN:pe8"
"purisametakaṃ","unknown",1,"KN:pe8"
"kittini","unknown",1,"KN:pe8"
"khaṇḍakādichinnakādino","unknown",1,"KN:pe8"
"nādhivāsiyati","verb (present 3sg)",1,"KN:pe8"
"viddhaṃsiyati","verb (present 3sg)",1,"KN:pe8"
"adhivāsiyati","verb (present 3sg)",1,"KN:pe8"
"samucchitabbo","unknown",1,"KN:pe8"
"ativassiyati","verb (present 3sg)",1,"KN:pe8"
"avaguṇantaṃ","unknown",1,"KN:pe8"
"parodhaṃ","unknown",1,"KN:pe8"
"vopasaggā","unknown",1,"KN:pe8"
"pariggahituṃ","verb (aorist 3pl)",1,"KN:pe8"
"sannitvā","particle (possible sandhi)",1,"KN:pe8"
"tamaparamo","unknown",1,"KN:pe8"
"saṃyogī","unknown",1,"KN:pe8"
"paripañhayati","verb (present 3sg)",1,"KN:pe8"
"sampaṭipajjanto","unknown",1,"KN:pe8"
"abhilapati","verb (present 3sg)",1,"KN:pe8"
"gandhaparivāto","unknown",1,"KN:pe8"
"nāsīsanaṃ","unknown",1,"KN:pe8"
"kāmakaraṇīyo","unknown",1,"KN:pe8"
"āgāre","unknown",1,"KN:pe8"
"aṇḍagatā","unknown",1,"KN:pe8"
"bāhikā","unknown",1,"KN:pe8"
"abhimānikā","unknown",1,"KN:pe8"
"viciniyati","verb (present 3sg)",1,"KN:pe8"
"viciyantaṃ","unknown",1,"KN:pe8"
"yañcetayitaṃ","unknown",1,"KN:pe8"
"nāyujjatīti","unknown",1,"KN:pe8"
"vevacanoti","verb (present 3sg)",1,"KN:pe8"
"yuñjituṃ","verb (aorist 3pl)",1,"KN:pe8"
"ghaṭituṃ","verb (aorist 3pl)",1,"KN:pe8"
"sukhaavipākinī","unknown",1,"KN:pe8"
"mākari","unknown",1,"KN:pe8"
"tepissa","unknown",1,"KN:pe8"
"āloketvāna","verb (present participle)",1,"KN:pe9"
"avikosanā","unknown",1,"KN:pe9"
"avikkhepanā","unknown",1,"KN:pe9"
"paṭibodhanaṭṭho","unknown",1,"KN:ps1.1"
"paṭijotanaṭṭho","unknown",1,"KN:ps1.1"
"āyāsanā","unknown",1,"KN:ps1.1"
"ekavavatthanā","unknown",1,"KN:ps1.1"
"niuddhaccā","unknown",1,"KN:ps1.1"
"dvattiṃsatimo","unknown",1,"KN:ps1.1"
"upekkhindriyasamuṭṭhitan","unknown",1,"KN:ps1.1"
"tesaṭṭhimo","unknown",1,"KN:ps1.1"
"sattasaṭṭhimo","unknown",1,"KN:ps1.1"
"aṭṭhasaṭṭhimo","unknown",1,"KN:ps1.1"
"navasaṭṭhimo","unknown",1,"KN:ps1.1"
"sattatimo","unknown",1,"KN:ps1.1"
"upādīyati","verb (present 3sg)",1,"KN:ps1.1"
"ekasattatimo","unknown",1,"KN:ps1.1"
"uducitaṃ","unknown",1,"KN:ps1.3"
"paccaladdhu","unknown",1,"KN:ps1.8"
"paṭibodhentīti","unknown",1,"KN:ps2.3"
"paṭijotanaṭṭhaṃ","unknown",1,"KN:ps2.3"
"gaṇabāhuliko","unknown",1,"KN:ps3.1"
"cīvarabāhuliko","unknown",1,"KN:ps3.1"
"pattabāhuliko","unknown",1,"KN:ps3.1"
"parijappetvā","particle (possible sandhi)",1,"KN:ps3.2"
"paṭipūjiya","adj (-iya suffix)",1,"KN:pv1"
"nhāpayitvāna","verb (present participle)",1,"KN:pv10"
"virādhāya","noun (dat sg)",1,"KN:pv11"
"vidicca","particle (possible sandhi)",1,"KN:pv11"
"upphāsuliko","unknown",1,"KN:pv19"
"kisiko","unknown",1,"KN:pv19"
"yaṃtumassa","noun (gen sg, masc -a stem)",1,"KN:pv21"
"sūdāni","unknown",1,"KN:pv21"
"paccānayitvāna","verb (present participle)",1,"KN:pv23"
"sogandhiyā","unknown",1,"KN:pv24"
"bhāsisaṃ","unknown",1,"KN:pv24"
"bahubhāsasī","unknown",1,"KN:pv25"
"ābhāvetvā","particle (possible sandhi)",1,"KN:pv25"
"mocakaṃ","unknown",1,"KN:pv25"
"sātunnavasanā","unknown",1,"KN:pv26"
"viññāpayī","unknown",1,"KN:pv27"
"paṭidassayuṃ","verb (aorist 3pl)",1,"KN:pv27"
"māgamuṃ","verb (aorist 3pl)",1,"KN:pv27"
"moditun","unknown",1,"KN:pv28"
"mīḷaṃ","unknown",1,"KN:pv29"
"palihiṃsu","verb (aorist 3pl)",1,"KN:pv30"
"pavinodayitvā","particle (possible sandhi)",1,"KN:pv30"
"kiriṭī","unknown",1,"KN:pv34"
"kujjhitabban","unknown",1,"KN:pv36"
"muḷhassa","noun (gen sg, masc -a stem)",1,"KN:pv36"
"avedayitvā","particle (possible sandhi)",1,"KN:pv36"
"lakkho","unknown",1,"KN:pv38"
"kāmakāmīhaṃ","unknown",1,"KN:pv38"
"nirayadassanāyā","unknown",1,"KN:pv39"
"mathaye","unknown",1,"KN:pv42"
"vedayitvā","particle (possible sandhi)",1,"KN:pv42"
"upphāsulikā","unknown",1,"KN:pv45"
"paṭikirāma","verb (present 1pl)",1,"KN:pv45"
"māpamajjathā","unknown",1,"KN:pv48"
"dujjīvitamajīvamha","unknown",1,"KN:pv50"
"ñatva","particle (possible sandhi)",1,"KN:snp1.1"
"asucibhāvamassitā","unknown",1,"KN:snp2.2"
"vitatāvane","unknown",1,"KN:snp2.5"
"yathākammupage","unknown",1,"KN:snp3.8"
"nighosaṃ","unknown",1,"KN:snp3.11"
"mariyehi","noun (inst pl)",1,"KN:snp3.12"
"vissajessati","verb (present 3sg)",1,"KN:snp5.1"
"purimāhissatiṃ","unknown",1,"KN:snp5.1"
"samohatesu","noun (loc pl)",1,"KN:snp5.7"
"olokamayā","unknown",1,"KN:tha-ap1"
"sampītaṃ","unknown",1,"KN:tha-ap1"
"kampalā","unknown",1,"KN:tha-ap1"
"paṇḍupāvurā","unknown",1,"KN:tha-ap1"
"vicittamalyavitatā","unknown",1,"KN:tha-ap1"
"yettha","verb (aorist 3sg)",1,"KN:tha-ap1"
"abhibbhavitvā","particle (possible sandhi)",1,"KN:tha-ap2"
"āsevayitvā","particle (possible sandhi)",1,"KN:tha-ap2"
"vijjalantā","unknown",1,"KN:tha-ap2"
"lokasudakkhiṇeyyā","unknown",1,"KN:tha-ap2"
"vaggaḷā","unknown",1,"KN:tha-ap3"
"abhilambantā","unknown",1,"KN:tha-ap3"
"kandali","unknown",1,"KN:tha-ap3"
"godhukā","unknown",1,"KN:tha-ap3"
"uddhālakā","unknown",1,"KN:tha-ap3"
"kadalimātuluṅgiyo","unknown",1,"KN:tha-ap3"
"mulāḷiyo","unknown",1,"KN:tha-ap3"
"siṅghāṭipattamākiṇṇā","unknown",1,"KN:tha-ap3"
"uttalī","unknown",1,"KN:tha-ap3"
"saṅgulā","unknown",1,"KN:tha-ap3"
"maggurā","unknown",1,"KN:tha-ap3"
"oguhā","unknown",1,"KN:tha-ap3"
"poṭṭhasīsā","unknown",1,"KN:tha-ap3"
"biḷālītakkaḷāni","unknown",1,"KN:tha-ap3"
"ajjhogahiṃ","unknown",1,"KN:tha-ap3"
"phālaye","unknown",1,"KN:tha-ap3"
"sañcuṇṇā","unknown",1,"KN:tha-ap3"
"sañcuṇṇāva","particle (possible sandhi)",1,"KN:tha-ap3"
"sampamaddāmi","verb (present 1sg)",1,"KN:tha-ap3"
"ussīsamhi","noun (loc sg, masc -a stem)",1,"KN:tha-ap3"
"tūresu","noun (loc pl)",1,"KN:tha-ap4"
"tūrāni","unknown",1,"KN:tha-ap4"
"vajjayuṃ","verb (aorist 3pl)",1,"KN:tha-ap4"
"sampabujjhatha","unknown",1,"KN:tha-ap4"
"paghaṭṭenti","verb (present 3pl)",1,"KN:tha-ap5"
"pupphehacchādayī","unknown",1,"KN:tha-ap8"
"tūrasahassāni","unknown",1,"KN:tha-ap8"
"vikkhālayiṃ","unknown",1,"KN:tha-ap8"
"tāvadūraphale","unknown",1,"KN:tha-ap8"
"āsāvatiṃ","unknown",1,"KN:tha-ap8"
"vijanayiṃ","unknown",1,"KN:tha-ap8"
"siṅghāṭaṃ","unknown",1,"KN:tha-ap8"
"porohicco","unknown",1,"KN:tha-ap8"
"pamesi","unknown",1,"KN:tha-ap8"
"sayambhumasādayiṃ","unknown",1,"KN:tha-ap8"
"āsādito","unknown",1,"KN:tha-ap8"
"sumekhalo","unknown",1,"KN:tha-ap8"
"avirodhiyā","unknown",1,"KN:tha-ap8"
"virodhiyā","unknown",1,"KN:tha-ap8"
"vācāsabhimudīrihaṃ","unknown",1,"KN:tha-ap9"
"ārūhi","unknown",1,"KN:tha-ap11"
"nāvasaṇṭhitaṃ","unknown",1,"KN:tha-ap11"
"ekatthambhikattheraapadāna","verb (present participle)",1,"KN:tha-ap14"
"ekatthambhiko","unknown",1,"KN:tha-ap14"
"upacelā","unknown",1,"KN:tha-ap15"
"pasobhito","unknown",1,"KN:tha-ap20"
"ussīsanti","verb (present 3pl)",1,"KN:tha-ap24"
"paṭimokkhāmi","verb (present 1sg)",1,"KN:tha-ap25"
"agopayiṃ","unknown",1,"KN:tha-ap25"
"parigopiya","adj (-iya suffix)",1,"KN:tha-ap25"
"pañcasīlasamādāniyattheraapadāna","verb (present participle)",1,"KN:tha-ap26"
"abhināmetvā","particle (possible sandhi)",1,"KN:tha-ap27"
"pulino","unknown",1,"KN:tha-ap32"
"kadalīkaṇṇiṃ","unknown",1,"KN:tha-ap33"
"ekādasañcakkhattuṃ","verb (aorist 3pl)",1,"KN:tha-ap33"
"gāhayī","unknown",1,"KN:tha-ap33"
"suvaṇṇenābhilepayiṃ","unknown",1,"KN:tha-ap35"
"samparivuto","unknown",1,"KN:tha-ap37"
"cakkhūsi","unknown",1,"KN:tha-ap37"
"catuddasañcakkhattuṃ","verb (aorist 3pl)",1,"KN:tha-ap37"
"udakehaṃ","unknown",1,"KN:tha-ap40"
"dhammacakkikattheraapadāna","verb (present participle)",1,"KN:tha-ap41"
"dhammacakkikattherassāpadānaṃ","noun (gen pl)",1,"KN:tha-ap41"
"lasuṇado","unknown",1,"KN:tha-ap42"
"āyāgī","unknown",1,"KN:tha-ap42"
"kapparukkhī","unknown",1,"KN:tha-ap42"
"paṭisallituṃ","verb (aorist 3pl)",1,"KN:tha-ap43"
"abhināmayiṃ","unknown",1,"KN:tha-ap45"
"uggamī","unknown",1,"KN:tha-ap49"
"sopagato","unknown",1,"KN:tha-ap51"
"kārayitvāna","verb (present participle)",1,"KN:tha-ap52"
"pupphagghiyamupānayiṃ","unknown",1,"KN:tha-ap52"
"ohiya","adj (-iya suffix)",1,"KN:tha-ap52"
"mahāsamuddovakkhubbho","unknown",1,"KN:tha-ap54"
"asanabodhiyattheraapadāna","verb (present participle)",1,"KN:tha-ap62"
"avopupphiyattheraapadāna","verb (present participle)",1,"KN:tha-ap64"
"avopupphiyo","unknown",1,"KN:tha-ap64"
"avopupphiyattherassāpadānaṃ","noun (gen pl)",1,"KN:tha-ap64"
"anilañjasāsaṅkhubbho","unknown",1,"KN:tha-ap66"
"pupphacaṅkoṭiyattheraapadāna","verb (present participle)",1,"KN:tha-ap72"
"pupphacaṅkoṭiyo","unknown",1,"KN:tha-ap72"
"pupphacaṅkoṭiyattherassāpadānaṃ","noun (gen pl)",1,"KN:tha-ap72"
"avopupphī","unknown",1,"KN:tha-ap72"
"parappasādī","unknown",1,"KN:tha-ap72"
"pupphacaṅkoṭakīpi","particle (possible sandhi)",1,"KN:tha-ap72"
"bhisāluvañca","particle (possible sandhi)",1,"KN:tha-ap76"
"ṭhitañjaliyattheraapadāna","verb (present participle)",1,"KN:tha-ap81"
"tipadumiyattheraapadāna","verb (present participle)",1,"KN:tha-ap82"
"upanitehi","noun (inst pl)",1,"KN:tha-ap82"
"sampavattayuṃ","verb (aorist 3pl)",1,"KN:tha-ap82"
"tisampadā","unknown",1,"KN:tha-ap82"
"tipadumānidaṃ","unknown",1,"KN:tha-ap82"
"tipadumiyo","unknown",1,"KN:tha-ap82"
"tipadumiyattherassāpadānaṃ","noun (gen pl)",1,"KN:tha-ap82"
"tipadumī","unknown",1,"KN:tha-ap82"
"adhopupphiyattheraapadāna","verb (present participle)",1,"KN:tha-ap86"
"adhivatthayiṃ","unknown",1,"KN:tha-ap86"
"ukkuṭī","unknown",1,"KN:tha-ap87"
"bodhimabhisiñcayiṃ","unknown",1,"KN:tha-ap91"
"padumapupphiyattheraapadāna","verb (present participle)",1,"KN:tha-ap92"
"aṭṭhatālīsamāsisuṃ","verb (aorist 3pl)",1,"KN:tha-ap92"
"timiranaṅgalīpuppha","unknown",1,"KN:tha-ap92"
"nippannañjaliko","unknown",1,"KN:tha-ap92"
"secako","unknown",1,"KN:tha-ap92"
"sudhāpiṇḍiyattheraapadāna","verb (present participle)",1,"KN:tha-ap93"
"uparuci","unknown",1,"KN:tha-ap94"
"gandhamāliyattheraapadāna","verb (present participle)",1,"KN:tha-ap97"
"muṭṭhipupphiyattheraapadāna","verb (present participle)",1,"KN:tha-ap107"
"āsanupaṭṭhāhakattheraapadāna","verb (present participle)",1,"KN:tha-ap110"
"kalambāni","unknown",1,"KN:tha-ap111"
"biḷālitakkalāni","unknown",1,"KN:tha-ap111"
"sumekhaliyasavhayo","unknown",1,"KN:tha-ap111"
"udakado","unknown",1,"KN:tha-ap112"
"ekāsaniyattheraapadāna","verb (present participle)",1,"KN:tha-ap116"
"suvaṇṇapupphiyattheraapadāna","verb (present participle)",1,"KN:tha-ap117"
"tetālīse","unknown",1,"KN:tha-ap117"
"saraṇāsanapupphiyā","unknown",1,"KN:tha-ap122"
"sereyyakattheraapadāna","verb (present participle)",1,"KN:tha-ap123"
"sereyyakaṃ","unknown",1,"KN:tha-ap123"
"sereyyakattherassāpadānaṃ","noun (gen pl)",1,"KN:tha-ap123"
"vāsayituṃ","verb (aorist 3pl)",1,"KN:tha-ap124"
"nibbāpayiñca","particle (possible sandhi)",1,"KN:tha-ap127"
"sandayuṃ","verb (aorist 3pl)",1,"KN:tha-ap127"
"jotayuṃ","verb (aorist 3pl)",1,"KN:tha-ap127"
"vilokayi","unknown",1,"KN:tha-ap127"
"saṃvejayitvā","particle (possible sandhi)",1,"KN:tha-ap127"
"agginibbāpano","unknown",1,"KN:tha-ap127"
"vilokano","unknown",1,"KN:tha-ap127"
"gaṇṭhipupphiyattheraapadāna","verb (present participle)",1,"KN:tha-ap131"
"sereyyavaggo","noun (chapter title)",1,"KN:tha-ap132"
"pupphathūpi","particle (possible sandhi)",1,"KN:tha-ap132"
"pilakkhu","unknown",1,"KN:tha-ap134"
"abhipūjemi","verb (present 1sg)",1,"KN:tha-ap134"
"rohaṇī","unknown",1,"KN:tha-ap135"
"ekapasādī","unknown",1,"KN:tha-ap142"
"atichattiyattheraapadāna","verb (present participle)",1,"KN:tha-ap143"
"vaṭaṃsakiyattheraapadāna","verb (present participle)",1,"KN:tha-ap151"
"parivārumapupphiyo","unknown",1,"KN:tha-ap152"
"tambapupphiyattheraapadāna","verb (present participle)",1,"KN:tha-ap154"
"kukuttho","unknown",1,"KN:tha-ap162"
"kaṇaverapupphiyattheraapadāna","verb (present participle)",1,"KN:tha-ap164"
"yamicchakaṃ","unknown",1,"KN:tha-ap165"
"kaṇikārachattiyattheraapadāna","verb (present participle)",1,"KN:tha-ap167"
"ogāhayi","unknown",1,"KN:tha-ap167"
"yūthikamādāya","noun (dat sg)",1,"KN:tha-ap169"
"samādayiṃ","unknown",1,"KN:tha-ap171"
"pañcaṅguliyattheraapadāna","verb (present participle)",1,"KN:tha-ap172"
"supāricari","unknown",1,"KN:tha-ap172"
"rattipupphiyattheraapadāna","verb (present participle)",1,"KN:tha-ap175"
"udapānado","unknown",1,"KN:tha-ap182"
"maṇippado","unknown",1,"KN:tha-ap182"
"saṃvitthatasamotthataṃ","unknown",1,"KN:tha-ap183"
"koṭumbariyattheraapadāna","verb (present participle)",1,"KN:tha-ap185"
"koṭumbarasamākulaṃ","unknown",1,"KN:tha-ap185"
"koṭumbariyo","unknown",1,"KN:tha-ap185"
"koṭumbariyattherassāpadānaṃ","noun (gen pl)",1,"KN:tha-ap185"
"isimuggadāyakattheraapadāna","verb (present participle)",1,"KN:tha-ap187"
"isimuggasanāmā","unknown",1,"KN:tha-ap187"
"tikaṇṇipupphiyattheraapadāna","verb (present participle)",1,"KN:tha-ap190"
"tikaṇṇipupphaṃ","unknown",1,"KN:tha-ap190"
"tikaṇṇipupphiyo","unknown",1,"KN:tha-ap190"
"tikaṇṇipupphiyattherassāpadānaṃ","noun (gen pl)",1,"KN:tha-ap190"
"tivaṇṭipupphiyattheraapadāna","verb (present participle)",1,"KN:tha-ap192"
"tivaṇṭipupphiyo","unknown",1,"KN:tha-ap192"
"tivaṇṭipupphiyattherassāpadānaṃ","noun (gen pl)",1,"KN:tha-ap192"
"koṭumbarikahatthiyo","unknown",1,"KN:tha-ap192"
"tikaṇṇiko","unknown",1,"KN:tha-ap192"
"tivaṇṭi","unknown",1,"KN:tha-ap192"
"tamālapupphiyattheraapadāna","verb (present participle)",1,"KN:tha-ap193"
"khaṇḍaphulliyattheraapadāna","verb (present participle)",1,"KN:tha-ap195"
"khaṇḍaphulliyo","unknown",1,"KN:tha-ap195"
"khaṇḍaphulliyattherassāpadānaṃ","noun (gen pl)",1,"KN:tha-ap195"
"aṅkolakattheraapadāna","verb (present participle)",1,"KN:tha-ap197"
"āseko","unknown",1,"KN:tha-ap197"
"virohano","unknown",1,"KN:tha-ap198"
"kiṅkaṇikapupphiyattheraapadāna","verb (present participle)",1,"KN:tha-ap201"
"chaḷāsītimhito","unknown",1,"KN:tha-ap201"
"yūthikaṃ","unknown",1,"KN:tha-ap202"
"khaṇḍaphulli","unknown",1,"KN:tha-ap202"
"sereyyo","unknown",1,"KN:tha-ap202"
"gāthāni","unknown",1,"KN:tha-ap202"
"kaṇikārapupphiyattheraapadāna","verb (present participle)",1,"KN:tha-ap203"
"minelapupphiyattheraapadāna","verb (present participle)",1,"KN:tha-ap204"
"minelapupphiyattherassāpadānaṃ","noun (gen pl)",1,"KN:tha-ap204"
"kiṅkaṇipupphiyattheraapadāna","verb (present participle)",1,"KN:tha-ap205"
"dahamoggayha","unknown",1,"KN:tha-ap205"
"sināyi","unknown",1,"KN:tha-ap205"
"uttārayiṃ","unknown",1,"KN:tha-ap206"
"salalamāliyattheraapadāna","verb (present participle)",1,"KN:tha-ap209"
"salalamāliyo","unknown",1,"KN:tha-ap209"
"salalamāliyattherassāpadānaṃ","noun (gen pl)",1,"KN:tha-ap209"
"dakado","unknown",1,"KN:tha-ap212"
"salalo","unknown",1,"KN:tha-ap212"
"madadiṃ","unknown",1,"KN:tha-ap213"
"abhināmesahaṃ","unknown",1,"KN:tha-ap221"
"pāpanivārī","unknown",1,"KN:tha-ap222"
"nipuṇavedanī","unknown",1,"KN:tha-ap225"
"sovaṇṇavaṭaṃsakiyattheraapadāna","verb (present participle)",1,"KN:tha-ap229"
"miñjavaṭaṃsakiyattheraapadāna","verb (present participle)",1,"KN:tha-ap230"
"sukatāveḷiyattheraapadāna","verb (present participle)",1,"KN:tha-ap231"
"sukatāveḷiyo","unknown",1,"KN:tha-ap231"
"sukatāveḷiyattherassāpadānaṃ","noun (gen pl)",1,"KN:tha-ap231"
"sālapupphiyattheraapadāna","verb (present participle)",1,"KN:tha-ap235"
"piyālapupphiyattheraapadāna","verb (present participle)",1,"KN:tha-ap239"
"piyālaṃ","unknown",1,"KN:tha-ap239"
"piyālapupphiyo","unknown",1,"KN:tha-ap239"
"piyālapupphiyattherassāpadānaṃ","noun (gen pl)",1,"KN:tha-ap239"
"piyālaambayāgado","unknown",1,"KN:tha-ap242"
"tuvaradāyakattheraapadāna","verb (present participle)",1,"KN:tha-ap243"
"tuvaramādāya","noun (dat sg)",1,"KN:tha-ap243"
"tuvarassa","noun (gen sg, masc -a stem)",1,"KN:tha-ap243"
"tuvaradāyako","unknown",1,"KN:tha-ap243"
"tuvaradāyakattherassāpadānaṃ","noun (gen pl)",1,"KN:tha-ap243"
"naḷinakesariyattheraapadāna","verb (present participle)",1,"KN:tha-ap245"
"naḷinakesariyo","unknown",1,"KN:tha-ap245"
"naḷinakesariyattherassāpadānaṃ","noun (gen pl)",1,"KN:tha-ap245"
"viravapupphiyattheraapadāna","verb (present participle)",1,"KN:tha-ap246"
"sattalipupphapūjakattheraapadāna","verb (present participle)",1,"KN:tha-ap250"
"sattalipupphāni","unknown",1,"KN:tha-ap250"
"sattalipupphapūjako","unknown",1,"KN:tha-ap250"
"sattalipupphapūjakattherassāpadānaṃ","noun (gen pl)",1,"KN:tha-ap250"
"kiñjakesarā","unknown",1,"KN:tha-ap251"
"tuvaradāyakavaggo","noun (chapter title)",1,"KN:tha-ap252"
"tuvaranāganaḷinā","unknown",1,"KN:tha-ap252"
"dhātusattaliyo","unknown",1,"KN:tha-ap252"
"ticampakapupphiyattheraapadāna","verb (present participle)",1,"KN:tha-ap256"
"ticampakapupphiyo","unknown",1,"KN:tha-ap256"
"ticampakapupphiyattherassāpadānaṃ","noun (gen pl)",1,"KN:tha-ap256"
"sadatthiyo","unknown",1,"KN:tha-ap260"
"aggapupphiyattheraapadāna","verb (present participle)",1,"KN:tha-ap262"
"thomakavaggo","noun (chapter title)",1,"KN:tha-ap262"
"thomakekāsanacitakaṃ","unknown",1,"KN:tha-ap262"
"makkhayiṃ","unknown",1,"KN:tha-ap264"
"aḍḍhacandiyattheraapadāna","verb (present participle)",1,"KN:tha-ap265"
"heṭhasīlo","unknown",1,"KN:tha-ap271"
"biḷālido","unknown",1,"KN:tha-ap272"
"saḷalado","unknown",1,"KN:tha-ap272"
"suvaṇṇabibbohaniyattheraapadāna","verb (present participle)",1,"KN:tha-ap273"
"suvaṇṇabibbohaniyo","unknown",1,"KN:tha-ap273"
"suvaṇṇabibbohaniyattherassāpadānaṃ","noun (gen pl)",1,"KN:tha-ap273"
"caṅkoṭakiyattheraapadāna","verb (present participle)",1,"KN:tha-ap275"
"caṅkoṭakiyo","unknown",1,"KN:tha-ap275"
"caṅkoṭakiyattherassāpadānaṃ","noun (gen pl)",1,"KN:tha-ap275"
"potthadānaṃ","noun (gen pl)",1,"KN:tha-ap278"
"potthadānassidaṃ","unknown",1,"KN:tha-ap278"
"āluvaṃ","unknown",1,"KN:tha-ap280"
"caṅkoṭabbhañjanañjalī","unknown",1,"KN:tha-ap282"
"ekajjho","unknown",1,"KN:tha-ap284"
"ekapupphiyattheraapadāna","verb (present participle)",1,"KN:tha-ap286"
"kittayiṃhaṃ","unknown",1,"KN:tha-ap289"
"veṭambhinīti","unknown",1,"KN:tha-ap291"
"upasālakanāmohaṃ","unknown",1,"KN:tha-ap299"
"desamabhikittayiṃ","unknown",1,"KN:tha-ap299"
"desakittako","unknown",1,"KN:tha-ap299"
"upāsitvāna","verb (present participle)",1,"KN:tha-ap300"
"tuvaraṃ","unknown",1,"KN:tha-ap302"
"paṇṇado","unknown",1,"KN:tha-ap302"
"abhināmesiṃ","unknown",1,"KN:tha-ap309"
"sattapadumiyattheraapadāna","verb (present participle)",1,"KN:tha-ap316"
"paccuggamitvāna","verb (present participle)",1,"KN:tha-ap317"
"kandalipupphiyattheraapadāna","verb (present participle)",1,"KN:tha-ap321"
"kandalipupphāni","unknown",1,"KN:tha-ap321"
"kandalipupphiyo","unknown",1,"KN:tha-ap321"
"ārakkhado","unknown",1,"KN:tha-ap322"
"santhaviko","unknown",1,"KN:tha-ap322"
"kumudī","unknown",1,"KN:tha-ap322"
"parivaṇṇesiṃ","unknown",1,"KN:tha-ap324"
"yamasiñcahaṃ","unknown",1,"KN:tha-ap324"
"sumanāveḷiyattheraapadāna","verb (present participle)",1,"KN:tha-ap330"
"sumanāveḷiyo","unknown",1,"KN:tha-ap330"
"sumanāveḷiyattherassāpadānaṃ","noun (gen pl)",1,"KN:tha-ap330"
"pupphacchattiyattheraapadāna","verb (present participle)",1,"KN:tha-ap331"
"bāttiṃsakkhattuñca","particle (possible sandhi)",1,"KN:tha-ap332"
"abhivandituṃ","verb (aorist 3pl)",1,"KN:tha-ap338"
"dhammasavanaṃ","unknown",1,"KN:tha-ap341"
"ukkhittapadumiyattheraapadāna","verb (present participle)",1,"KN:tha-ap342"
"ekapadumiyattheraapadāna","verb (present participle)",1,"KN:tha-ap343"
"abhiropetvā","particle (possible sandhi)",1,"KN:tha-ap344"
"tikiṅkaṇipūjakattheraapadāna","verb (present participle)",1,"KN:tha-ap346"
"vilaggitaṃ","unknown",1,"KN:tha-ap346"
"tikiṅkaṇipūjako","unknown",1,"KN:tha-ap346"
"tikiṅkaṇipūjakattherassāpadānaṃ","noun (gen pl)",1,"KN:tha-ap346"
"jāpalo","unknown",1,"KN:tha-ap348"
"ekañjaliyattheraapadāna","verb (present participle)",1,"KN:tha-ap352"
"añjaliyā","unknown",1,"KN:tha-ap352"
"tindukekañjalī","unknown",1,"KN:tha-ap352"
"sakosakakoraṇḍadāyakattheraapadāna","verb (present participle)",1,"KN:tha-ap356"
"sakosakakoraṇḍadāyako","unknown",1,"KN:tha-ap356"
"sakosakakoraṇḍadāyakattherassāpadānaṃ","noun (gen pl)",1,"KN:tha-ap356"
"loṇasupuṭakaṃ","unknown",1,"KN:tha-ap359"
"supuṭī","unknown",1,"KN:tha-ap362"
"kakkārupupphiyattheraapadāna","verb (present participle)",1,"KN:tha-ap364"
"sirivacchasaṃ","unknown",1,"KN:tha-ap364"
"kesarapupphiyattheraapadāna","verb (present participle)",1,"KN:tha-ap366"
"uddālakapupphiyattheraapadāna","verb (present participle)",1,"KN:tha-ap369"
"ekacampakapupphiyattheraapadāna","verb (present participle)",1,"KN:tha-ap370"
"sattapaṇṇiyattheraapadāna","verb (present participle)",1,"KN:tha-ap377"
"gandhamuṭṭhiyattheraapadāna","verb (present participle)",1,"KN:tha-ap378"
"sumanadāmiyattheraapadāna","verb (present participle)",1,"KN:tha-ap381"
"uppalī","unknown",1,"KN:tha-ap382"
"munāḷi","unknown",1,"KN:tha-ap392"
"apiṃsayiṃ","unknown",1,"KN:tha-ap392"
"piṃsayī","unknown",1,"KN:tha-ap392"
"paccisaṃ","unknown",1,"KN:tha-ap392"
"niheṭhayiṃ","unknown",1,"KN:tha-ap392"
"virecayiṃ","unknown",1,"KN:tha-ap392"
"phāru","unknown",1,"KN:tha-ap392"
"medhigatā","unknown",1,"KN:tha-ap393"
"sipāṭiphalake","unknown",1,"KN:tha-ap393"
"gajjasu","unknown",1,"KN:tha-ap393"
"nipīḷesi","unknown",1,"KN:tha-ap393"
"variṃ","unknown",1,"KN:tha-ap393"
"dānapaṭiyādana","unknown",1,"KN:tha-ap393"
"passayiṃ","unknown",1,"KN:tha-ap393"
"tumbaka","unknown",1,"KN:tha-ap393"
"sabbītiparivajjito","unknown",1,"KN:tha-ap393"
"taṇudhāre","unknown",1,"KN:tha-ap393"
"sampaṭicchitva","particle (possible sandhi)",1,"KN:tha-ap394"
"paṭiyādanaṃ","unknown",1,"KN:tha-ap394"
"udadhūpamo","unknown",1,"KN:tha-ap394"
"ninnāmayitvāna","verb (present participle)",1,"KN:tha-ap394"
"vinivattayuṃ","verb (aorist 3pl)",1,"KN:tha-ap394"
"thambhāni","unknown",1,"KN:tha-ap394"
"pajāyitvā","particle (possible sandhi)",1,"KN:tha-ap394"
"vinodayiṃ","unknown",1,"KN:tha-ap394"
"sādhayiṃ","unknown",1,"KN:tha-ap394"
"nāvaṭaṃ","unknown",1,"KN:tha-ap395"
"pabyāharī","unknown",1,"KN:tha-ap397"
"tathevīmassa","noun (gen sg, masc -a stem)",1,"KN:tha-ap397"
"samayī","unknown",1,"KN:tha-ap398"
"anavhitā","unknown",1,"KN:tha-ap399"
"sampayanti","verb (present 3pl)",1,"KN:tha-ap399"
"bhikkhusaṅghamatappayiṃ","unknown",1,"KN:tha-ap401"
"aṭṭhakkhattuṃ","verb (aorist 3pl)",1,"KN:tha-ap402"
"dametāvī","unknown",1,"KN:tha-ap402"
"kūṭāgārī","unknown",1,"KN:tha-ap402"
"sabbado","unknown",1,"KN:tha-ap402"
"padumārakkhado","unknown",1,"KN:tha-ap402"
"pilindi","unknown",1,"KN:tha-ap402"
"ujjālesiṃ","unknown",1,"KN:tha-ap403"
"ujjālayī","unknown",1,"KN:tha-ap403"
"nivāsayitvā","particle (possible sandhi)",1,"KN:tha-ap405"
"paṇidhitvā","particle (possible sandhi)",1,"KN:tha-ap405"
"parimokkhasi","unknown",1,"KN:tha-ap405"
"upasivattheraapadāna","verb (present participle)",1,"KN:tha-ap407"
"mātaggārā","unknown",1,"KN:tha-ap407"
"sattaliyo","unknown",1,"KN:tha-ap407"
"ālakā","unknown",1,"KN:tha-ap407"
"opupphapattā","unknown",1,"KN:tha-ap407"
"mulāḷibhi","unknown",1,"KN:tha-ap407"
"papaṭakāhi","noun (inst pl, fem)",1,"KN:tha-ap407"
"kukutthā","unknown",1,"KN:tha-ap407"
"saṃviditvāna","verb (present participle)",1,"KN:tha-ap407"
"nisādetvāna","verb (present participle)",1,"KN:tha-ap407"
"dvattiṃsakkhattuṃ","verb (aorist 3pl)",1,"KN:tha-ap409"
"pallaṅkāni","unknown",1,"KN:tha-ap409"
"tuṇḍikā","unknown",1,"KN:tha-ap410"
"niggāhayi","unknown",1,"KN:tha-ap410"
"tisūlakontimantehi","noun (inst pl)",1,"KN:tha-ap410"
"parihāretvā","particle (possible sandhi)",1,"KN:tha-ap410"
"paṭisāmayiṃ","unknown",1,"KN:tha-ap410"
"abhivanditvā","particle (possible sandhi)",1,"KN:tha-ap410"
"timajjhikā","unknown",1,"KN:tha-ap411"
"vetāḷino","unknown",1,"KN:tha-ap411"
"kumbhathūnī","unknown",1,"KN:tha-ap411"
"paṭagā","unknown",1,"KN:tha-ap411"
"laṭukā","unknown",1,"KN:tha-ap411"
"viluttāvī","unknown",1,"KN:tha-ap411"
"santipattā","unknown",1,"KN:tha-ap411"
"kodhapugganikā","unknown",1,"KN:tha-ap411"
"sākuḷā","unknown",1,"KN:tha-ap411"
"koṭalā","unknown",1,"KN:tha-ap411"
"dhammarā","unknown",1,"KN:tha-ap411"
"isiṇḍā","unknown",1,"KN:tha-ap411"
"makkalā","unknown",1,"KN:tha-ap411"
"oghuḷhā","unknown",1,"KN:tha-ap411"
"meghalā","unknown",1,"KN:tha-ap411"
"kandalī","unknown",1,"KN:tha-ap412"
"isayettha","verb (aorist 3sg)",1,"KN:tha-ap412"
"sattalī","unknown",1,"KN:tha-ap414"
"opattakaṇṇikā","unknown",1,"KN:tha-ap414"
"kammamakaṃ","unknown",1,"KN:tha-ap414"
"tiṇasūlakachādaniyattheraapadāna","verb (present participle)",1,"KN:tha-ap415"
"tiṇasūlakachādaniyo","unknown",1,"KN:tha-ap415"
"tiṇasūlakachādaniyattherassāpadānaṃ","noun (gen pl)",1,"KN:tha-ap415"
"randhayitvā","particle (possible sandhi)",1,"KN:tha-ap416"
"ucchaṅgapupphiyattheraapadāna","verb (present participle)",1,"KN:tha-ap419"
"tiṇasūlo","unknown",1,"KN:tha-ap422"
"maṃsado","unknown",1,"KN:tha-ap422"
"patthodanī","unknown",1,"KN:tha-ap422"
"ciha","unknown",1,"KN:tha-ap422"
"gañchiṃ","unknown",1,"KN:tha-ap423"
"paveditvā","particle (possible sandhi)",1,"KN:tha-ap425"
"sattakadambapupphiyattheraapadāna","verb (present participle)",1,"KN:tha-ap426"
"koraṇḍavaṇṇakoyeva","particle (possible sandhi)",1,"KN:tha-ap427"
"paṇavāni","unknown",1,"KN:tha-ap431"
"soṇṇakontarikattheraapadāna","verb (present participle)",1,"KN:tha-ap432"
"upatitthaṃ","unknown",1,"KN:tha-ap432"
"indivaradalappabhaṃ","unknown",1,"KN:tha-ap432"
"kontaraṃ","unknown",1,"KN:tha-ap432"
"soṇṇakontaraṃ","unknown",1,"KN:tha-ap432"
"yaṃlābumadadiṃ","unknown",1,"KN:tha-ap432"
"soṇṇakontarikattherassāpadānaṃ","noun (gen pl)",1,"KN:tha-ap432"
"kadambakoraṇḍakado","unknown",1,"KN:tha-ap432"
"kaḷambadāyakattheraapadāna","verb (present participle)",1,"KN:tha-ap438"
"kaḷambaṃ","unknown",1,"KN:tha-ap438"
"kaḷambassa","noun (gen sg, masc -a stem)",1,"KN:tha-ap438"
"kaḷambadāyako","unknown",1,"KN:tha-ap438"
"kaḷambadāyakattherassāpadānaṃ","noun (gen pl)",1,"KN:tha-ap438"
"āpīḷentaṃ","unknown",1,"KN:tha-ap440"
"ambaphaliyattheraapadāna","verb (present participle)",1,"KN:tha-ap442"
"ucchukhaṇḍī","unknown",1,"KN:tha-ap442"
"kaḷambaambāṭakado","unknown",1,"KN:tha-ap442"
"ambado","unknown",1,"KN:tha-ap442"
"vibhītakamiñjiyattheraapadāna","verb (present participle)",1,"KN:tha-ap443"
"billiyattheraapadāna","verb (present participle)",1,"KN:tha-ap445"
"billiyo","unknown",1,"KN:tha-ap445"
"billiyattherassāpadānaṃ","noun (gen pl)",1,"KN:tha-ap445"
"bhallātadāyakattheraapadāna","verb (present participle)",1,"KN:tha-ap446"
"bhallātadāyako","unknown",1,"KN:tha-ap446"
"bhallātadāyakattherassāpadānaṃ","noun (gen pl)",1,"KN:tha-ap446"
"uttalipupphiyattheraapadāna","verb (present participle)",1,"KN:tha-ap447"
"saṃviruḷhamhi","noun (loc sg, masc -a stem)",1,"KN:tha-ap447"
"uttalimālaṃ","unknown",1,"KN:tha-ap447"
"uttalipupphiyo","unknown",1,"KN:tha-ap447"
"uttalipupphiyattherassāpadānaṃ","noun (gen pl)",1,"KN:tha-ap447"
"ambāṭakiyattheraapadāna","verb (present participle)",1,"KN:tha-ap448"
"ambāṭakiyo","unknown",1,"KN:tha-ap448"
"ambāṭakiyattherassāpadānaṃ","noun (gen pl)",1,"KN:tha-ap448"
"pādapīṭhiyattheraapadāna","verb (present participle)",1,"KN:tha-ap450"
"pādapīṭhiyo","unknown",1,"KN:tha-ap450"
"pādapīṭhiyattherassāpadānaṃ","noun (gen pl)",1,"KN:tha-ap450"
"atoḷārāni","unknown",1,"KN:tha-ap451"
"billabhallātakappado","unknown",1,"KN:tha-ap452"
"uttalambaṭakī","unknown",1,"KN:tha-ap452"
"sīhāsanabījiyattheraapadāna","verb (present participle)",1,"KN:tha-ap455"
"jātipupphiyattheraapadāna","verb (present participle)",1,"KN:tha-ap460"
"vanakoraṇḍi","unknown",1,"KN:tha-ap462"
"chattado","unknown",1,"KN:tha-ap462"
"sālakusumiyattheraapadāna","verb (present participle)",1,"KN:tha-ap463"
"sālakusumiyattherassāpadānaṃ","noun (gen pl)",1,"KN:tha-ap463"
"sayampaṭibhāniyattheraapadāna","verb (present participle)",1,"KN:tha-ap471"
"sayampaṭibhāniyo","unknown",1,"KN:tha-ap471"
"sayampaṭibhāniyattherassāpadānaṃ","noun (gen pl)",1,"KN:tha-ap471"
"nimittabyākaraṇiyattheraapadāna","verb (present participle)",1,"KN:tha-ap472"
"sālakusumiyavaggo","noun (chapter title)",1,"KN:tha-ap472"
"setudo","unknown",1,"KN:tha-ap472"
"tālavaṇṭī","unknown",1,"KN:tha-ap472"
"avaṭalabujappado","unknown",1,"KN:tha-ap472"
"pilakkhapaṭibhānī","unknown",1,"KN:tha-ap472"
"giripunnāgiyattheraapadāna","verb (present participle)",1,"KN:tha-ap479"
"giripunnāgiyo","unknown",1,"KN:tha-ap479"
"giripunnāgiyattherassāpadānaṃ","noun (gen pl)",1,"KN:tha-ap479"
"pulinacaṅkamiyattheraapadāna","verb (present participle)",1,"KN:tha-ap482"
"giripunnāgiyopi","particle (possible sandhi)",1,"KN:tha-ap482"
"pānadhido","unknown",1,"KN:tha-ap482"
"odumbarikapupphaṃva","particle (possible sandhi)",1,"KN:tha-ap484"
"oruhitvā","particle (possible sandhi)",1,"KN:tha-ap485"
"lagetvāna","verb (present participle)",1,"KN:tha-ap485"
"nepuñño","unknown",1,"KN:tha-ap486"
"candanamāliyattheraapadāna","verb (present participle)",1,"KN:tha-ap487"
"dālayiṃ","unknown",1,"KN:tha-ap487"
"nevukkaṃsenti","verb (present 3pl)",1,"KN:tha-ap489"
"saḷati","verb (present 3sg)",1,"KN:tha-ap489"
"dhammaruciyattheraapadāna","verb (present participle)",1,"KN:tha-ap491"
"dhātupūjī","unknown",1,"KN:tha-ap492"
"tikiṅkaṇipupphiyattheraapadāna","verb (present participle)",1,"KN:tha-ap493"
"sambuddhamabhipūjetvā","particle (possible sandhi)",1,"KN:tha-ap493"
"tikiṅkaṇipupphiyo","unknown",1,"KN:tha-ap493"
"tikiṅkaṇipupphiyattherassāpadānaṃ","noun (gen pl)",1,"KN:tha-ap493"
"kiṃsukapupphiyattheraapadāna","verb (present participle)",1,"KN:tha-ap496"
"pānīghaṭamapūrayiṃ","unknown",1,"KN:tha-ap499"
"amarikaṃ","unknown",1,"KN:tha-ap500"
"saṃvaḍḍhayitvā","particle (possible sandhi)",1,"KN:tha-ap500"
"ghatado","unknown",1,"KN:tha-ap502"
"tikaṇikārapupphiyattheraapadāna","verb (present participle)",1,"KN:tha-ap503"
"tikaṇikārapupphiyattherassāpadānaṃ","noun (gen pl)",1,"KN:tha-ap503"
"kāsumāraphaliyattheraapadāna","verb (present participle)",1,"KN:tha-ap505"
"pādaphaliyattheraapadāna","verb (present participle)",1,"KN:tha-ap507"
"ajeliphaladāyakattheraapadāna","verb (present participle)",1,"KN:tha-ap509"
"ajeliṃ","unknown",1,"KN:tha-ap509"
"ajeliphaladāyako","unknown",1,"KN:tha-ap509"
"ajeliphaladāyakattherassāpadānaṃ","noun (gen pl)",1,"KN:tha-ap509"
"amodaphaliyattheraapadāna","verb (present participle)",1,"KN:tha-ap510"
"ajelīmodameva","particle (possible sandhi)",1,"KN:tha-ap512"
"kurañciyaphaladāyakattheraapadāna","verb (present participle)",1,"KN:tha-ap513"
"kurañciyaphalaṃ","unknown",1,"KN:tha-ap513"
"kurañciyaphaladāyako","unknown",1,"KN:tha-ap513"
"kurañciyaphaladāyakattherassāpadānaṃ","noun (gen pl)",1,"KN:tha-ap513"
"kosambaphaliyattheraapadāna","verb (present participle)",1,"KN:tha-ap515"
"ketakapupphiyattheraapadāna","verb (present participle)",1,"KN:tha-ap516"
"ketakapupphiyo","unknown",1,"KN:tha-ap516"
"ajjunapupphiyattheraapadāna","verb (present participle)",1,"KN:tha-ap518"
"vappitaṃ","unknown",1,"KN:tha-ap518"
"padumadhārikattheraapadāna","verb (present participle)",1,"KN:tha-ap522"
"kurañciyaṃ","unknown",1,"KN:tha-ap522"
"sabbaphalado","unknown",1,"KN:tha-ap522"
"sniddhā","unknown",1,"KN:tha-ap530"
"ñātipakkhavā","particle (possible sandhi)",1,"KN:tha-ap530"
"bhavehaṃ","unknown",1,"KN:tha-ap530"
"sampakāseti","verb (present 3sg)",1,"KN:tha-ap532"
"sampadāritā","unknown",1,"KN:tha-ap532"
"āyusi","unknown",1,"KN:tha-ap532"
"vāgiso","unknown",1,"KN:tha-ap532"
"vuddhimajaniṃ","unknown",1,"KN:tha-ap532"
"tiṇado","unknown",1,"KN:tha-ap532"
"mañcado","unknown",1,"KN:tha-ap532"
"saraṇabbhañjanappado","unknown",1,"KN:tha-ap532"
"nelapūjī","unknown",1,"KN:tha-ap532"
"sasaṅkavimalānano","unknown",1,"KN:tha-ap533"
"santhavī","unknown",1,"KN:tha-ap534"
"ṭhānamabhirocayiṃ","unknown",1,"KN:tha-ap534"
"pisācībhayatajjitā","unknown",1,"KN:tha-ap534"
"parivuddhito","unknown",1,"KN:tha-ap534"
"nibbindiya","adj (-iya suffix)",1,"KN:tha-ap534"
"santigamo","unknown",1,"KN:tha-ap535"
"vinadī","unknown",1,"KN:tha-ap536"
"devadattamupānayuṃ","verb (aorist 3pl)",1,"KN:tha-ap537"
"santaritvā","particle (possible sandhi)",1,"KN:tha-ap538"
"apihāgidhaṃ","unknown",1,"KN:tha-ap538"
"dussehacchādayitvāna","verb (present participle)",1,"KN:tha-ap539"
"saṃvisaṭṭhāva","particle (possible sandhi)",1,"KN:tha-ap540"
"aṭṭavībalaṃ","unknown",1,"KN:tha-ap540"
"vijiritaṃ","unknown",1,"KN:tha-ap540"
"nādiyitvāna","verb (present participle)",1,"KN:tha-ap540"
"kammapathānihaṃ","unknown",1,"KN:tha-ap540"
"sampakittesi","unknown",1,"KN:tha-ap542"
"saddhādhanasamanvitaṃ","unknown",1,"KN:tha-ap542"
"bhūmidāhakakammunā","unknown",1,"KN:tha-ap542"
"adayhiṃ","unknown",1,"KN:tha-ap542"
"bāsaṭṭhi","unknown",1,"KN:tha-ap542"
"abhikittayi","unknown",1,"KN:tha-ap543"
"brahmagiro","unknown",1,"KN:tha-ap544"
"vibodhento","unknown",1,"KN:tha-ap546"
"sañcodako","unknown",1,"KN:tha-ap546"
"vādisūdano","unknown",1,"KN:tha-ap546"
"santisukhada","unknown",1,"KN:tha-ap546"
"abhayappado","unknown",1,"KN:tha-ap546"
"buddhaseṭṭhamupānayi","unknown",1,"KN:tha-ap546"
"samayācisaṃ","unknown",1,"KN:tha-ap546"
"ujjhāyantiha","unknown",1,"KN:tha-ap546"
"sanarāmarabrahmasu","unknown",1,"KN:tha-ap548"
"pādamūlehaṃ","unknown",1,"KN:tha-ap548"
"byāhataṃ","unknown",1,"KN:tha-ap549"
"ganthayitvā","particle (possible sandhi)",1,"KN:tha-ap549"
"pamuditānano","unknown",1,"KN:tha-ap551"
"sumāniyo","unknown",1,"KN:tha-ap551"
"sampakāsayaṃ","unknown",1,"KN:tha-ap551"
"soṇṇānano","unknown",1,"KN:tha-ap552"
"agadho","unknown",1,"KN:tha-ap552"
"diṭṭhigaṇḍaviphālako","unknown",1,"KN:tha-ap552"
"purī","unknown",1,"KN:tha-ap552"
"dhūpāni","unknown",1,"KN:tha-ap552"
"oggayha","unknown",1,"KN:tha-ap553"
"hārayitvāna","verb (present participle)",1,"KN:tha-ap555"
"salalaṃ","unknown",1,"KN:tha-ap556"
"salalapupphehi","noun (inst pl)",1,"KN:tha-ap556"
"upasampadāyī","unknown",1,"KN:tha-ap558"
"ussīyanti","verb (present 3pl)",1,"KN:tha-ap562"
"upavāhano","unknown",1,"KN:tha-ap563"
"yadatthiyaṃ","unknown",1,"KN:thag1.12"
"sāmaññamakiñcanassā","unknown",1,"KN:thag1.36"
"paṭivijjhahan","unknown",1,"KN:thag1.88"
"parinibbātināsavo","unknown",1,"KN:thag5.10"
"kuṭikaṇṇatthero","unknown",1,"KN:thag5.11"
"ayyakosī","unknown",1,"KN:thag10.1"
"nibbutiñcādhigacchatī","unknown",1,"KN:thag10.6"
"sāyarato","unknown",1,"KN:thag16.5"
"vanamoggayha","unknown",1,"KN:thag16.7"
"savibhattesu","noun (loc pl)",1,"KN:thag16.8"
"patisso","unknown",1,"KN:thag17.3"
"nupalimpati","verb (present 3sg)",1,"KN:thag18.1"
"vupasamo","unknown",1,"KN:thag19.1"
"upajjitvā","particle (possible sandhi)",1,"KN:thag20.1"
"nirāmagataddasā","unknown",1,"KN:thag21.1"
"tammūlaṃ","unknown",1,"KN:thi-ap1"
"mekhalikā","unknown",1,"KN:thi-ap2"
"paṭilacchasi","unknown",1,"KN:thi-ap7"
"chadiṃ","unknown",1,"KN:thi-ap8"
"dakadā","unknown",1,"KN:thi-ap10"
"duggaccañca","particle (possible sandhi)",1,"KN:thi-ap11"
"sampahaṃsitvā","particle (possible sandhi)",1,"KN:thi-ap11"
"osajjitvāna","verb (present participle)",1,"KN:thi-ap17"
"niggañchi","unknown",1,"KN:thi-ap17"
"yādhivatthā","unknown",1,"KN:thi-ap17"
"icchaṭṭā","unknown",1,"KN:thi-ap17"
"khantabbaṃ","unknown",1,"KN:thi-ap17"
"nerutte","unknown",1,"KN:thi-ap17"
"asmābhi","unknown",1,"KN:thi-ap17"
"saraṇade","unknown",1,"KN:thi-ap17"
"padhānatamā","unknown",1,"KN:thi-ap17"
"nevasaññañca","particle (possible sandhi)",1,"KN:thi-ap17"
"atevacchariyaṃ","unknown",1,"KN:thi-ap17"
"nopaṭiyādi","unknown",1,"KN:thi-ap17"
"sesabhāgāni","unknown",1,"KN:thi-ap17"
"gotamidhātūni","unknown",1,"KN:thi-ap17"
"sociyā","unknown",1,"KN:thi-ap17"
"vaṇṇayitvā","particle (possible sandhi)",1,"KN:thi-ap18"
"gāpayī","unknown",1,"KN:thi-ap18"
"amarindasunandanaṃ","unknown",1,"KN:thi-ap18"
"samanvito","unknown",1,"KN:thi-ap18"
"bimboṭṭhī","unknown",1,"KN:thi-ap18"
"rambhoru","unknown",1,"KN:thi-ap18"
"rattaṃsakupasambyānā","unknown",1,"KN:thi-ap18"
"hāsabhāvasamanvitā","unknown",1,"KN:thi-ap18"
"ahoyamabhirūpinī","unknown",1,"KN:thi-ap18"
"sirāvitatadehinī","unknown",1,"KN:thi-ap18"
"upphāsulikatā","unknown",1,"KN:thi-ap18"
"vibhogā","unknown",1,"KN:thi-ap18"
"meparādhotthi","unknown",1,"KN:thi-ap19"
"khiḍḍo","unknown",1,"KN:thi-ap19"
"ubbattayitvā","particle (possible sandhi)",1,"KN:thi-ap19"
"opattapadumaṃ","unknown",1,"KN:thi-ap19"
"okkhāmīti","unknown",1,"KN:thi-ap20"
"sāyetvā","particle (possible sandhi)",1,"KN:thi-ap20"
"tebhipatthitaṃ","unknown",1,"KN:thi-ap21"
"atthavicintikā","unknown",1,"KN:thi-ap21"
"pātayitvāna","verb (present participle)",1,"KN:thi-ap21"
"parikittayaṃ","unknown",1,"KN:thi-ap23"
"paribbājakinī","unknown",1,"KN:thi-ap24"
"paricoditā","unknown",1,"KN:thi-ap25"
"rogantamapicārogyaṃ","unknown",1,"KN:thi-ap25"
"ativimhitadehiniṃ","unknown",1,"KN:thi-ap25"
"vinilañca","particle (possible sandhi)",1,"KN:thi-ap25"
"santāpayiṃ","unknown",1,"KN:thi-ap26"
"etamatthamasāvayuṃ","verb (aorist 3pl)",1,"KN:thi-ap26"
"dīpānujjalayī","unknown",1,"KN:thi-ap27"
"puṇṇakumbhāni","unknown",1,"KN:thi-ap27"
"sasañjhova","particle (possible sandhi)",1,"KN:thi-ap27"
"kaniyassa","noun (gen sg, masc -a stem)",1,"KN:thi-ap27"
"ukhā","unknown",1,"KN:thi-ap27"
"āniya","adj (-iya suffix)",1,"KN:thi-ap27"
"nicayitvā","particle (possible sandhi)",1,"KN:thi-ap27"
"vaṭṭīni","unknown",1,"KN:thi-ap27"
"kappilassa","noun (gen sg, masc -a stem)",1,"KN:thi-ap27"
"vārayitvā","particle (possible sandhi)",1,"KN:thi-ap28"
"sañcattaṃ","unknown",1,"KN:thi-ap28"
"muggatamānasaṃ","unknown",1,"KN:thi-ap28"
"pakittane","unknown",1,"KN:thi-ap29"
"thalūdajāni","unknown",1,"KN:thi-ap30"
"uppatte","unknown",1,"KN:thi-ap31"
"pahaṃsetvāna","verb (present participle)",1,"KN:thi-ap33"
"chāditvā","particle (possible sandhi)",1,"KN:thi-ap33"
"paricattaṃ","unknown",1,"KN:thi-ap33"
"kantisūcakaṃ","unknown",1,"KN:thi-ap36"
"nopagacchāmi","verb (present 1sg)",1,"KN:thi-ap36"
"jaritaṃ","unknown",1,"KN:thi-ap36"
"seṭṭhikulajā","unknown",1,"KN:thi-ap37"
"nīcakulajā","unknown",1,"KN:thi-ap38"
"abhisāpayiṃ","unknown",1,"KN:thi-ap39"
"tatthako","unknown",1,"KN:thig2.4"
"pabbajjiṃ","unknown",1,"KN:thig11.1"
"paveccasi","unknown",1,"KN:thig13.2"
"brāhmaṇiṃvoca","particle (possible sandhi)",1,"KN:thig13.4"
"karihi","unknown",1,"KN:thig15.1"
"vinitā","unknown",1,"KN:thig16.1"
"anikarattassa","noun (gen sg, masc -a stem)",1,"KN:thig16.1"
"tātabhinikkha","unknown",1,"KN:thig16.1"
"pitara","adj (comparative)",1,"KN:thig16.1"
"manīkaratto","unknown",1,"KN:thig16.1"
"āṇādhanamissa","unknown",1,"KN:thig16.1"
"riyaṃ","unknown",1,"KN:thig16.1"
"pheṇapiṇḍopa","unknown",1,"KN:thig16.1"
"anikarattaṃ","unknown",1,"KN:thig16.1"
"anikaratto","unknown",1,"KN:thig16.1"
"tamogadhan","unknown",1,"KN:ud6.5"
"ayaṃhamasmīti","unknown",1,"KN:ud7.1"
"nānāratanakappano","unknown",1,"KN:vv5"
"soṇṇapokkharamāladhā","unknown",1,"KN:vv5"
"paramahitānukampakan","unknown",1,"KN:vv16"
"āmantanikā","unknown",1,"KN:vv18"
"viṇāmokkhā","unknown",1,"KN:vv18"
"dāruṇī","unknown",1,"KN:vv18"
"lakhumāvimānaṃ","noun (gen pl)",1,"KN:vv19"
"modatācāmadāyikā","unknown",1,"KN:vv20"
"satatamupāvasiṃ","unknown",1,"KN:vv22"
"sampucchituṃ","verb (aorist 3pl)",1,"KN:vv29"
"rametvā","particle (possible sandhi)",1,"KN:vv32"
"āveḷini","unknown",1,"KN:vv32"
"abhirādhayiṃ","unknown",1,"KN:vv32"
"doṇinimmajjanidāyikāvimānavatthu","noun (story title)",1,"KN:vv33"
"piṇḍapātāni","unknown",1,"KN:vv34"
"rucakupakiṇṇamidaṃ","unknown",1,"KN:vv35"
"kusakasuphullitalatāvalambinīhi","unknown",1,"KN:vv35"
"yetthi","unknown",1,"KN:vv35"
"avacāsiḷārapamhe","unknown",1,"KN:vv35"
"sāhamapacitatthadhammakusalaṃ","unknown",1,"KN:vv35"
"māvasāmi","verb (present 1sg)",1,"KN:vv35"
"mayūrasussaro","unknown",1,"KN:vv36"
"karavīkasussaro","unknown",1,"KN:vv36"
"ādhutaṃ","unknown",1,"KN:vv39"
"vijānisaṃ","unknown",1,"KN:vv41"
"pipphalyā","unknown",1,"KN:vv43"
"pītasse","unknown",1,"KN:vv47"
"taggamanasā","unknown",1,"KN:vv47"
"sahabyamāgatā","unknown",1,"KN:vv47"
"odumbaraṃ","unknown",1,"KN:vv50"
"āḷambo","unknown",1,"KN:vv50"
"puṇḍarīkātidāruṇī","unknown",1,"KN:vv50"
"revatīvimānaṃ","noun (gen pl)",1,"KN:vv52"
"parimocayā","unknown",1,"KN:vv63"
"vāḷī","unknown",1,"KN:vv64"
"abbhuddhunantā","unknown",1,"KN:vv64"
"abhihiṃsanāya","noun (dat sg)",1,"KN:vv64"
"vicitrasaṃvane","unknown",1,"KN:vv64"
"vaṭṭaṅguliyo","unknown",1,"KN:vv64"
"āveḷiniyo","unknown",1,"KN:vv64"
"sutabbarūpaṃ","unknown",1,"KN:vv64"
"vatamābhirocayi","unknown",1,"KN:vv64"
"abhirocase","unknown",1,"KN:vv64"
"pupphābhikkiṇamhi","noun (loc sg, masc -a stem)",1,"KN:vv64"
"vipulapphalesinan","unknown",1,"KN:vv64"
"nhāpayī","unknown",1,"KN:vv79"
"mabhinikkhami","unknown",1,"KN:vv81"
"ākoṭayitvāna","verb (present participle)",1,"KN:vv81"
"parilehisaṃ","unknown",1,"KN:vv81"