word	category	inferred_pos	total_count	dn_count	mn_count	sn_count	an_count	kn_count	nikaya_count	text_count	all_texts	sample_context	dpd_feedback
passasaṃ	sandhi_ending		6	0	0	0	0	6	0	1	KN:ps1.3	nibbidāñāṇaṃ, aniccānupassī passasaṃ yathābhūtaṃ jānāti passatīti—	
patikuṭentā	metrical_variant		5	0	0	0	0	5	0	1	KN:mnd6	…tato tato cittaṃ patilīnentā patikuṭentā pativaṭṭentā sanniruddhantā s…	
abhibhuyyitvā	metrical_variant	particle (possible sandhi)	4	0	0	0	0	4	0	1	KN:ps1.1	Uppādaṃ abhibhuyyitvā anuppādaṃ pakkhandatīti—	
accantasanti	potential_headword	verb (present 3pl)	4	0	0	0	0	4	0	1	KN:mnd3	accantasanti, tadaṅgasanti, sammutisanti.	
apakaḍḍhitabbā	metrical_variant		4	0	0	0	0	4	0	1	KN:pe4	Tattha akusalā dhammā apakaḍḍhitabbā vīmaṃsitabbā, saṅkilesabhāgiy…	
atikkamīyati	potential_headword	verb (present 3sg)	4	0	0	0	0	4	0	1	KN:mnd11	…ssa rūpaṃ vibhoti vibhāvīyati atikkamīyati samatikkamīyati vītivattīyatī…	
bilaggāho	potential_headword		4	0	0	0	0	4	0	4	KN:mnd13; KN:mnd3; KN:mnd5; KN:mnd9	…ahītanti nivesanesu odhiggāho bilaggāho varaggāho koṭṭhāsaggāho uccay…	
buddhamabhikittayiṃ	sandhi_ending		4	0	0	0	0	4	0	4	KN:tha-ap320; KN:tha-ap471; KN:tha-ap489; KN:tha-ap549	yaṃ buddhamabhikittayiṃ;	
byathitā	metrical_variant		4	0	0	0	0	4	0	3	KN:ja537; KN:ja542; KN:ja547	“Chiddaṃ te raṭṭhaṃ byathitā bhayā hi,	
cakkavākīva	potential_headword	particle (possible sandhi)	4	0	0	0	0	4	0	2	KN:ja543; KN:ja547	Sā nūna cakkavākīva,	
cityā	metrical_variant		4	0	0	0	0	4	0	1	KN:ja543	Cityā katā yaññakarehi māhu.	
desanāvatthukan	sandhi_ending		4	0	0	0	0	4	0	1	KN:mil5.4.3	…attiṃ āpajjati ekassa santike desanāvatthukan’ti.	
dīpāni	potential_headword		4	0	0	0	0	4	0	2	KN:thi-ap15; KN:thi-ap9	pañca dīpāni pajjaluṃ;	
elambujaṃ	sandhi_ending		4	0	0	0	0	4	0	1	KN:mnd9	Elambujaṃ kaṇḍakavārijaṃ yathā,	
khomakoṭumbarāni	potential_headword		4	0	0	0	0	4	0	2	KN:ja539; KN:ja547	khomakoṭumbarāni ca;	
kurarī	metrical_variant		4	0	0	0	0	4	0	2	KN:ja543; KN:ja547	Kurarī hatachāpāva,	
maddanipaññāti	potential_headword		4	0	0	0	0	4	0	1	KN:ps3.1	Rāgo ari taṃ ariṃ maddanipaññāti—bhūripaññā.	
matthiko	potential_headword		4	0	0	0	0	4	0	3	KN:ja529; KN:ja531; KN:ja538	nāhaṃ rajjena matthiko.	
mayhete	potential_headword		4	0	0	0	0	4	0	1	KN:mil5.2.7	…e sattā, na ca mahāpathaviyā ‘mayhete’ti apekkhā hoti;	
māgamā	metrical_variant		4	0	0	0	0	4	0	3	KN:ja343; KN:ja437; KN:ja528	vasa kuntini māgamā”.	
mākaṅkhi	potential_headword		4	0	0	0	0	4	0	1	KN:ja501	Gaccha tuvampi mākaṅkhi,	
nisīdayī	metrical_variant		4	0	0	0	0	4	0	2	KN:ja524; KN:ja546	Nisīdayī pāmukhaāsanasmiṃ;	
nābhidhaṃsiyati	potential_headword	verb (present 3sg)	4	0	0	0	0	4	0	1	KN:pe8	…aṃsitāti asubhasaññāya rāgena nābhidhaṃsiyati.	
paliveṭhīyatī	metrical_variant		4	0	0	0	0	4	0	1	KN:mil3.6.1	…yati sukhumena ca coḷapaṭṭena paliveṭhīyatī”ti?	
parikittayanto	potential_headword		4	0	0	0	0	4	0	3	KN:mil5.1.10; KN:mil5.1.7; KN:mil6.1.2	…ilajavo, tassa rājā javabalaṃ parikittayanto sanegamajānapadabhaṭabalabrāh…	
parirañjito	potential_headword		4	0	0	0	0	4	0	1	KN:mil3.6.3	…gato asītiyā ca anubyañjanehi parirañjito suvaṇṇavaṇṇo kañcanasannibhat…	
paritasanti	potential_headword	verb (present 3pl)	4	0	0	0	0	4	0	2	KN:cnd23; KN:mnd16	Te tasanti uttasanti paritasanti bhāyanti santāsaṃ āpajjanti,…	
passāmissānubhāvan	sandhi_ending		4	0	0	0	4	0	4	1	AN:an4.30	‘etu vadatu byāharatu passāmissānubhāvan’ti.	
paṭibandhu	potential_headword		4	0	0	0	0	4	0	4	KN:cnd23; KN:cnd5; KN:mnd1; KN:mnd2	…natho santhavo sineho apekkhā paṭibandhu āsā āsīsanā āsīsitattaṃ rūpās…	
paṭipādayi	potential_headword		4	0	0	0	0	4	0	1	KN:ja541	sakkaccaṃ paṭipādayi.	
peṇāhikāya	potential_headword	noun (dat sg)	4	0	0	0	0	4	0	2	KN:mil7.1; KN:mil7.6.3	Peṇāhikāya dve aṅgāni gahetabbāni.	
sajibbo	potential_headword		4	0	0	0	0	4	0	1	KN:ja546	Rañño kuverassa hi so sajibbo;	
sampakkhandanalakkhaṇā	metrical_variant		4	0	0	0	0	4	0	2	KN:mil3.1.10; KN:mil3.1.11	“Kathaṃ, bhante, sampakkhandanalakkhaṇā saddhā”ti?	
sannipātayiṃ	sandhi_ending		4	0	0	0	0	4	0	2	KN:tha-ap393; KN:tha-ap8	purise sannipātayiṃ;	
saṃvesanākāle	potential_headword		4	0	0	0	0	4	0	1	KN:ja547	Sāyaṃ saṃvesanākāle,	
sindhuyā	metrical_variant		4	0	0	0	0	4	0	4	KN:ja547; KN:tha-ap321; KN:tha-ap396; KN:tha-ap65	sandamānāya sindhuyā;	
suvisajjitan	sandhi_ending		4	0	0	0	0	4	0	1	KN:mil3.8	…sabbaṃ bhadantena nāgasenena suvisajjitan”ti.	
svādhippāgā	metrical_variant		4	0	0	0	0	4	0	1	KN:ja515	Svādhippāgā bhāradvājo,	
svālaṅkatā	metrical_variant		4	0	0	0	0	4	0	1	KN:ps2.4	…hi indriyehi mettācetovimutti svālaṅkatā hoti.	
tvevassa	potential_headword	noun (gen sg)	4	3	1	0	0	0	4	2	DN:dn27; MN:mn111	…aññaṃ akkharaṃ anusaranti, na tvevassa atthaṃ ājānanti.	
upaṭṭhiṃ	sandhi_ending		4	0	0	0	0	4	0	4	KN:tha-ap116; KN:tha-ap182; KN:tha-ap291; KN:thi-ap24	upaṭṭhiṃ bodhimuttamaṃ.	
upphāsulike	potential_headword		4	0	0	0	0	4	0	4	KN:pv13; KN:pv14; KN:pv15; KN:pv31	Upphāsulike kisike,	
vanditumāgatā	metrical_variant		4	0	0	0	0	4	0	4	KN:pv13; KN:pv14; KN:pv27; KN:vv21	bhante vanditumāgatā”ti.	
varāmi	potential_headword	verb (present 1sg)	4	0	0	0	0	4	0	1	KN:ja537	Etaṃ varānaṃ paṭhamaṃ varāmi”.	
vattayi	potential_headword		4	0	0	0	0	4	0	3	KN:ja523; KN:ja545; KN:ja547	rudaṃ assūni vattayi.	
vavatthapanā	metrical_variant		4	0	0	0	0	4	0	1	KN:pe6	…mino”ti ca yā saññā sañjānanā vavatthapanā uggāho, ayaṃ aniccasaññā.	
vibhāvīyati	potential_headword	verb (present 3sg)	4	0	0	0	0	4	0	1	KN:mnd11	…thaṃ yāpentassa rūpaṃ vibhoti vibhāvīyati atikkamīyati samatikkamīyati…	
vikkīḷitaṃ	sandhi_ending		4	0	0	0	0	4	0	1	KN:ne36	Tesaṃ vikkīḷitaṃ.	
vipallāsāni	potential_headword		4	0	0	0	0	4	0	2	KN:pe6; KN:pe8	Tattha eko vipallāso tīṇi vipallāsāni cattāri vipallāsavatthūni.	
yaṃyeva	potential_headword	particle (possible sandhi)	4	0	0	0	0	4	0	2	KN:mil3.2.1; KN:pe2	…kho, mahārāja, evaṃ vadeyya ‘yaṃyeva khīraṃ taṃyeva dadhi, yaṃyeva…	
ālimpīyati	potential_headword	verb (present 3sg)	4	0	0	0	0	4	0	1	KN:mil3.6.1	…mahārāja, so vaṇo ālepena ca ālimpīyati telena ca makkhīyati sukhumen…	
abhinesiṃ	sandhi_ending		3	0	0	0	0	3	0	3	KN:tha-ap128; KN:tha-ap305; KN:tha-ap411	abhinesiṃ sakaṃ gharaṃ.	
anahāyitvā	metrical_variant	particle (possible sandhi)	3	0	0	0	0	3	0	1	KN:mil6.1.5	…addamagato taṃ taḷākaṃ gantvā anahāyitvā kiliṭṭhova paṭinivatteyya, ta…	
anusaṃsāvayiṃ	sandhi_ending		3	0	0	0	0	3	0	2	KN:tha-ap221; KN:tha-ap302	anusaṃsāvayiṃ pure.	
aṅkolaṃ	sandhi_ending		3	0	0	0	0	3	0	3	KN:tha-ap197; KN:tha-ap232; KN:tha-ap367	“Aṅkolaṃ pupphitaṃ disvā,	
aṅkolā	metrical_variant		3	0	0	0	0	3	0	3	KN:ja547; KN:tha-ap3; KN:tha-ap414	Aṅkolā kacchikārā ca,	
byapahanti	potential_headword	verb (present 3pl)	3	0	0	0	0	3	0	3	KN:mil5.1.6; KN:tha-ap24; KN:tha-ap562	…parāmasanopi upagatassa sītaṃ byapahanti;	
byasanno	potential_headword		3	0	0	0	0	3	0	2	KN:ja498; KN:ja512	Nāgo yathā paṅkamajjhe byasanno,	
cakkhattuṃ	sandhi_ending	verb (aorist 3pl)	3	0	0	0	0	3	0	3	KN:tha-ap22; KN:tha-ap36; KN:tha-ap62	Dasa aṭṭha cakkhattuṃ so,	
cakkhupathāni	potential_headword		3	0	0	0	0	3	0	1	KN:ja499	Vanibbaka cakkhupathāni yācituṃ;	
ceme	potential_headword		3	0	0	0	0	3	0	1	KN:ja547	Assatthā panasā ceme,	
chaṭṭitaṃ	sandhi_ending		3	0	0	0	3	0	3	1	AN:an6.29	…passeyya sarīraṃ sivathikāya chaṭṭitaṃ ekāhamataṃ vā dvīhamataṃ vā t…	
cippiyamānaṃ	sandhi_ending	noun (gen pl)	3	0	0	0	0	3	0	1	KN:mil6.1.9	…tampi udakaṃ tesaṃ dantantare cippiyamānaṃ saddāyeyya.	
cittasantāpanaṃ	sandhi_ending		3	0	0	0	0	3	0	3	KN:tha-ap393; KN:tha-ap423; KN:thi-ap14	cittasantāpanaṃ mama.	
cāpovūnudaro	potential_headword		3	0	0	0	0	3	0	2	KN:ja546; KN:mil7.2.8	Cāpovūnudaro dhīro,	
desitabbaṃ	sandhi_ending		3	0	0	0	0	3	0	3	KN:cnd21; KN:pe5; KN:pe8	…hitabbaṃ tathā ācikkhi, yathā desitabbaṃ tathā desesi, yathā paññapeta…	
dhiratthumaṃ	sandhi_ending		3	0	0	0	0	3	0	2	KN:ja293; KN:ja327	Dhiratthumaṃ āturaṃ pūtikāyaṃ,	
dhītaṃ	sandhi_ending		3	0	0	0	0	3	0	3	KN:cp9; KN:ja547; KN:mil5.1.4	Jāliṃ kaṇhājinaṃ dhītaṃ,	
disalocanato	potential_headword		3	0	0	0	0	3	0	3	KN:ne20; KN:ne3; KN:ne35	Disalocanato disā viloketvā;	
disālokano	potential_headword		3	0	0	0	0	3	0	1	KN:pe9	Ayaṃ vuccati disālokano nāma nayo.	
dovilaṃ	sandhi_ending		3	0	0	0	0	3	0	1	KN:mil6.4.1	…ṃ phalaṃ gaṇhāhi salāṭukaṃ vā dovilaṃ vā kesikaṃ vā āmaṃ vā pakkaṃ…	
dubbiniveṭhayā	metrical_variant		3	0	0	0	0	3	0	1	KN:mnd2	…jjā dunnimmadayā dunniveṭhayā dubbiniveṭhayā duttarā duppatarā dussamatikk…	
dunniveṭhayā	metrical_variant		3	0	0	0	0	3	0	1	KN:mnd2	…jā duppariccajjā dunnimmadayā dunniveṭhayā dubbiniveṭhayā duttarā duppat…	
etadakkhā	metrical_variant		3	0	0	0	0	3	0	2	KN:ja483; KN:ja498	Udāhu te koci naṃ etadakkhā;	
evaṅgatāni	potential_headword		3	3	0	0	0	0	3	1	DN:dn2	…muddikā, yāni vā panaññānipi evaṅgatāni puthusippāyatanāni, te diṭṭhe…	
ghātīyati	potential_headword	verb (present 3sg)	3	0	0	0	0	3	0	1	KN:mil5.3.11	“Yo so, mahārāja, ghātīyati, na so tathāgatānaṃ anumatiyā…	
gopayiṃ	sandhi_ending		3	0	0	0	0	3	0	2	KN:tha-ap25; KN:tha-ap26	paripuṇṇāni gopayiṃ;	
iṇadānaṃ	sandhi_ending	noun (gen pl)	3	0	0	0	0	3	0	2	KN:ja484; KN:ja501	“Kīdisaṃ te iṇadānaṃ,	
jayaddiso	potential_headword		3	0	0	0	0	3	0	3	KN:cp19; KN:cp20; KN:ja513	Rājā jayaddiso nāma,	
kalunaṃ	sandhi_ending		3	0	0	0	0	3	0	1	KN:ja547	Kalunaṃ paridevesi,	
kaṭumikā	metrical_variant		3	0	0	0	0	3	0	1	KN:mil3.6.11	…abbā sati abhijānantī, natthi kaṭumikā satī”ti?	
kesikaṃ	sandhi_ending		3	0	0	0	0	3	0	1	KN:mil6.4.1	…ṇhāhi salāṭukaṃ vā dovilaṃ vā kesikaṃ vā āmaṃ vā pakkaṃ vā’ti, so t…	
khuddaputtañhi	potential_headword		3	0	0	0	0	3	0	1	KN:ud1.8	“khuddaputtañhi, samaṇa, posa man”ti.	
kissatthāyā	metrical_variant		3	0	0	0	0	3	0	1	KN:mil3.7.3	“Kissatthāyā”ti?	
koraṇḍapupphiyattherassāpadānaṃ	long_compound	noun (gen pl)	3	0	0	0	0	3	0	3	KN:tha-ap210; KN:tha-ap427; KN:tha-ap495	Koraṇḍapupphiyattherassāpadānaṃ aṭṭhamaṃ.	
koraṇḍapupphiyo	potential_headword		3	0	0	0	0	3	0	3	KN:tha-ap210; KN:tha-ap427; KN:tha-ap495	Itthaṃ sudaṃ āyasmā koraṇḍapupphiyo thero imā gāthāyo abhāsitthāt…	
kuṇalīkataṃ	sandhi_ending		3	0	0	0	0	3	0	1	KN:pv21	mukhañca kuṇalīkataṃ;	
lālappitaṃ	sandhi_ending		3	0	0	0	0	3	0	1	KN:ja547	Tesaṃ lālappitaṃ sutvā,	
mabhināditā	metrical_variant		3	0	0	0	0	3	0	1	KN:ja547	samantā mabhināditā.	
magayamāno	potential_headword		3	0	0	0	0	3	0	1	KN:mnd7	…ulūko rukkhasākhāyaṃ mūsikaṃ magayamāno jhāyati pajjhāyati nijjhāyati…	
maṃvoca	potential_headword	particle (possible sandhi)	3	0	0	0	0	3	0	2	KN:vv34; KN:vv50	Saṅghe dehīti maṃvoca,	
mittiṃ	sandhi_ending		3	0	0	0	0	3	0	2	KN:ja537; KN:ja542	Na tena mittiṃ jirayetha pañño”.	
morīhi	potential_headword		3	0	0	0	0	3	0	1	KN:ja547	Yadā morīhi parikiṇṇaṃ,	
mādharo	potential_headword		3	0	0	0	0	3	0	1	KN:ja542	mādharo suvapaṇḍito;	
nibbeṭhiyaṃ	sandhi_ending		3	0	0	0	0	3	0	1	KN:mnd8	…ṃ āveṭhiyaṃ karissāmi, kathaṃ nibbeṭhiyaṃ karissāmi, kathaṃ chedaṃ kari…	
nibbhujati	potential_headword	verb (present 3sg)	3	0	0	0	0	3	0	1	KN:mil6.1.6	…aṃ parikupitaṃ kāyaṃ ābhujati nibbhujati samparivattakaṃ karoti.	
nijjhapanaṃ	sandhi_ending		3	0	0	0	0	3	0	1	KN:ja510	Kupitepi te nijjhapanaṃ karonti;	
nikatyā	metrical_variant		3	0	0	0	0	3	0	3	KN:ja218; KN:ja326; KN:ja38	nikatyā sukhamedhati;	
nimīlati	potential_headword	verb (present 3sg)	3	0	0	0	0	3	0	3	KN:tha-ap418; KN:thi-ap15; KN:thi-ap9	akkhi me na nimīlati.	
nārakkhiṃ	sandhi_ending		3	0	0	0	0	3	0	3	KN:cp16; KN:cp17; KN:cp19	nārakkhiṃ mama jīvitaṃ;	
osadhyo	potential_headword		3	0	0	0	0	3	0	3	KN:ja519; KN:ja543; KN:ja547	Tiṇā latāni osadhyo,	
paphandanti	potential_headword	verb (present 3pl)	3	0	0	0	0	3	0	1	KN:mnd2	vipariṇatepi phandanti paphandanti samphandanti vipphandanti ved…	
pariccitā	metrical_variant		3	0	0	0	0	3	0	2	KN:ps1.1; KN:ps2.1	Paññā yassa pariccitā;	
parikittayamāno	potential_headword		3	0	0	0	0	3	0	1	KN:mil5.1.10	…balaṃ pana, mahārāja, bhagavā parikittayamāno evamāha—	
parirañjitā	metrical_variant		3	0	0	0	0	3	0	1	KN:mil3.6.3	…gatā asītiyā ca anubyañjanehi parirañjitā suvaṇṇavaṇṇā kañcanasannibhat…	
paṭicāro	potential_headword		3	0	0	0	0	3	0	1	KN:mil4.5	…iminā puggalena paṭicaratī’ti paṭicāro jānitabbo, gāme paṭicāro jāni…	
paṭititthaṃ	sandhi_ending		3	0	0	0	0	3	0	3	KN:bv2; KN:bv26; KN:bv4	Paṭititthaṃ virajjhiya;	
phalāsāva	potential_headword	particle (possible sandhi)	3	0	0	0	0	3	0	2	KN:ja538; KN:ja8	phalāsāva samijjhati;	
phassayiṃ	sandhi_ending		3	0	0	0	0	3	0	3	KN:tha-ap8; KN:thi-ap15; KN:thi-ap9	nibbānaṃ phassayiṃ ahaṃ.	
phassitabbaṃ	sandhi_ending		3	0	0	0	0	3	0	3	KN:cnd22; KN:cnd23; KN:mnd16	…sambujjhitabbaṃ adhigantabbaṃ phassitabbaṃ sacchikātabbaṃ sabbaṃ taṃ ten…	
pitva	potential_headword	particle (possible sandhi)	3	0	0	0	0	3	0	1	KN:ja512	Yaṃ pitva cittasmimanesamāno,	
piyālaphaladāyako	potential_headword		3	0	0	0	0	3	0	2	KN:tha-ap142; KN:tha-ap502	Itthaṃ sudaṃ āyasmā piyālaphaladāyako thero imā gāthāyo abhāsitthāt…	
piyālā	metrical_variant		3	0	0	0	0	3	0	3	KN:ja535; KN:ja541; KN:tha-ap407	Ambā piyālā panasā ca kiṃsukā;	
pāmado	potential_headword		3	0	0	0	0	3	0	3	KN:ja521; KN:ja527; KN:ja540	Mā dhammaṃ rāja pāmado.	
sakiyā	metrical_variant		3	0	0	0	0	3	0	2	KN:ja446; KN:pv14	Mātā mamesā sakiyā janetti;	
sambujjhitabbaṃ	sandhi_ending		3	0	0	0	0	3	0	3	KN:cnd22; KN:cnd23; KN:mnd16	…bujjhitabbaṃ paṭibujjhitabbaṃ sambujjhitabbaṃ adhigantabbaṃ phassitabbaṃ sa…	
sampaddavī	metrical_variant		3	0	0	0	0	3	0	1	KN:ja539	Hitvā sampaddavī rājā,	
saṃvasitabbaṃ	sandhi_ending		3	0	0	0	0	3	0	2	KN:mil7.3.10; KN:mil7.7.7	…caritakilesamalehi saddhiṃ na saṃvasitabbaṃ.	
saṃviruhitvā	metrical_variant	particle (possible sandhi)	3	0	0	0	0	3	0	1	KN:mil5.1.1	…ni asādiyantiyā mahāpathaviyā saṃviruhitvā daḷhamūlajaṭāpatiṭṭhitā khand…	
saṅkhipiya	potential_headword	adj (-iya suffix)	3	0	0	0	0	3	0	3	KN:ne20; KN:ne3; KN:ne35	Saṅkhipiya aṅkusena hi,	
saṅklesamattano	potential_headword		3	0	0	0	0	3	0	1	KN:ja547	pubbe saṅklesamattano;	
sikkhāni	potential_headword		3	0	0	0	0	3	0	1	KN:mil2	…, tāta nāgasena, brāhmaṇakule sikkhāni sikkheyyāsī”ti.	
sokaṭṭā	metrical_variant		3	0	0	0	0	3	0	2	KN:thi-ap17; KN:thi-ap20	Sokaṭṭā parideviṃsu,	
soḷaseto	potential_headword		3	0	0	0	0	3	0	3	KN:tha-ap114; KN:tha-ap145; KN:tha-ap162	Soḷaseto kappasate,	
sādhīnapaññatti	potential_headword		3	0	0	0	0	3	0	1	KN:pe5	parādhīnapaññatti ca sādhīnapaññatti ca.	
sākhamupasaṃvase	potential_headword		3	0	0	0	0	3	0	3	KN:ja12; KN:ja445; KN:tha-ap537	na sākhamupasaṃvase;	
tadaṅgasanti	potential_headword	verb (present 3pl)	3	0	0	0	0	3	0	1	KN:mnd3	accantasanti, tadaṅgasanti, sammutisanti.	
tapetvāna	potential_headword	verb (present participle)	3	0	0	0	0	3	0	3	KN:ja351; KN:mnd15; KN:mnd6	Atthaṃ tapetvāna paleti sūriyo;	
tisoḷasasahassāni	potential_headword		3	0	0	0	0	3	0	3	KN:bv13; KN:bv18; KN:bv26	Tisoḷasasahassāni,	
tiṇṇakathaṅkatho	potential_headword		3	0	0	0	0	3	0	3	KN:snp1.1; KN:snp1.5; KN:snp2.13	Anigho tiṇṇakathaṅkatho visallo;	
tusayati	potential_headword	verb (present 3sg)	3	0	0	0	0	3	0	1	KN:mil6.3.11	…khandati pasīdati pahaṃsayati tusayati ‘paṭiladdhaṃ kho me nissaraṇa…	
tyāsu	potential_headword	noun (loc pl, fem)	3	0	0	0	0	3	0	1	KN:ja534	Khiḍḍā paṇihitā tyāsu,	
tāvanto	potential_headword		3	0	0	0	0	3	0	3	KN:ja508; KN:ja516; KN:ja518	Tāvanto tassa ubbegā,	
ubbariṃ	sandhi_ending		3	0	0	0	0	3	0	2	KN:ja353; KN:ja517	Adisvā kālaṃ karissāmi ubbariṃ,	
umhayate	potential_headword		3	0	0	0	0	3	0	3	KN:ja197; KN:ja200; KN:ja473	“Na naṃ umhayate disvā,	
upasampādayi	potential_headword		3	0	0	0	0	3	0	3	KN:tha-ap25; KN:tha-ap26; KN:tha-ap341	Upasampādayi buddho,	
upasantiṃ	sandhi_ending		3	0	0	0	0	3	0	3	KN:cnd9; KN:mnd14; KN:mnd9	…bākusalābhisaṅkhārānaṃ santiṃ upasantiṃ vūpasantiṃ nibbutiṃ paṭippass…	
upānayi	potential_headword		3	0	0	0	0	3	0	3	KN:tha-ap291; KN:tha-ap51; KN:tha-ap9	yo me bhikkhaṃ upānayi;	
vaḍḍhitabbaṃ	sandhi_ending		3	0	0	0	0	3	0	3	KN:mil7.3.1; KN:mil7.4.7; KN:mil7.8.6	Vaḍḍhitabbaṃ asekkhaphale’”ti.	
veḷuriyāsu	potential_headword	noun (loc pl, fem)	3	0	0	0	0	3	0	1	KN:ja541	veḷuriyāsu nimmitaṃ;	
vicinitabbaṃ	sandhi_ending		3	0	0	0	0	3	0	2	KN:mil7.5.6; KN:mil7.6.1	…rena bhojanaṃ paṭilabhitvā na vicinitabbaṃ ‘lūkhaṃ vā paṇītaṃ vā sampann…	
vicintayaṃ	sandhi_ending		3	0	0	0	0	3	0	3	KN:cp30; KN:ja533; KN:thi-ap40	paramatthaṃ vicintayaṃ;	
vipallāsīyati	potential_headword	verb (present 3sg)	3	0	0	0	0	3	0	2	KN:ne20; KN:pe1	…utaṃ cittaṃ dvīhi vipallāsehi vipallāsīyati “asubhe subhan”ti “dukkhe suk…	
virajjhiya	potential_headword	adj (-iya suffix)	3	0	0	0	0	3	0	3	KN:bv2; KN:bv26; KN:bv4	Paṭititthaṃ virajjhiya;	
visajjanaṃ	sandhi_ending		3	0	0	0	0	3	0	3	KN:cnd21; KN:ne5; KN:pe5	…maññāyāti sveva pañho dhammo, visajjanaṃ atthoti atthaṃ aññāya jānitvā…	
vocchādanā	metrical_variant		3	0	0	0	0	3	0	3	KN:mnd14; KN:mnd15; KN:mnd3	…nā anuttānikammaṃ anāvikammaṃ vocchādanā pāpakiriyā, ayaṃ vuccati māyā…	
vūpasantiṃ	sandhi_ending		3	0	0	0	0	3	0	3	KN:cnd9; KN:mnd14; KN:mnd9	…isaṅkhārānaṃ santiṃ upasantiṃ vūpasantiṃ nibbutiṃ paṭippassaddhiṃ kitt…	
yamalokiko	potential_headword		3	0	0	0	0	3	0	3	KN:pv19; KN:pv43; KN:pv51	duggato yamalokiko;	
yaṃmūlā	metrical_variant		3	0	0	0	0	3	0	2	KN:ne19; KN:ne3	Ye dhammā yaṃmūlā,	
yevesā	metrical_variant		3	0	0	0	0	3	0	1	KN:mil6.1.4	…asseveso doso, sadā paṭiyattā yevesā paṭipadā.	
yevetaṃ	sandhi_ending		3	0	0	0	0	3	0	1	KN:mil5.5.10	…tānaṃ paṭivedhacintanamānasaṃ yevetaṃ.	
yāpayatoti	potential_headword	verb (present 3sg)	3	0	0	0	0	3	0	2	KN:cnd17; KN:mnd7	…o vattayato pālayato yapayato yāpayatoti—	
yūthikā	metrical_variant		3	0	0	0	0	3	0	3	KN:ja547; KN:tha-ap407; KN:tha-ap414	yūthikā madhugandhiyā;	
ālambano	potential_headword		3	0	0	0	0	3	0	2	KN:mil5.1.6; KN:tha-ap362	…tumhākaṃ upaṭṭhāko bhavissati ālambano cā’ti.	
āvapituṃ	sandhi_ending	verb (aorist 3pl)	3	0	0	0	0	3	0	1	KN:mil6.3.1	…aṃ iṇaṭṭo vā ājīvikapakato vā āvapituṃ vā vikkiṇituṃ vā”ti?	
āveṭhiyaṃ	sandhi_ending		3	0	0	0	0	3	0	1	KN:mnd8	…paṭivisesaṃ karissāmi, kathaṃ āveṭhiyaṃ karissāmi, kathaṃ nibbeṭhiyaṃ…	
āvāsu	potential_headword	noun (loc pl, fem)	3	0	0	0	0	3	0	2	KN:ja464; KN:ja536	Āvāsu kiccesu ca naṃ jahanti,	
āyāpentīti	potential_headword		3	0	0	0	0	3	0	3	KN:cnd23; KN:ps1.4; KN:ps3.5	…aṃ paṭipannassa kusalā dhammā āyāpentīti—	
ītipaṭippassaddhiṃ	sandhi_ending		3	0	0	0	0	3	0	1	KN:cnd22	…ītivūpasamaṃ ītipaṭinissaggaṃ ītipaṭippassaddhiṃ amataṃ nibbānanti—	
ītippahānaṃ	sandhi_ending	noun (gen pl)	3	0	0	0	0	3	0	1	KN:cnd22	Ītippahānaṃ ītivūpasamaṃ ītipaṭinissaggaṃ…	
ītivūpasamaṃ	sandhi_ending		3	0	0	0	0	3	0	1	KN:cnd22	Ītippahānaṃ ītivūpasamaṃ ītipaṭinissaggaṃ ītipaṭippass…	
abbhuggami	potential_headword		2	0	0	0	0	2	0	2	KN:tha-ap21; KN:tha-ap8	nabhaṃ abbhuggami tadā.	
abhibyāpenti	potential_headword	verb (present 3pl)	2	0	0	0	0	2	0	1	KN:mil6.1.5	…ni sammā gandhena disāvidisaṃ abhibyāpenti.	
abhidhammapadānī	metrical_variant		2	0	0	0	0	2	0	1	KN:mil2	“Jānāmi khohaṃ, gahapati, abhidhammapadānī”ti.	
abhinādittha	potential_headword	verb (aorist 3sg)	2	0	0	0	0	2	0	2	KN:tha-ap485; KN:tha-ap560	Ākāso abhinādittha,	
abhipālayāmi	potential_headword	verb (present 1sg)	2	0	0	0	0	2	0	2	KN:pv37; KN:vv84	Imaṃ padesaṃ abhipālayāmi,	
abhissasiṃ	sandhi_ending		2	0	0	0	0	2	0	1	KN:ja547	Svāhaṃ sake abhissasiṃ,	
abhiṭṭhāya	potential_headword	noun (dat sg)	2	0	0	0	0	2	0	1	KN:ja517	abhiṭṭhāya bahuṃ dhanaṃ.	
abhāsisaṃ	sandhi_ending		2	0	0	0	0	2	0	2	KN:pv6; KN:pv7	musāvādaṃ abhāsisaṃ;	
adayhi	potential_headword		2	0	0	0	0	2	0	2	KN:ja162; KN:ja486	Kicchākataṃ paṇṇakuṭiṃ adayhi.	
adhigatappaṭisambhido	potential_headword		2	0	0	0	0	2	0	2	KN:ne13; KN:ps3.1	…nipphattigato vesārajjappatto adhigatappaṭisambhido catuyogavippahīno agatigamana…	
ajeṭṭhamaraṇaṃvāyaṃ	sandhi_ending		2	0	0	0	2	0	2	2	AN:an8.54; AN:an8.55	…eti, tassa bhavanti vattāro: ‘ajeṭṭhamaraṇaṃvāyaṃ kulaputto marissatī’ti.	
akuṭakaṃ	sandhi_ending		2	0	0	0	0	2	0	1	KN:cnd23	kaṭukaṃ labhitvā akuṭakaṃ pariyesanti, akuṭakaṃ labhitv…	
anavakkantadehavā	metrical_variant	particle (possible sandhi)	2	0	0	0	0	2	0	2	KN:tha-ap336; KN:tha-ap424	anavakkantadehavā;	
anutāḷayi	potential_headword		2	0	0	0	0	2	0	1	KN:ja252	laṭṭhiyā anutāḷayi.	
aparisantāsī	metrical_variant		2	0	0	0	0	2	0	1	KN:cnd23	…īho migarājā saddesu asantāsī aparisantāsī anutrāsī anubbiggo anussaṅkī…	
aphassi	potential_headword		2	0	0	0	0	2	0	1	KN:cnd22	…hidevakare dhamme vedi aññāsi aphassi paṭivijjhi.	
aposayi	potential_headword		2	0	0	0	0	2	0	2	KN:ja255; KN:tha-ap537	mātarañca aposayi.	
apothayi	potential_headword		2	0	0	0	0	2	0	2	KN:tha-ap350; KN:tha-ap523	migarājā apothayi;	
appaṭigandhiyā	metrical_variant		2	0	0	0	0	2	0	2	KN:pv13; KN:pv27	sītā appaṭigandhiyā;	
araññajā	metrical_variant		2	0	0	0	0	2	0	2	KN:ja492; KN:ja74	api rukkhā araññajā;	
asampaṭivedho	potential_headword		2	0	0	0	0	2	0	1	KN:ne18	…nusayo, yattha anusayo tattha asampaṭivedho, yattha asampaṭivedho tattha…	
asmiṃdhaloke	potential_headword		2	0	0	0	0	2	0	2	KN:ja486; KN:ja518	Asmiṃdhaloke modati kāmakāmī.	
assāsapassāssā	metrical_variant		2	2	0	0	0	0	2	2	DN:dn33; DN:dn34	Catutthaṃ jhānaṃ samāpannassa assāsapassāssā niruddhā honti.	
asurādhipo	potential_headword		2	0	0	0	0	2	0	2	KN:ja462; KN:ja528	indaṃva asurādhipo”ti.	
atikicchāpetvā	metrical_variant	particle (possible sandhi)	2	0	0	0	0	2	0	1	KN:mil6.1.5	…ṃ bhisakkaṃ sallakattaṃ disvā atikicchāpetvā sabyādhikova paṭinivatteyya,…	
avacuṃ	sandhi_ending	verb (aorist 3pl)	2	0	0	0	0	2	0	1	KN:ja529	Taṃ disvā avacuṃ kaññā,	
avekkhiya	potential_headword	adj (-iya suffix)	2	0	0	0	0	2	0	2	KN:ja420; KN:ja521	Tadāyamatthoti sayaṃ avekkhiya,	
ayājayi	potential_headword		2	0	0	0	0	2	0	2	KN:ja433; KN:tha-ap136	vājapeyyaṃ ayājayi”.	
aṅkolapupphiyattherassāpadānaṃ	long_compound	noun (gen pl)	2	0	0	0	0	2	0	2	KN:tha-ap228; KN:tha-ap367	Aṅkolapupphiyattherassāpadānaṃ chaṭṭhaṃ.	
aṭṭhārasamī	metrical_variant		2	0	0	0	0	2	0	1	KN:ps1.2	ayaṃ aṭṭhārasamī “ahan”ti—	
bahubbidhe	potential_headword		2	0	0	0	0	2	0	2	KN:thi-ap28; KN:thi-ap30	saṃsāre ca bahubbidhe;	
bellaṃ	sandhi_ending		2	0	0	0	0	2	0	2	KN:ja396; KN:ja547	Kharattacaṃ bellaṃ yathāpi satthavā,	
bhallātiyo	potential_headword		2	0	0	0	0	2	0	1	KN:ja504	Bhallātiyo nāma ahosi rājā,	
bhasmī	metrical_variant		2	0	0	0	0	2	0	2	KN:pv37; KN:vv84	Aññatra teniha bhasmī bhavetha,	
bhattusu	potential_headword		2	0	0	0	0	2	0	2	KN:ja535; KN:ja546	Athattakārāni karonti bhattusu,	
bhaṅgaṇaṃ	sandhi_ending		2	0	0	0	0	2	0	2	KN:mnd15; KN:mnd7	…cchati, bhaṅgalokaṃ gacchati, bhaṅgaṇaṃ gacchati, paramabhaṅgaṇaṃ gac…	
bhisado	potential_headword		2	0	0	0	0	2	0	2	KN:tha-ap492; KN:tha-ap72	Parappasādī bhisado,	
bilasataṃ	sandhi_ending		2	0	0	0	0	2	0	1	KN:ja544	Bilasataṃ maṃ katvāna,	
buddhamabhithomayiṃ	sandhi_ending		2	0	0	0	0	2	0	2	KN:tha-ap127; KN:tha-ap395	yaṃ buddhamabhithomayiṃ;	
byāhāsi	potential_headword		2	0	0	0	0	2	0	1	KN:ja481	“Yā mesā byāhāsi pamuñcathetaṃ,	
byāpādādhimutto	potential_headword		2	0	0	0	0	2	0	1	KN:ps1.1	…alo byāpādagaruko byāpādāsayo byāpādādhimutto”ti.	
bārāṇasyaṃ	sandhi_ending		2	0	0	0	0	2	0	2	KN:ja292; KN:ja516	“Bārāṇasyaṃ mahārāja,	
cecco	potential_headword		2	0	0	0	0	2	0	2	KN:ja422; KN:ja530	Pāvekkhi pathaviṃ cecco,	
cemaṃ	sandhi_ending		2	0	0	0	0	2	0	2	KN:ja536; KN:ja546	“Puṇṇampi cemaṃ pathaviṃ dhanena,	
chedayi	potential_headword		2	0	0	0	0	2	0	1	KN:ja313	kaṇṇanāsañca chedayi;	
chāyayā	metrical_variant		2	0	0	0	0	2	0	1	KN:ja493	tassa rukkhassa chāyayā;	
cilācā	metrical_variant		2	0	0	0	0	2	0	1	KN:ja486	“Ukkā cilācā bandhanti dīpe,	
citapūjī	metrical_variant		2	0	0	0	0	2	0	2	KN:tha-ap122; KN:tha-ap302	Citapūjī buddhasaññī,	
cundassānanda	potential_headword		2	0	0	0	0	2	0	1	KN:ud8.5	Cundassānanda, kammāraputtassa evaṃ vippaṭi…	
cāhametamicchāmi	potential_headword	verb (present 1sg)	2	0	0	0	0	2	0	2	KN:ja494; KN:ja541	Na cāhametamicchāmi,	
cārikī	metrical_variant		2	0	0	0	0	2	0	2	KN:thi-ap15; KN:thi-ap9	cārikī āsahaṃ tadā;	
dajjitthiyā	metrical_variant		2	0	0	0	0	2	0	2	KN:ja536; KN:ja546	Dajjitthiyā puriso sammatāya;	
dhammamasuṇiṃ	sandhi_ending		2	0	0	0	0	2	0	2	KN:tha-ap306; KN:tha-ap429	yaṃ dhammamasuṇiṃ tadā;	
dijābhighuṭṭhaṃ	sandhi_ending		2	0	0	0	0	2	0	2	KN:ja526; KN:ja546	Dijābhighuṭṭhaṃ dijasaṅghasevitaṃ;	
disāvidisānuvilokano	potential_headword		2	0	0	0	0	2	0	2	KN:cnd7; KN:mnd10	…chāraṇamatto hoti, na ca tāva disāvidisānuvilokano hoti.	
diṭṭhikalahāni	potential_headword		2	0	0	0	0	2	0	2	KN:mnd13; KN:mnd5	Vivādānīti diṭṭhikalahāni diṭṭhibhaṇḍanāni diṭṭhiviggah…	
dohena	potential_headword	noun (inst sg)	2	0	0	0	0	2	0	2	KN:ja515; KN:ja536	Dohena dhenuṃ jānanti,	
doṇinimmajjaniṃ	sandhi_ending		2	0	0	0	0	2	0	2	KN:pv10; KN:vv33	doṇinimmajjaniṃ ahaṃ;	
dubbidu	potential_headword		2	0	0	0	0	2	0	2	KN:ja464; KN:ja536	Tesaṃ have dubbidu sabbabhāvo.	
dubbinivattā	metrical_variant		2	0	0	0	0	2	0	1	KN:mnd2	…tarā duppatarā dussamatikkamā dubbinivattā.	
dubbinivattāti	potential_headword		2	0	0	0	0	2	0	2	KN:mnd2; KN:mnd3	…tarā duppatarā dussamatikkamā dubbinivattāti—	
dukūlo	potential_headword		2	0	0	0	0	2	0	1	KN:mil5.1.6	Dukūlo ca, mahārāja, tāpaso pārikā c…	
dummī	metrical_variant		2	0	0	0	0	2	0	2	KN:ja489; KN:ja543	“Dummī rajojalladharo,	
dunnibbeṭho	potential_headword		2	0	0	0	0	2	0	2	KN:mil5.2.5; KN:mil5.5.10	…ubhato koṭiko pañho sumahanto dunnibbeṭho tavānuppatto, so tayā nibbāhi…	
dunniveṭhiyo	potential_headword		2	0	0	0	0	2	0	2	KN:mil5.1.4; KN:mil5.2.8	…i ubhato koṭiko pañho sukhumo dunniveṭhiyo andhakaraṇo ceva gambhīro ca,…	
duradhirohaṃ	pronoun_verb_fusion		2	0	0	0	0	2	0	1	KN:mil6.3.10	…paraṃ, mahārāja, girisikharaṃ duradhirohaṃ;	
dussehacchādayiṃ	sandhi_ending		2	0	0	0	0	2	0	2	KN:tha-ap534; KN:tha-ap546	dussehacchādayiṃ tadā.	
dvattiṃsāni	potential_headword		2	0	0	0	0	2	0	2	KN:cnd1; KN:snp5.1	Dvattiṃsāni ca byākkhātā,	
dvidho	potential_headword		2	0	0	0	0	2	0	1	KN:pe8	…nasā ce pasannenāti so pasādo dvidho ajjhattañca abyāpādāvikkhambh…	
ekattamuparocataṃ	sandhi_ending		2	0	0	0	0	2	0	1	KN:ja539	ekattamuparocataṃ”.	
ekañjalimakāsahaṃ	sandhi_ending		2	0	0	0	0	2	0	2	KN:tha-ap31; KN:tha-ap352	ekañjalimakāsahaṃ.	
etitthiyo	potential_headword		2	0	0	0	0	2	0	2	KN:ja464; KN:ja536	Etitthiyo pañca na sevitabbā”ti.	
evaṅgahitānaṃ	sandhi_ending	noun (gen pl)	2	0	0	0	0	2	0	2	KN:ne37; KN:ne5	…daṃ phalaṃ nibbattenti, tesaṃ evaṅgahitānaṃ ayaṃ attho”ti, ayaṃ pariññā.	
evaṅgataṃ	sandhi_ending		2	0	0	0	0	2	0	1	KN:ja541	Nāhaṃ evaṅgataṃ jātu,	
evaṅkāmānaṃ	sandhi_ending	noun (gen pl)	2	0	1	1	0	0	2	2	MN:mn46; SN:sn55.7	Tesaṃ, bhikkhave, sattānaṃ evaṅkāmānaṃ evaṃchandānaṃ evaṃadhippāyāna…	
gandhodakiyattherassāpadānaṃ	long_compound	noun (gen pl)	2	0	0	0	0	2	0	2	KN:tha-ap126; KN:tha-ap56	Gandhodakiyattherassāpadānaṃ catutthaṃ.	
gandhodakiyo	potential_headword		2	0	0	0	0	2	0	2	KN:tha-ap126; KN:tha-ap56	Itthaṃ sudaṃ āyasmā gandhodakiyo thero imā gāthāyo abhāsitthāt…	
ghatamaṇḍamupānayiṃ	sandhi_ending		2	0	0	0	0	2	0	2	KN:tha-ap428; KN:tha-ap498	ghatamaṇḍamupānayiṃ;	
gīyanti	potential_headword	verb (present 3pl)	2	0	0	0	0	2	0	1	KN:mnd15	Anugīyantīti gīyanti niggīyanti kathīyanti bhaṇīya…	
hanusañcopano	potential_headword		2	0	0	0	0	2	0	2	KN:cnd7; KN:mnd10	…ikulānamatto hoti, na ca tāva hanusañcopano hoti.	
iṇadānañca	potential_headword	particle (possible sandhi)	2	0	0	0	0	2	0	2	KN:ja521; KN:ja546	Nidhiñca iṇadānañca,	
jahīyati	potential_headword	verb (present 3sg)	2	0	0	0	0	2	0	1	KN:mnd6	Pahīyatīti pahīyati jahīyati vijahīyati antaradhāyati vipp…	
janittaṃ	sandhi_ending		2	0	0	0	0	2	0	1	KN:ja178	“Janittaṃ me bhavittaṃ me,	
jantubhi	potential_headword		2	0	0	0	0	2	0	2	KN:ja539; KN:ja543	Phalakāmehi jantubhi.	
jotayiṃ	sandhi_ending		2	0	0	0	0	2	0	1	KN:thi-ap35	jotayiṃ jinasāsanaṃ;	
jīvitāvoropano	potential_headword		2	0	0	0	0	2	0	2	KN:cnd7; KN:mnd10	…aḍḍhanamatto hoti, na ca tāva jīvitāvoropano hoti.	
kadambī	metrical_variant		2	0	0	0	0	2	0	2	KN:tha-ap162; KN:tha-ap372	Mandāravo kadambī ca,	
kalasigāmo	potential_headword		2	0	0	0	0	2	0	1	KN:mil3.7.5	“Atthi, bhante, kalasigāmo nāma, tatthāhaṃ jāto”ti.	
kannappakannaṃ	sandhi_ending		2	0	0	0	0	2	0	2	KN:ja464; KN:ja536	Kannappakannaṃ yathā rukkhachāyā;	
kayākayaṃ	sandhi_ending		2	0	0	0	0	2	0	2	KN:kp7; KN:pv5	hiraññena kayākayaṃ;	
kaḷambā	metrical_variant		2	0	0	0	0	2	0	2	KN:tha-ap3; KN:tha-ap407	Āluvā ca kaḷambā ca,	
kaṇikārīti	potential_headword		2	0	0	0	0	2	0	2	KN:tha-ap503; KN:tha-ap558	kaṇikārīti ñāyati;	
kaṇḍarīkinnarānaṃ	sandhi_ending	noun (gen pl)	2	0	0	0	0	2	0	2	KN:ja341; KN:ja536	“Yaṃ ve disvā kaṇḍarīkinnarānaṃ,	
kaṭumikāya	potential_headword	noun (dat sg)	2	0	0	0	0	2	0	1	KN:mil3.7.1	Kathaṃ kaṭumikāya sati uppajjati?	
kepukaṃ	sandhi_ending		2	0	0	0	0	2	0	1	KN:ja327	kathaṃ atari kepukaṃ;	
ketakaṃ	sandhi_ending		2	0	0	0	0	2	0	2	KN:tha-ap134; KN:tha-ap522	Ketakaṃ pupphitaṃ disvā,	
khaṇantālukalambāni	potential_headword		2	0	0	0	0	2	0	2	KN:ja496; KN:ja547	“Khaṇantālukalambāni,	
khepayitvāna	potential_headword	verb (present participle)	2	0	0	0	0	2	0	2	KN:pv38; KN:tha-ap548	saṃsāraṃ khepayitvāna;	
khiḍḍatthiko	potential_headword		2	0	0	0	0	2	0	1	KN:pv36	Khiḍḍatthiko no ca paduṭṭhacitto,	
khuṃsito	potential_headword		2	0	0	0	0	2	0	2	KN:mnd14; KN:mnd16	Rusitoti dūsito khuṃsito ghaṭṭito vambhito garahito up…	
kimabhaññamāhu	potential_headword		2	0	0	0	0	2	0	1	KN:ja541	Imaṃ nu dvāraṃ kimabhaññamāhu,	
kittayi	potential_headword		2	0	0	0	0	2	0	2	KN:tha-ap52; KN:tha-ap8	Evaṃ kittayi sambuddho,	
kittayuṃ	sandhi_ending	verb (aorist 3pl)	2	0	0	0	0	2	0	1	KN:tha-ap3	kittayuṃ lokanāyakaṃ.	
kittayī	metrical_variant		2	0	0	0	0	2	0	2	KN:tha-ap545; KN:tha-ap8	sunandaṃ kittayī jino.	
kiñcanatatthī	metrical_variant		2	0	0	0	2	0	2	2	AN:an3.70; AN:an4.185	…, na ca mama kvacani katthaci kiñcanatatthī’ti.	
kodhasā	metrical_variant		2	0	0	0	0	2	0	2	KN:ja521; KN:ja540	Kodhasā hi bahū phītā,	
koṭisatamabodhayi	potential_headword		2	0	0	0	0	2	0	2	KN:bv10; KN:bv3	koṭisatamabodhayi;	
kukudhaṃ	sandhi_ending		2	0	0	0	0	2	0	1	KN:ud8.5	…tenupasaṅkami; upasaṅkamitvā kukudhaṃ nadiṃ ajjhogāhetvā nhatvā ca…	
kukudhā	metrical_variant		2	0	0	0	0	2	0	1	KN:ud8.5	Ayaṃ, bhante, kukudhā nadī avidūre acchodakā sātoda…	
kumbhilā	metrical_variant		2	0	0	0	0	2	0	2	KN:ja547; KN:tha-ap407	kumbhilā makarā susū.	
kummi	potential_headword		2	0	0	0	0	2	0	2	KN:ja292; KN:ja547	Bhattu apacitiṃ kummi,	
kuntini	potential_headword		2	0	0	0	0	2	0	1	KN:ja343	vasa kuntini māgamā”.	
kuveru	potential_headword		2	0	0	0	0	2	0	1	KN:ja543	Sudassano nisabho kuveru;	
kuṇā	potential_headword		2	0	0	0	0	2	0	1	KN:pv21	“Kena te aṅgulī kuṇā,	
kuṭido	potential_headword		2	0	0	0	0	2	0	2	KN:tha-ap262; KN:tha-ap342	kuṭido aggapupphiyo;	
kāmakaṇḍako	potential_headword		2	0	0	0	0	2	0	2	KN:ud3.2; KN:ud3.3	Maddito kāmakaṇḍako;	
kārāpayiṃ	sandhi_ending		2	0	0	0	0	2	0	2	KN:tha-ap406; KN:tha-ap466	setuṃ kārāpayiṃ ahaṃ;	
kāyūrī	metrical_variant		2	0	0	0	0	2	0	2	KN:ja511; KN:pv34	“Mālī tiriṭī kāyūrī,	
labheyyito	potential_headword		2	0	0	0	0	2	0	1	KN:ja473	aho sopi labheyyito.	
lagetvā	metrical_variant	particle (possible sandhi)	2	0	0	0	0	2	0	2	KN:tha-ap153; KN:tha-ap42	Vicittadusse lagetvā,	
maggamāvārayati	potential_headword	verb (present 3sg)	2	0	0	0	0	2	0	1	KN:ne21	…urā phalaṃ nibbattayati, purā maggamāvārayati, purā veneyyattaṃ samatikkama…	
mahattāsā	metrical_variant		2	0	0	0	0	2	0	1	KN:pv27	Uttasantā mahattāsā,	
makaruṃ	sandhi_ending	verb (aorist 3pl)	2	0	0	0	0	2	0	2	KN:ja533; KN:ja534	Kekāti makaruṃ haṃsā,	
mandālakā	metrical_variant		2	0	0	0	0	2	0	2	KN:ja547; KN:tha-ap3	Mandālakā celakeṭu,	
manusocasi	potential_headword		2	0	0	0	0	2	0	2	KN:ja454; KN:pv18	ajjāpi manusocasi”.	
mattumicche	potential_headword		2	0	0	0	0	2	0	1	KN:ja513	Yo mattumicche pituno pamokkhā”.	
maḷakassa	potential_headword	noun (gen sg)	2	0	0	0	0	2	0	1	KN:cnd1	maḷakassa samāsane;	
maṅkuro	potential_headword		2	0	0	0	0	2	0	1	KN:mil3.1.4	…devamantiyo ca anantakāyo ca maṅkuro ca sabbadinno ca yena milindo…	
mebhisiñcetha	potential_headword		2	0	0	0	0	2	0	1	KN:ja547	Hadayaṃ mebhisiñcetha,	
meko	potential_headword		2	0	0	0	0	2	0	1	KN:ja356	Samaṃ manusso karaṇāya meko;	
missaro	potential_headword		2	0	0	0	0	2	0	1	KN:ja546	“Yo missaro tattha ahosi rājā,	
mitti	potential_headword		2	0	0	0	0	2	0	2	KN:ja131; KN:ja533	Mā me mitti jīyittha sassatāyan”ti.	
mukhasā	metrical_variant		2	0	0	0	0	2	0	2	KN:pv2; KN:pv3	Mākāsi mukhasā pāpaṃ,	
muḷālibhi	potential_headword		2	0	0	0	0	2	0	2	KN:tha-ap414; KN:tha-ap485	khīrasappi muḷālibhi;	
mābhinibbattesi	potential_headword		2	0	0	0	0	2	0	2	KN:cnd15; KN:cnd9	…si mā sañjanesi mā nibbattesi mābhinibbattesi, pajaha vinodehi byantīkarohi…	
mādhara	potential_headword		2	0	0	0	0	2	0	1	KN:ja542	mādhara suvapaṇḍita;	
māniyaṃ	sandhi_ending		2	0	0	0	0	2	0	1	KN:ja520	na taṃ maññanti māniyaṃ.	
mātuñca	potential_headword	particle (possible sandhi)	2	0	0	0	0	2	0	2	KN:ja505; KN:ja508	Mātuñca aṅkasmimahaṃ nisinno,	
māvasema	potential_headword	verb (present 1pl)	2	0	0	0	0	2	0	1	KN:ja546	Yathā vimānaṃ puna māvasema”.	
māvasesi	potential_headword		2	0	0	0	0	2	0	1	KN:ja546	Yathā vimānaṃ puna māvasesi”.	
navutikoṭimabodhayi	potential_headword		2	0	0	0	0	2	0	2	KN:bv10; KN:bv3	navutikoṭimabodhayi.	
naḷinyā	metrical_variant		2	0	0	0	0	2	0	2	KN:pv37; KN:vv84	Rājā yathā vessavaṇo naḷinyā.	
nevavipāko	potential_headword		2	0	0	0	0	2	0	1	KN:pe2	Tattha katamo nevavipāko navipākadhammadhammo?	
nevācinati	potential_headword	verb (present 3sg)	2	0	0	0	0	2	0	2	KN:mnd1; KN:mnd16	So nevācinati nāpacinati, apacinitvā ṭhito.	
nibbeṭhiyā	metrical_variant		2	0	0	0	0	2	0	1	KN:mnd8	…e dukkaṭo, āveṭhiyā te akatā, nibbeṭhiyā te dukkaṭā, chedo te akato, m…	
nibbāpayiṃ	sandhi_ending		2	0	0	0	0	2	0	1	KN:tha-ap465	citaṃ nibbāpayiṃ ahaṃ.	
nigilati	potential_headword	verb (present 3sg)	2	0	0	0	0	2	0	2	KN:ja470; KN:ja535	“Baḷisañhi so nigilati,	
nigumbepi	potential_headword	particle (possible sandhi)	2	0	0	0	0	2	0	1	KN:mil6.3.12	…anepi cīnavilātepi alasandepi nigumbepi kāsikosalepi kasmīrepi gandhā…	
nillokanasīlā	metrical_variant		2	0	0	0	0	2	0	1	KN:ja536	…ca hoti, majjapāyinī ca hoti, nillokanasīlā ca hoti, sadvāraṭhāyinī ca ho…	
niropayitabbaṃ	sandhi_ending		2	0	0	0	0	2	0	1	KN:pe5	…ruttitaṃ avekkhati, idaṃ evaṃ niropayitabbaṃ.	
nisiñcissaṃ	sandhi_ending		2	0	0	0	0	2	0	1	KN:ja543	Chamāyañce nisiñcissaṃ,	
nivātajā	metrical_variant		2	0	0	0	0	2	0	2	KN:ja412; KN:ja465	mama passe nivātajā;	
niyyādayitvāna	potential_headword	verb (present participle)	2	0	0	0	0	2	0	2	KN:bv14; KN:ja538	Buddhe niyyādayitvāna,	
niḷinike	potential_headword		2	0	0	0	0	2	0	1	KN:ja526	Ehi niḷinike gaccha,	
nopaseveyya	potential_headword	verb (optative)	2	0	0	0	0	2	0	2	KN:ja503; KN:ja545	Asante nopaseveyya,	
nvidaṃ	sandhi_ending		2	0	0	0	0	2	0	2	KN:vv30; KN:vv48	Tuyhaṃ nvidaṃ issariyaṃ atho mama,	
nābhyo	potential_headword		2	0	0	0	0	2	0	1	KN:vv64	Imā ca nābhyo manasābhinimmitā,	
nānāni	potential_headword		2	0	0	0	0	2	0	1	KN:mnd12	…ānāti saccāni sutāni bahukāni nānāni vividhāni aññoññāni puthūnīti…	
nāpītikarāpi	potential_headword	particle (possible sandhi)	2	0	0	0	0	2	0	2	KN:ja341; KN:ja536	Sabbattha nāpītikarāpi ce siyā,	
oceyya	potential_headword	verb (optative)	2	0	0	0	0	2	0	1	KN:ja504	Oceyya pupphāni karomi mālaṃ;	
odapeti	potential_headword	verb (present 3sg)	2	0	0	0	0	2	0	1	KN:pe5	…o sacittapariyodāpanā yaṃ yaṃ odapeti, taṃ dukkhaṃ.	
olokayī	metrical_variant		2	0	0	0	0	2	0	2	KN:ja514; KN:tha-ap3	Olokayī pabbatapādamūlaṃ;	
opupphā	metrical_variant		2	0	0	0	0	2	0	2	KN:tha-ap3; KN:tha-ap414	Aññe opupphā padumā,	
osadho	potential_headword		2	0	0	0	0	2	0	1	KN:tha-ap3	osadho sabbapāṇinaṃ;	
pabhāvitametan	sandhi_ending		2	0	2	0	0	0	2	2	MN:mn26; MN:mn85	…bhikkhave, ito pubbe evarūpaṃ pabhāvitametan’ti?	
pabodhikā	metrical_variant		2	0	0	0	0	2	0	2	KN:vv18; KN:vv50	accharānaṃ pabodhikā.	
pakampaye	potential_headword		2	0	0	0	0	2	0	2	KN:ja546; KN:mil7.2.8	vaṃsovāpi pakampaye;	
pakkāmayuṃ	sandhi_ending	verb (aorist 3pl)	2	0	0	0	0	2	0	2	KN:pv39; KN:vv52	Pakkāmayuṃ devagaṇassa santike.	
paminitvā	metrical_variant	particle (possible sandhi)	2	0	0	0	0	2	0	1	KN:mnd12	Sayaṃ pamāyāti sayaṃ pamāya paminitvā.	
parajjhati	potential_headword	verb (present 3sg)	2	0	0	0	0	2	0	1	KN:ja493	Nigrodho kiṃ parajjhati,	
paramasukhī	metrical_variant		2	0	0	0	0	2	0	1	KN:ja526	Yathā bhavaṃ paramasukhī bhaveyya”.	
paribhāsisaṃ	sandhi_ending		2	0	0	0	0	2	0	2	KN:pv43; KN:pv44	bhikkhavo paribhāsisaṃ;	
paridevayi	potential_headword		2	0	0	0	0	2	0	2	KN:ja547; KN:thi-ap25	kalunaṃ paridevayi.	
paridevayuṃ	sandhi_ending	verb (aorist 3pl)	2	0	0	0	0	2	0	2	KN:ja540; KN:ja547	kalūnaṃ paridevayuṃ.	
parimocaye	potential_headword		2	0	0	0	0	2	0	1	KN:ja542	Dukkhā na parimocaye”.	
parimuccitukāmo	potential_headword		2	0	0	0	0	2	0	1	KN:mil5.2.3	…tena rogena dukkhito upaddavā parimuccitukāmo bhisakkaṃ sallakattaṃ āmantāp…	
parimuccitukāmā	pronoun_verb_fusion		2	0	0	0	0	2	0	2	KN:ne25; KN:ne9	Ye apāyehi parimuccitukāmā bhavissanti, te dhammacārino…	
paripothito	potential_headword		2	0	0	0	0	2	0	1	KN:mil5.4.1	Puna ca kira so laguḷehi paripothito bhinnasīso sañcuṇṇitaṭṭhimaṃs…	
paritapati	potential_headword	verb (present 3sg)	2	0	0	0	0	2	0	1	KN:mil6.3.9	Tena kāyopi paritapati, cittampi paritapati, kāye pa…	
paritatte	potential_headword		2	0	0	0	0	2	0	1	KN:mil6.3.9	…ti, cittampi paritapati, kāye paritatte kāyikadukkhavedanaṃ vediyati,…	
pariyukkaṇṭhī	metrical_variant		2	0	0	0	0	2	0	1	KN:ja536	“māyaṃ kuṇālo sakuṇo āsane pariyukkaṇṭhī”ti.	
pariṇāmayiṃ	sandhi_ending		2	0	0	0	0	2	0	2	KN:tha-ap309; KN:tha-ap317	taṃ vanaṃ pariṇāmayiṃ.	
patimābhirādhayiṃ	sandhi_ending		2	0	0	0	0	2	0	2	KN:vv31; KN:vv32	Pasannacittā patimābhirādhayiṃ;	
paṇipacca	potential_headword	particle (possible sandhi)	2	0	0	0	0	2	0	2	KN:tha-ap542; KN:thi-ap18	paṇipacca tathāgataṃ;	
paṇunnakodho	potential_headword		2	0	0	0	0	2	0	2	KN:snp3.4; KN:ud3.6	Paṇunnakodho abhinibbutatto,	
paṇāmīyati	potential_headword	verb (present 3sg)	2	0	0	0	0	2	0	1	KN:mil5.3.12	…, evaṃ jinasāsanavare khalito paṇāmīyati.	
paṭibodhaṃ	sandhi_ending		2	0	0	0	0	2	0	2	KN:vv18; KN:vv50	paṭibodhaṃ karonti me.	
paṭihantabbā	metrical_variant		2	0	0	0	0	2	0	2	KN:mil7.4.3; KN:mil7.8.3	…ntāpatejaṃ abhijanetvā kilesā paṭihantabbā.	
paṭilacchatiyaṃ	sandhi_ending		2	0	0	0	0	2	0	1	KN:tha-ap340	paṭilacchatiyaṃ naro.	
paṭipurisaṃ	sandhi_ending		2	0	0	0	0	2	0	1	KN:mnd8	…i upeti upagacchati paṭisūraṃ paṭipurisaṃ paṭisattuṃ paṭimallaṃ icchant…	
paṭisanthataṃ	sandhi_ending		2	0	0	0	0	2	0	1	KN:ja538	kacci te paṭisanthataṃ”.	
paṭisedhitāro	potential_headword		2	0	0	0	0	2	0	2	KN:ja194; KN:ja519	Na hi nūna santī paṭisedhitāro”.	
paṭissarati	potential_headword	verb (present 3sg)	2	0	0	0	0	2	0	1	KN:pe8	…iti ucchedadiṭṭhi ca, attato paṭissarati sassatadiṭṭhi pubbantato ca p…	
petyā	metrical_variant		2	0	0	0	0	2	0	1	KN:ja527	Matyā ca petyā ca athopi assā;	
peṇāhikā	metrical_variant		2	0	0	0	0	2	0	1	KN:mil7.6.3	“Yathā, mahārāja, peṇāhikā sakapatimhi usūyāya chāpake n…	
phalado	potential_headword		2	0	0	0	0	2	0	2	KN:tha-ap552; KN:tha-ap92	Dve raṃsisaññī phalado,	
phussatiyā	metrical_variant		2	0	0	0	0	2	0	2	KN:cp9; KN:ja547	Yadāhaṃ phussatiyā kucchiṃ,	
pittiko	potential_headword		2	0	0	0	0	2	0	2	KN:mil6.3.5; KN:pe6	…anti, vātiko supinaṃ passati, pittiko supinaṃ passati, semhiko supi…	
piyālaphaladāyakattherassāpadānaṃ	long_compound	noun (gen pl)	2	0	0	0	0	2	0	2	KN:tha-ap142; KN:tha-ap502	Piyālaphaladāyakattherassāpadānaṃ dasamaṃ.	
piyālaphalamādāya	potential_headword	noun (dat sg)	2	0	0	0	0	2	0	2	KN:tha-ap142; KN:tha-ap502	Piyālaphalamādāya,	
pokkharo	potential_headword		2	0	0	0	0	2	0	2	KN:vv18; KN:vv50	Pokkharo ca suphasso ca,	
pucchisaṃ	sandhi_ending		2	0	0	0	0	2	0	2	KN:vv30; KN:vv48	Upecca vandiṃ kusalañca pucchisaṃ;	
pādaloliyaṃ	sandhi_ending		2	0	0	0	0	2	0	2	KN:mnd14; KN:mnd16	Pādaloliyaṃ pajaheyya vinodeyya byantiṃ k…	
pārike	potential_headword		2	0	0	0	0	2	0	1	KN:ja540	“Pārike kāsirājāyaṃ,	
pārikā	metrical_variant		2	0	0	0	0	2	0	1	KN:mil5.1.6	Dukūlo ca, mahārāja, tāpaso pārikā ca tāpasī ubhopi te araññavās…	
pārikāya	potential_headword	noun (dat sg)	2	0	0	0	0	2	0	1	KN:mil5.1.6	…ti dissati, dukūlena tāpasena pārikāya tāpasiyā utunikāle dakkhiṇena…	
pāsārikā	metrical_variant		2	0	0	0	0	2	0	1	KN:mnd8	…ñhavīmaṃsakā parisā pārisajjā pāsārikā, te apaharanti.	
pīḷesu	potential_headword	noun (loc pl)	2	0	0	0	0	2	0	1	KN:pe5	…aṭākaṃ vā sāṭakaṃ vā dve janā pīḷesu ca ekā vā balaṃ vā assa nivāṭ…	
pūriya	potential_headword	adj (-iya suffix)	2	0	0	0	0	2	0	2	KN:cp9; KN:tha-ap1	udakañjali pūriya;	
rajjābhisecayuṃ	sandhi_ending	verb (aorist 3pl)	2	0	0	0	0	2	0	1	KN:ja538	mā maṃ rajjābhisecayuṃ;	
raṃsyā	metrical_variant		2	0	0	0	0	2	0	2	KN:tha-ap87; KN:tha-ap88	Raṃsyā cittaṃ pasādetvā,	
rohiccā	metrical_variant		2	0	0	0	0	2	0	2	KN:ja547; KN:tha-ap3	rohiccā sarabhā migā.	
ropayiṃ	sandhi_ending		2	0	0	0	0	2	0	2	KN:tha-ap200; KN:tha-ap62	ropayiṃ bodhimuttamaṃ.	
rucaṃ	sandhi_ending		2	0	0	0	0	2	0	1	KN:ja545	rucaṃ ruciravaṇṇiniṃ.	
rucāya	potential_headword	noun (dat sg)	2	0	0	0	0	2	0	2	KN:ja545; KN:tha-ap540	Rucāya vacanaṃ sutvā,	
sabbamekattan	sandhi_ending		2	0	0	2	0	0	2	1	SN:sn12.48	“Kiṃ nu kho, bho gotama, sabbamekattan”ti?	
sacehaṃ	sandhi_ending		2	0	0	0	0	2	0	2	KN:cnd23; KN:mnd10	Sacehaṃ na paṭiggahessāmi, evaṃ tumhe…	
saddhammantaradhānan	sandhi_ending		2	0	0	0	0	2	0	1	KN:mil5.1.7	“Bhante nāgasena, ‘saddhammantaradhānan’ti yaṃ vadesi, katamaṃ taṃ sa…	
sahatthipaṃ	sandhi_ending		2	0	0	0	0	2	0	1	KN:ja547	Sāthabbanaṃ sahatthipaṃ;	
sahatthipo	potential_headword		2	0	0	0	0	2	0	2	KN:tha-ap20; KN:tha-ap563	sakappano sahatthipo;	
sakappano	potential_headword		2	0	0	0	0	2	0	2	KN:tha-ap20; KN:tha-ap563	sakappano sahatthipo;	
sambhavitvā	metrical_variant	particle (possible sandhi)	2	0	0	0	0	2	0	1	KN:mil5.1.1	…asādiyantānaṃ antokucchismiṃ sambhavitvā bahuputtanattā vepullataṃ pāp…	
sambodhayati	potential_headword	verb (present 3sg)	2	0	0	0	0	2	0	2	KN:ja508; KN:ja518	sambodhayati yo naro;	
sambule	potential_headword		2	0	0	0	0	2	0	1	KN:ja519	Sambule pariciṇṇena,	
sambulā	metrical_variant		2	0	0	0	0	2	0	1	KN:ja519	Tassāhaṃ sambulā bhariyā,	
sammo	potential_headword		2	0	0	0	0	2	0	1	KN:mil3.3.8	…mmā vajjeyyuṃ, tesu yathā eko sammo, evaṃ cakkhu daṭṭhabbaṃ.	
sampabhāsati	potential_headword	verb (present 3sg)	2	0	0	0	0	2	0	1	KN:mil6.4.1	…tivirocati obhāsati pabhāsati sampabhāsati jalati pajjalati abhibhavati…	
sampadālessāmi	potential_headword	verb (present 1sg)	2	0	0	0	0	2	0	1	KN:mil2	…heyyuṃ, sabbaṃ taṃ visajjetvā sampadālessāmi, ‘khamatha me, bhante’ti vatv…	
sampakkhandati	potential_headword	verb (present 3sg)	2	0	0	0	0	2	0	1	KN:mil3.1.11	…ā anāgāmiphale vā arahatte vā sampakkhandati yogaṃ karoti appattassa patti…	
sampamathitā	metrical_variant		2	0	0	0	0	2	0	2	KN:ja543; KN:ja547	Sālāva sampamathitā,	
sampamussati	potential_headword	verb (present 3sg)	2	0	0	0	0	2	0	1	KN:mnd7	…mussati sammussati pamussati sampamussati paribāhiro hotīti—	
sampamuyhanti	potential_headword	verb (present 3pl)	2	0	0	0	0	2	0	1	KN:mnd2	…maguṇesu muyhanti sammuyhanti sampamuyhanti, mūḷhā sammūḷhā sampamūḷhā av…	
sampatāmi	potential_headword	verb (present 1sg)	2	0	2	0	0	0	2	1	MN:mn12	…ninnena ninnaṃ thalena thalaṃ sampatāmi.	
sampavattayiṃ	sandhi_ending		2	0	0	0	0	2	0	2	KN:tha-ap336; KN:tha-ap424	ukkuṭṭhiṃ sampavattayiṃ;	
sampaṭipādiyitvā	metrical_variant	particle (possible sandhi)	2	0	0	0	0	2	0	2	KN:mnd1; KN:mnd16	Saccaṃ sampaṭipādiyitvā ṭhito.	
sampesi	potential_headword		2	0	0	0	0	2	0	1	KN:ja380	“Sampesi kho maṃ vācāya,	
samuddajā	metrical_variant		2	0	0	0	0	2	0	1	KN:ja543	abhijātā samuddajā”.	
samuddāni	potential_headword		2	0	0	0	0	2	0	1	KN:ja327	Kathaṃ satta samuddāni,	
sandhavo	potential_headword		2	0	0	0	0	2	0	2	KN:mnd1; KN:mnd2	…dhi bhavanetti, vanaṃ vanatho sandhavo sneho apekkhā paṭibandhu, āsā…	
sandhisamalasaṅkaṭire	potential_headword		2	0	0	0	0	2	0	1	KN:mnd7	…ati apajjhāyati, yathā biḷāro sandhisamalasaṅkaṭire mūsikaṃ magayamāno jhāyati pa…	
sandhūmāyanti	potential_headword	verb (present 3pl)	2	0	0	0	2	0	2	1	AN:an7.66	…eru ca pabbatarājā dhūmāyanti sandhūmāyanti sampadhūmāyanti.	
sandāpesin	sandhi_ending		2	0	0	0	0	2	0	1	KN:mil5.1.5	…ja, imaṃ mahāgaṅgaṃ paṭisotaṃ sandāpesin’ti.	
sandāpetun	sandhi_ending		2	0	0	0	0	2	0	1	KN:mil5.1.5	…yo imaṃ mahāgaṅgaṃ paṭisotaṃ sandāpetun’ti.	
santhavitvā	metrical_variant	particle (possible sandhi)	2	0	0	0	0	2	0	2	KN:tha-ap546; KN:tha-ap549	santhavitvā mahāguṇaṃ;	
santiphusanāya	potential_headword	noun (dat sg)	2	0	0	0	0	2	0	2	KN:cnd15; KN:mnd14	…rena ye dhammā santādhigamāya santiphusanāya santisacchikiriyāya saṃvattan…	
sayaṅkatena	potential_headword	noun (inst sg)	2	0	0	0	0	2	0	1	KN:mil5.3.11	…āgatānaṃ anumatiyā ghātīyati, sayaṅkatena so ghātīyati, api ca dhammānu…	
sañjanī	metrical_variant		2	0	0	0	0	2	0	2	KN:tha-ap547; KN:thi-ap24	asañjātañca sañjanī.	
saṃhacca	potential_headword	particle (possible sandhi)	2	0	0	0	0	2	0	1	KN:ja534	Uraṃ saṃhacca tiṭṭhanti,	
saṃhīro	potential_headword		2	0	0	0	0	2	0	2	KN:ja508; KN:ja518	Yo cāmisena saṃhīro,	
saṃpīḷe	potential_headword		2	0	0	0	0	2	0	1	KN:cp23	saṃpīḷe patiposito;	
saṃsi	potential_headword		2	0	0	0	0	2	0	2	KN:ja417; KN:ja474	Dhammo mato ko nu taveva saṃsi;	
saṃsibbitavisibbitattā	metrical_variant		2	0	0	0	0	2	0	1	KN:mil5.1.2	Saṃsibbitavisibbitattā sākhānaṃ.	
saṃvaṭṭaye	potential_headword		2	0	0	0	0	2	0	2	KN:ja506; KN:ja537	Saṃvaṭṭaye bhūtadharā vasundharā;	
saṃviditvā	metrical_variant	particle (possible sandhi)	2	0	0	0	0	2	0	2	KN:ja335; KN:ja524	Thāmabbalaṃ attani saṃviditvā;	
saṃvisaṭṭho	potential_headword		2	0	0	0	0	2	0	2	KN:tha-ap491; KN:tha-ap551	Saṃvisaṭṭho bhavitvāna,	
saṅghaṭṭamānāni	potential_headword		2	0	0	0	0	2	0	2	KN:snp1.3; KN:tha-ap2	Saṅghaṭṭamānāni duve bhujasmiṃ,	
saṅkalahaṃ	sandhi_ending		2	0	0	0	0	2	0	1	KN:ja535	Iccabravī saṅkalahaṃ udīrayi;	
saṅkitabbāni	potential_headword		2	0	0	0	0	2	0	2	KN:ja311; KN:ja412	“Saṅkeyya saṅkitabbāni,	
saṅkiyate	potential_headword		2	0	0	0	0	2	0	1	KN:pe8	Atha vā naṃ saṅkiyate appetu āgāre vā, sukhumā vā s…	
sekkhāni	potential_headword		2	0	0	0	0	2	0	1	KN:ne15	…o, sā sekkhāvimutti, tāniyeva sekkhāni pañcindriyāni.	
sereyyako	potential_headword		2	0	0	0	0	2	0	2	KN:tha-ap123; KN:tha-ap132	Itthaṃ sudaṃ āyasmā sereyyako thero imā gāthāyo abhāsitthāt…	
sindhaka	potential_headword		2	0	0	0	0	2	0	1	KN:pv21	Dukkhaṃ supāmi sindhaka,	
sinehayati	potential_headword	verb (present 3sg)	2	0	0	0	0	2	0	1	KN:mil5.3.4	…rāja, tathāgatassa vācā satte sinehayati, muduke karoti.	
sirasaṃ	sandhi_ending		2	0	0	0	0	2	0	1	KN:ja536	…muñcati, dussaṃ paṭibandhati, sirasaṃ muñcati, sirasaṃ bandhati—	
sirikaṃ	sandhi_ending		2	0	0	0	0	2	0	1	KN:tha-ap8	Āruyha sirikaṃ nāgaṃ,	
siṃsare	potential_headword		2	0	0	0	0	2	0	1	KN:vv64	Mano tavaññāya tatheva siṃsare.	
siṅgū	metrical_variant		2	0	0	0	0	2	0	2	KN:ja535; KN:ja547	Siṅgū savaṅkā saṅkulā,	
sopajja	potential_headword		2	0	0	0	0	2	0	2	KN:bv2; KN:ja534	Sopajja vāyati gandho,	
sopādisesaṃ	sandhi_ending		2	0	0	0	0	2	0	1	KN:pe8	…uhuttaṃ ubhayameva avedayitaṃ sopādisesaṃ yañca anupādisesaṃ yañca taṃ…	
soḷārapaññāṇo	potential_headword		2	0	0	0	0	2	0	1	KN:ja531	Kuso soḷārapaññāṇo,	
sukhāpito	potential_headword		2	0	0	0	0	2	0	1	KN:mil3.7.1	Yamhi sukhāpito, ‘amukasmiṃ evaṃ sukhāpito’ti…	
sumanatālavaṇṭiyattherassāpadānaṃ	long_compound	noun (gen pl)	2	0	0	0	0	2	0	2	KN:tha-ap380; KN:tha-ap467	Sumanatālavaṇṭiyattherassāpadānaṃ aṭṭhamaṃ.	
sumanatālavaṇṭiyo	potential_headword		2	0	0	0	0	2	0	2	KN:tha-ap380; KN:tha-ap467	Itthaṃ sudaṃ āyasmā sumanatālavaṇṭiyo thero imā gāthāyo abhāsitthāt…	
svāssu	potential_headword		2	0	0	0	0	2	0	2	KN:ja29; KN:ja507	svāssu taṃ vahate dhuran”ti.	
sālakusumiyo	potential_headword		2	0	0	0	0	2	0	2	KN:tha-ap463; KN:tha-ap472	Itthaṃ sudaṃ āyasmā sālakusumiyo thero imā gāthāyo abhāsitthāt…	
sātave	potential_headword	infinitive	2	0	0	0	0	2	0	1	KN:ja545	bījako sātave rato.	
sāthabbanaṃ	sandhi_ending		2	0	0	0	0	2	0	1	KN:ja547	Sāthabbanaṃ sahatthipaṃ;	
sīliyaṃ	sandhi_ending		2	0	0	0	0	2	0	2	KN:ja321; KN:ja451	vītivattassu sīliyaṃ;	
sūcikaṭṭā	metrical_variant		2	0	0	0	0	2	0	1	KN:pv27	Te duggatā sūcikaṭṭā,	
sūlo	potential_headword		2	0	0	0	0	2	0	2	KN:ja216; KN:pv36	na sūlo sādhutacchito;	
tadetarā	metrical_variant		2	0	0	0	0	2	0	1	KN:thi-ap17	Tadetarā bhikkhuniyo jinaggaṃ,	
takkalāni	potential_headword		2	0	0	0	0	2	0	2	KN:ja547; KN:tha-ap407	bilāni takkalāni ca;	
tappitabbaṃ	sandhi_ending		2	0	0	0	0	2	0	2	KN:mil7.3.10; KN:mil7.6.9	…inasāsanavaraṃ suṇantenāpi na tappitabbaṃ.	
taraṇo	potential_headword		2	0	0	0	0	2	0	2	KN:tha-ap272; KN:tha-ap492	rakkhaso taraṇo dasa;	
tattamivaṃ	sandhi_ending		2	0	0	0	0	2	0	2	KN:pv37; KN:vv84	Ujjaṅgalaṃ tattamivaṃ kapālaṃ,	
tavīme	potential_headword		2	0	0	0	0	2	0	2	KN:ja163; KN:ja509	“Kāḷā migā setadantā tavīme,	
taṭṭhāne	potential_headword		2	0	0	0	0	2	0	1	KN:mil6.1.2	…bhante, so puriso rājūpajīvī, taṭṭhāne ṭhapento rājā upāyanaṃ detī”t…	
teniha	potential_headword		2	0	0	0	0	2	0	2	KN:pv37; KN:vv84	Aññatra teniha bhasmī bhavetha,	
tepajjubho	potential_headword		2	0	0	0	0	2	0	1	KN:bv2	Tepajjubho abhiravanti,	
tepākāsevalambare	potential_headword		2	0	0	0	0	2	0	2	KN:pv13; KN:pv27	tepākāsevalambare;	
teraseto	potential_headword		2	0	0	0	0	2	0	2	KN:tha-ap192; KN:tha-ap206	Teraseto kappasate,	
tevaṅgataṃ	sandhi_ending		2	0	0	0	0	2	0	1	KN:ja526	yassa tevaṅgataṃ phalaṃ;	
thomako	potential_headword		2	0	0	0	0	2	0	2	KN:tha-ap253; KN:tha-ap302	Itthaṃ sudaṃ āyasmā thomako thero imā gāthāyo abhāsitthāt…	
tigumbaṃ	sandhi_ending		2	0	0	0	0	2	0	2	KN:mnd15; KN:mnd7	…yamāno khuppipāsāya miyyamāno tigumbaṃ gacchati, takkolaṃ gacchati,…	
tiraṃsiyo	potential_headword		2	0	0	0	0	2	0	2	KN:tha-ap320; KN:tha-ap322	Itthaṃ sudaṃ āyasmā tiraṃsiyo thero imā gāthāyo abhāsitthāt…	
tiriṭivacchassa	potential_headword	noun (gen sg)	2	0	0	0	0	2	0	2	KN:tha-ap533; KN:thi-ap19	Putto tiriṭivacchassa,	
tisūlaṃ	sandhi_ending		2	0	0	0	0	2	0	2	KN:tha-ap503; KN:tha-ap558	Tisūlaṃ sukataṃ gayha,	
tiṇalatāni	potential_headword		2	0	0	0	0	2	0	2	KN:ja543; KN:ja547	Tiṇalatāni osadhyo,	
tulayituṃ	sandhi_ending	verb (aorist 3pl)	2	0	0	0	0	2	0	2	KN:mil3.4.2; KN:pe3	…sakkā, mahārāja, loṇaṃ tulāya tulayituṃ, garubhāvo tulāya tuliyatī”ti…	
tuvaṭṭāmi	potential_headword	verb (present 1sg)	2	0	0	0	0	2	0	2	KN:tha-ap100; KN:tha-ap408	Sayanehaṃ tuvaṭṭāmi,	
tvevekacciyo	potential_headword		2	0	0	0	0	2	0	2	KN:ja482; KN:ja73	na tvevekacciyo naro”ti.	
tyājānamānāya	potential_headword	noun (dat sg)	2	0	0	0	0	2	0	1	KN:pv15	Tassā tyājānamānāya,	
tāmaliṃ	sandhi_ending		2	0	0	0	0	2	0	2	KN:mnd15; KN:mnd7	…haṃ gacchati, javaṃ gacchati, tāmaliṃ gacchati, vaṅgaṃ gacchati, eḷ…	
tīṇuppalamāliyo	potential_headword		2	0	0	0	0	2	0	2	KN:tha-ap344; KN:tha-ap375	Itthaṃ sudaṃ āyasmā tīṇuppalamāliyo thero imā gāthāyo abhāsitthāt…	
tūlabibbohanāsu	potential_headword	noun (loc pl, fem)	2	0	0	2	0	0	2	1	SN:sn20.8	te mudukāsu seyyāsu tūlabibbohanāsu yāvasūriyuggamanā seyyaṃ kapp…	
ubbāhetthā	metrical_variant		2	0	0	0	0	2	0	1	KN:ja536	…ddhānapariyāyapathe kilamatho ubbāhetthā”ti.	
udattassa	potential_headword	noun (gen sg)	2	0	0	0	0	2	0	1	KN:ne36	Ime diṭṭhicaritassa udattassa upakkilesā.	
udavāsi	potential_headword		2	0	0	0	0	2	0	2	KN:pv37; KN:vv84	Devo nu āsi udavāsi yakkho,	
uddhaṅkhitto	potential_headword		2	0	0	0	2	0	2	1	AN:an10.217	…āpi, bhikkhave, apaṇṇako maṇi uddhaṅkhitto yena yeneva patiṭṭhāti suppat…	
ujjālayiṃ	sandhi_ending		2	0	0	0	0	2	0	2	KN:tha-ap418; KN:tha-ap542	dīpaṃ ujjālayiṃ ahaṃ;	
upagañchu	potential_headword		2	0	0	0	0	2	0	2	KN:cp3; KN:cp9	brāhmaṇā upagañchu maṃ;	
upaguyha	potential_headword		2	0	0	0	0	2	0	2	KN:ja544; KN:ja546	Handa ca maṃ upaguyha,	
upajūtañca	potential_headword	particle (possible sandhi)	2	0	0	0	0	2	0	1	KN:ja543	upajūtañca kiṃ siyā.	
upapphusī	metrical_variant		2	0	0	0	0	2	0	1	KN:ja536	…vā rajo vā vāto vā ussāvo vā upapphusī”ti.	
uparavanti	potential_headword	verb (present 3pl)	2	0	0	0	0	2	0	1	KN:ja544	Nagaramhi na uparavanti rājānaṃ,	
uparodanti	potential_headword	verb (present 3pl)	2	0	0	0	0	2	0	2	KN:cp9; KN:ja547	uparodanti dārakā.	
uparucchanti	potential_headword	verb (present 3pl)	2	0	0	0	0	2	0	1	KN:ja547	uparucchanti dārakā;	
uparūparūpapattiko	potential_headword		2	0	0	0	0	2	0	1	KN:mil2	…, idhevāhaṃ, bhante, devaloke uparūparūpapattiko hutvā parinibbāyissāmī”ti.	
upasirī	metrical_variant		2	0	0	0	0	2	0	2	KN:bv14; KN:bv9	Sirī upasirī vaḍḍho,	
upasivo	potential_headword		2	0	0	0	0	2	0	2	KN:tha-ap407; KN:tha-ap412	Itthaṃ sudaṃ āyasmā upasivo thero imā gāthāyo abhāsitthāt…	
upāramāmi	potential_headword	verb (present 1sg)	2	0	0	0	0	2	0	2	KN:ja470; KN:ja535	Esāhamajjeva upāramāmi,	
upāsitvā	metrical_variant	particle (possible sandhi)	2	0	0	0	0	2	0	2	KN:ja533; KN:tha-ap551	Sukhitaṃ taṃ upāsitvā,	
usindaro	potential_headword		2	0	0	0	0	2	0	2	KN:ja541; KN:ja545	Usindaro kassapo ca,	
vandayiṃ	sandhi_ending		2	0	0	0	0	2	0	2	KN:tha-ap401; KN:tha-ap553	vandayiṃ taṃ mahāyasaṃ.	
varate	potential_headword		2	0	0	0	0	2	0	1	KN:ja532	mātā taṃ varate ise.	
varitaṃ	sandhi_ending		2	0	0	0	0	2	0	1	KN:mil5.5.8	…kassaci ārādhakassa pasīditvā varitaṃ varaṃ datvā kāmena tappayati,…	
vatthehacchādayitvāna	potential_headword	verb (present participle)	2	0	0	0	0	2	0	2	KN:pv10; KN:pv15	Vatthehacchādayitvāna,	
vaṭṭaṅgulī	metrical_variant		2	0	0	0	0	2	0	2	KN:ja506; KN:ja527	Vaṭṭaṅgulī tambatalūpapannā;	
vesamaṃ	sandhi_ending		2	0	0	0	0	2	0	2	KN:mnd2; KN:mnd6	vesamaṃ natthi lakkhaṇe.	
vesuṅgaṃ	sandhi_ending		2	0	0	0	0	2	0	2	KN:mnd15; KN:mnd7	…gacchati, purapūraṃ gacchati, vesuṅgaṃ gacchati, verāpathaṃ gacchati…	
veḷamissakena	potential_headword	noun (inst sg)	2	0	0	2	0	0	2	1	SN:sn47.9	…thāpi, ānanda, jajjarasakaṭaṃ veḷamissakena yāpeti;	
vibhedikā	metrical_variant		2	0	0	0	0	2	0	1	KN:ja547	Vibhedikā nāḷikerā,	
vicarantyā	metrical_variant		2	0	0	0	0	2	0	1	KN:ja547	vicarantyā brahāvane;	
vicchindiyamāno	potential_headword		2	0	0	0	0	2	0	2	KN:mnd13; KN:mnd3	Evaṃ vicchindiyamāno satthāraṃ nirassati, dhammakk…	
vicikicchitabbaṃ	sandhi_ending		2	0	0	0	0	2	0	1	KN:pe4	…suttaṃ niddisituṃ neva suttaṃ vicikicchitabbaṃ.	
vidhūmitaṃ	sandhi_ending		2	0	0	0	0	2	0	1	KN:cnd7	vidhūmoti kāyaduccaritaṃ vidhūmitaṃ vidhamitaṃ sositaṃ visositaṃ…	
vigatakathaṅkathaṃ	sandhi_ending		2	2	0	0	0	0	2	1	DN:dn19	Evaṃ tiṇṇavicikicchaṃ vigatakathaṅkathaṃ pariyositasaṅkappaṃ ajjhāsaya…	
vijahīyati	potential_headword	verb (present 3sg)	2	0	0	0	0	2	0	1	KN:mnd6	Pahīyatīti pahīyati jahīyati vijahīyati antaradhāyati vippalujjati.	
vikkhāyitakasaññāvasena	potential_headword	noun (inst sg)	2	0	0	0	0	2	0	1	KN:ps1.1	vikkhāyitakasaññāvasena …	
vinakaṃ	sandhi_ending		2	0	0	0	0	2	0	2	KN:mnd15; KN:mnd7	…cchati, paramayonaṃ gacchati, vinakaṃ gacchati, mūlapadaṃ gacchati,…	
vinivattayiṃ	sandhi_ending		2	0	0	0	0	2	0	2	KN:thi-ap15; KN:thi-ap9	mānasaṃ vinivattayiṃ;	
vinodayī	metrical_variant		2	0	0	0	0	2	0	2	KN:pv37; KN:vv84	Diṭṭhivisūkāni vinodayī me.	
vipallāsayati	potential_headword	verb (present 3sg)	2	0	0	0	0	2	0	1	KN:ne20	So kiṃ vipallāsayati?	
viphaleyya	potential_headword	verb (optative)	2	0	0	0	0	2	0	2	KN:ja513; KN:ja537	Muddhāpi tassa viphaleyya sattadhā,	
virasampi	potential_headword	particle (possible sandhi)	2	0	0	0	0	2	0	2	KN:mil5.3.4; KN:mil6.1.8	…, duggandhampi gomuttaṃ pītaṃ virasampi agadaṃ khāyitaṃ sattānaṃ byād…	
visajjaṃ	sandhi_ending		2	0	0	0	0	2	0	2	KN:cnd8; KN:mnd4	…ṭaṃ vā sandamānikaṃ vā sajjaṃ visajjaṃ karonti vikopenti—	
visaritaṃ	sandhi_ending		2	0	0	0	0	2	0	2	KN:cnd23; KN:mnd16	…uṃ vidhametvā ca taṇhājāliniṃ visaritaṃ visattikaṃ pajahi vinodesi by…	
vissajāmi	potential_headword	verb (present 1sg)	2	0	0	0	0	2	0	2	KN:ja533; KN:ja534	issariyaṃ vissajāmi vo”.	
visīlaṃ	sandhi_ending		2	0	0	0	0	2	0	2	KN:ja503; KN:ja545	Sīlavantaṃ visīlaṃ vā,	
vitacaṃ	sandhi_ending		2	0	0	0	0	2	0	1	KN:ja545	Vidaḍḍhakāyaṃ vitacaṃ,	
viveciyamāno	potential_headword		2	0	0	0	0	2	0	1	KN:ne36	…ariccattā bhavanti, so kāmehi viveciyamāno dukkhena paṭinissarati dandha…	
vosaggesu	potential_headword	noun (loc pl)	2	0	0	0	0	2	0	1	KN:ps3.4	Imesu pañcasu vosaggesu chandajāto hoti saddhādhimutt…	
vosajjanto	potential_headword		2	0	0	0	0	2	0	2	KN:ps1.1; KN:ps1.5	Vosajjanto vivaṭṭatīti—	
vosajjati	potential_headword	verb (present 3sg)	2	0	0	0	0	2	0	1	KN:ps1.4	Vivaṭṭitattā tato vosajjati—	
vosajjitattā	metrical_variant		2	0	0	0	0	2	0	1	KN:ps1.4	Vosajjitattā tato nirujjhanti—	
vāgīso	potential_headword		2	0	0	0	0	2	0	2	KN:tha-ap533; KN:tha-ap546	vāgīso madhurassaro;	
vārayituṃ	sandhi_ending	verb (aorist 3pl)	2	0	0	0	0	2	0	2	KN:ja446; KN:ja505	Arahāmi no vārayituṃ tato”.	
yamimaṃ	sandhi_ending		2	0	0	0	0	2	0	2	KN:ja349; KN:ja504	yamimaṃ passasi sārathi;	
yamuddhariṃ	sandhi_ending		2	0	0	0	0	2	0	2	KN:ja482; KN:ja511	“Yamuddhariṃ vāhane vuyhamānaṃ,	
yañcekena	potential_headword	noun (inst sg)	2	0	0	0	0	2	0	1	KN:mil5.4.3	…panettha viseso, kiṅkāraṇaṃ, yañcekena musāvādena ucchijjati, yañcek…	
yaṃnūnimaṃ	sandhi_ending		2	0	0	0	0	2	0	2	KN:bv2; KN:ja525	Yaṃnūnimaṃ pūtikāyaṃ,	
yaṅgatikāni	potential_headword		2	0	0	2	0	0	2	1	SN:sn48.53	Yaṅgatikāni yaṃparamāni yaṃphalāni yaṃpar…	
yimaṃ	sandhi_ending		2	0	0	0	0	2	0	2	KN:mil5.3.1; KN:mil5.5.5	…balavatā atibuddhinā tayā, na yimaṃ pañhaṃ samattho añño evaṃ vin…	
yūthikapupphiyattherassāpadānaṃ	long_compound	noun (gen pl)	2	0	0	0	0	2	0	2	KN:tha-ap169; KN:tha-ap202	Yūthikapupphiyattherassāpadānaṃ sattamaṃ.	
yūthiko	potential_headword		2	0	0	0	0	2	0	2	KN:tha-ap172; KN:tha-ap202	yūthiko dussadāyako;	
āhatva	potential_headword	particle (possible sandhi)	2	0	0	0	0	2	0	2	KN:ja520; KN:ja547	vane āhatva kaṇṭakaṃ”.	
ālampa	potential_headword		2	0	0	0	0	2	0	1	KN:ja543	“Tvaṃ maṃ nāgena ālampa,	
āmagiddho	potential_headword		2	0	0	0	0	2	0	1	KN:ja542	Āmagiddho na jānāti,	
ānamanā	metrical_variant		2	0	0	0	0	2	0	1	KN:ps1.3	…ehi kāyasaṅkhārehi yā kāyassa ānamanā vinamanā sannamanā paṇamanā i…	
ānayituṃ	sandhi_ending	verb (aorist 3pl)	2	0	0	0	0	2	0	2	KN:ja454; KN:pv18	Sakkā ānayituṃ kaṇha,	
āsādayiṃ	sandhi_ending		2	0	0	0	0	2	0	2	KN:ja526; KN:tha-ap8	Āsādayiṃ acchaṃ sughorarūpaṃ;	
āveḷinī	metrical_variant		2	0	0	0	0	2	0	2	KN:vv30; KN:vv48	Āveḷinī kañcanasannibhattace;	
āveṭhiyā	metrical_variant		2	0	0	0	0	2	0	1	KN:mnd8	…akato, paṭiviseso te dukkaṭo, āveṭhiyā te akatā, nibbeṭhiyā te dukka…	
āyūhinī	metrical_variant		2	0	0	0	0	2	0	2	KN:mnd1; KN:mnd2	…ritā visattikā, suttaṃ visatā āyūhinī dutiyā paṇidhi bhavanetti, va…	
āṭā	potential_headword		2	0	0	0	0	2	0	2	KN:ja506; KN:ja547	Āṭā sakuntābhirudā sutitthā;	
ītipaṭinissaggaṃ	sandhi_ending		2	0	0	0	0	2	0	1	KN:cnd22	Ītippahānaṃ ītivūpasamaṃ ītipaṭinissaggaṃ ītipaṭippassaddhiṃ amataṃ nib…	
ṃ	ocr_error		2	0	0	0	0	2	0	2	KN:mnd16; KN:mnd8	Kathojjaṃ vuccati kalaho bhaṇḍanaṃ vigg…	
abbhuddhunantā	metrical_variant		1	0	0	0	0	1	0	1	KN:vv64	Abbhuddhunantā sukate piḷandhane;	
abbāhayantipi	potential_headword	particle (possible sandhi)	1	0	0	0	0	1	0	1	KN:ja495	satthaṃ abbāhayantipi.	
abhayappado	potential_headword		1	0	0	0	0	1	0	1	KN:tha-ap546	bhītānaṃ abhayappado;	
abhibbhavitvā	metrical_variant	particle (possible sandhi)	1	0	0	0	0	1	0	1	KN:tha-ap2	Sabbānipetāni abhibbhavitvā,	
abhibyāpeti	potential_headword	verb (present 3sg)	1	0	0	0	0	1	0	1	KN:mil6.1.5	…andhaṃ, taṃ samantā vidhūpeti abhibyāpeti.	
abhicchedo	potential_headword		1	0	0	0	0	1	0	1	KN:pe5	Tattha abhicchedo ayaṃ tattha tatiyaṃ balaṃ niv…	
abhicchitā	metrical_variant		1	0	0	0	0	1	0	1	KN:ja542	rājaputtī abhicchitā;	
abhigajjiya	potential_headword	adj (-iya suffix)	1	0	0	0	0	1	0	1	KN:cp30	pajjunno abhigajjiya;	
abhighuṭṭhe	potential_headword		1	0	0	0	0	1	0	1	KN:bv6	abhighuṭṭhe pavāraṇe;	
abhihiṃsanāya	potential_headword	noun (dat sg)	1	0	0	0	0	1	0	1	KN:vv64	Khurassa nādo abhihiṃsanāya ca;	
abhijaccabalaṃ	sandhi_ending		1	0	0	0	0	1	0	1	KN:ja521	Abhijaccabalaṃ ceva,	
abhijanetvā	metrical_variant	particle (possible sandhi)	1	0	0	0	0	1	0	1	KN:mil7.4.3	…gāvacarena vīriyasantāpatejaṃ abhijanetvā kilesā paṭihantabbā.	
abhijjantyā	metrical_variant		1	0	0	0	0	1	0	1	KN:ja547	Pathabyāpi abhijjantyā,	
abhijīhanāya	potential_headword	noun (dat sg)	1	0	0	0	0	1	0	1	KN:ja452	Kālañca ñatvā abhijīhanāya,	
abhikittayi	potential_headword		1	0	0	0	0	1	0	1	KN:tha-ap543	sāvakaṃ abhikittayi.	
abhilambanti	potential_headword	verb (present 3pl)	1	0	0	0	0	1	0	1	KN:ja530	Ubhato abhilambanti,	
abhilambantā	metrical_variant		1	0	0	0	0	1	0	1	KN:tha-ap3	Ubhato abhilambantā,	
abhilapati	potential_headword	verb (present 3sg)	1	0	0	0	0	1	0	1	KN:pe8	…ammopapatti sabbaṃ taṃ jotīti abhilapati ayamekatā paccayo yonisomanas…	
abhilimpati	potential_headword	verb (present 3sg)	1	0	0	0	0	1	0	1	KN:ne5	Sā kathaṃ abhilimpati?	
abhilitto	potential_headword		1	0	0	0	0	1	0	1	KN:ne5	…ijappā”ti karitvā tattha loko abhilitto nāma bhavati, tena ca tatiyas…	
abhimānikā	metrical_variant		1	0	0	0	0	1	0	1	KN:pe8	Bāhikā sabbe bhikkhū abhimānikā, te na ca cetenti, na ca patt…	
abhinaditvāna	potential_headword	verb (present participle)	1	0	0	0	0	1	0	1	KN:ja479	Nāgo koñcova abhinaditvāna;	
abhinibbidhā	metrical_variant		1	0	0	0	0	1	0	1	KN:ne21	…a paccupaṭṭhitaṃ na ca bhabbo abhinibbidhā gantunti taṃ bhagavā na ovada…	
abhinibbānagato	potential_headword		1	0	0	0	0	1	0	1	KN:pe1	Tena attanā abhinibbānagato vitiṇṇakaṅkho;	
abhinisābhūmi	potential_headword		1	0	0	0	0	1	0	1	KN:pe8	…khā catutthe jhāne jhānaṅgaṃ, abhinisābhūmi upekkhāsatipārisuddhi catutth…	
abhinivejjetvā	metrical_variant	particle (possible sandhi)	1	0	0	0	0	1	0	1	KN:iti86	…avitakkaṃ, tadubhayaṃ vā pana abhinivejjetvā upekkhako viharati sato sampa…	
abhinādayittha	potential_headword	verb (aorist 3sg)	1	0	0	0	0	1	0	1	KN:ja535	Disā imāyo abhinādayittha;	
abhinādenti	potential_headword	verb (present 3pl)	1	0	0	0	0	1	0	1	KN:ja547	Abhinādenti pavanaṃ,	
abhinādeti	potential_headword	verb (present 3sg)	1	0	0	0	0	1	0	1	KN:ja172	abhinādeti daddaraṃ;	
abhināmayiṃ	sandhi_ending		1	0	0	0	0	1	0	1	KN:tha-ap45	abhināmayiṃ saṅgharaṃ.	
abhināmesahaṃ	sandhi_ending		1	0	0	0	0	1	0	1	KN:tha-ap221	abhināmesahaṃ gharaṃ.	
abhināmesiṃ	sandhi_ending		1	0	0	0	0	1	0	1	KN:tha-ap309	Ārāmaṃ abhināmesiṃ,	
abhināmetvā	metrical_variant	particle (possible sandhi)	1	0	0	0	0	1	0	1	KN:tha-ap27	Sambuddhaṃ abhināmetvā,	
abhinīhitāni	potential_headword		1	0	0	0	0	1	0	1	KN:pe2	…māni dve balāni dibbacakkhuto abhinīhitāni.	
abhipharaṇatā	metrical_variant		1	0	0	0	0	1	0	1	KN:mnd1	…tti tuṭṭhi odagyaṃ attamanatā abhipharaṇatā cittassa.	
abhippavassitvā	metrical_variant	particle (possible sandhi)	1	0	0	0	0	1	0	1	KN:mil6.3.6	…hasākhāpalāse mahatimahāmegho abhippavassitvā nibbāpeyya, api nu kho, mahār…	
abhipālayanti	potential_headword	verb (present 3pl)	1	0	0	0	0	1	0	1	KN:ja527	Yañcāpi me candasūriyā abhipālayanti;	
abhipūjemi	potential_headword	verb (present 1sg)	1	0	0	0	0	1	0	1	KN:tha-ap134	Taṃ ñāṇaṃ abhipūjemi,	
abhiramitabbaṃ	sandhi_ending		1	0	0	0	0	1	0	1	KN:mil7.7.8	…yoginā yogāvacarena ārammaṇe abhiramitabbaṃ, hāsamabhijanetabbaṃ ‘uttariṃ…	
abhirocase	potential_headword		1	0	0	0	0	1	0	1	KN:vv64	Yaṃ devasaṅghaṃ abhirocase bhusaṃ.	
abhirādhayiṃ	sandhi_ending		1	0	0	0	0	1	0	1	KN:vv32	Abhirādhayiṃ tamhi kato yaso mama.	
abhisampiṇḍetvā	metrical_variant	particle (possible sandhi)	1	0	0	0	0	1	0	1	KN:mil3.2.5	…ā, tadekajjhaṃ abhisaññūhitvā abhisampiṇḍetvā aṭṭhasataṃ vedanā hontī”ti.	
abhisaraṃ	sandhi_ending		1	0	0	0	0	1	0	1	KN:ja534	“Na te abhisaraṃ passe,	
abhisiñcitukāmassa	potential_headword	noun (gen sg)	1	0	0	0	0	1	0	1	KN:mil6.4.2	…ssa viya manoharamaṇiratanaṃ, abhisiñcitukāmassa viya paṇḍaravimalasetacchatta…	
abhissapiṃ	sandhi_ending		1	0	0	0	0	1	0	1	KN:ja547	Ahaṃ loke abhissapiṃ,	
abhisāpayiṃ	sandhi_ending		1	0	0	0	0	1	0	1	KN:thi-ap39	bhikkhuniṃ abhisāpayiṃ.	
abhivandituṃ	sandhi_ending	verb (aorist 3pl)	1	0	0	0	0	1	0	1	KN:tha-ap338	cetiyaṃ abhivandituṃ;	
abhivanditvā	metrical_variant	particle (possible sandhi)	1	0	0	0	0	1	0	1	KN:tha-ap410	Assamaṃ abhivanditvā,	
abhivaḍḍhayin	sandhi_ending		1	0	0	0	0	1	0	1	KN:mil7.3.4	dhammato abhivaḍḍhayin’”ti.	
abhūtavādenā	metrical_variant		1	0	0	0	0	1	0	1	KN:mil5.3.4	…hāvavacanena samudāciṇṇaṃ, no abhūtavādenā”ti.	
accupasevato	potential_headword		1	0	0	0	0	1	0	1	KN:ja435	bālaṃ accupasevato;	
accupatī	metrical_variant		1	0	0	0	0	1	0	1	KN:ja481	Meṇḍantaraṃ accupatī kuliṅgo;	
adayhiṃ	sandhi_ending		1	0	0	0	0	1	0	1	KN:tha-ap542	adayhiṃ vedanāṭṭito.	
adaṃsī	metrical_variant		1	0	0	0	0	1	0	1	KN:ja444	Yo taṃ adaṃsī sacarā udicca;	
addasiṃ	sandhi_ending		1	0	0	0	0	1	0	1	KN:ne37	Sohaṃ addasiṃ sambuddhaṃ,	
adhivatthayiṃ	sandhi_ending		1	0	0	0	0	1	0	1	KN:tha-ap86	pabbataṃ adhivatthayiṃ;	
adhivāsiyati	potential_headword	verb (present 3sg)	1	0	0	0	0	1	0	1	KN:pe8	Yassevaṃ cittaṃ adhivāsiyati, tassa bujjhitassa yaṃ bhavey…	
agadho	potential_headword		1	0	0	0	0	1	0	1	KN:tha-ap552	Agadho viya sabbattha,	
agaruphalliyā	metrical_variant		1	0	0	0	0	1	0	1	KN:ja547	agaruphalliyā bahū;	
agaṇhayamāno	potential_headword		1	0	0	0	0	1	0	1	KN:mnd14	…atūhi upādānehi anupādiyamāno agaṇhayamāno aparāmasamāno anabhinivisamān…	
agaṇhu	potential_headword		1	0	0	0	0	1	0	1	KN:ja459	corā agaṇhu kānane;	
agginibbāpano	potential_headword		1	0	0	0	0	1	0	1	KN:tha-ap127	Agginibbāpano nāma,	
agopayiṃ	sandhi_ending		1	0	0	0	0	1	0	1	KN:tha-ap25	paripuṇṇaṃ agopayiṃ.	
ahoyamabhirūpinī	metrical_variant		1	0	0	0	0	1	0	1	KN:thi-ap18	‘ahoyamabhirūpinī;	
ahāliddaṃ	sandhi_ending		1	0	0	0	0	1	0	1	KN:ja326	“Yassa cittaṃ ahāliddaṃ,	
ahāpitaggīsi	potential_headword		1	0	0	0	0	1	0	1	KN:ja526	Ahāpitaggīsi asiddhabhojano;	
ajakāraṇā	metrical_variant		1	0	0	0	0	1	0	1	KN:ja300	Vakova ajakāraṇā”ti.	
ajeliphaladāyakattherassāpadānaṃ	long_compound	noun (gen pl)	1	0	0	0	0	1	0	1	KN:tha-ap509	Ajeliphaladāyakattherassāpadānaṃ sattamaṃ.	
ajeliphaladāyako	potential_headword		1	0	0	0	0	1	0	1	KN:tha-ap509	Itthaṃ sudaṃ āyasmā ajeliphaladāyako thero imā gāthāyo abhāsitthāt…	
ajeliṃ	sandhi_ending		1	0	0	0	0	1	0	1	KN:tha-ap509	ajeliṃ jīvajīvakaṃ;	
ajelīmodameva	potential_headword	particle (possible sandhi)	1	0	0	0	0	1	0	1	KN:tha-ap512	ajelīmodameva ca.	
ajeṭṭhamaraṇaṃ	sandhi_ending		1	0	0	0	1	0	1	1	AN:an8.76	…eti, tassa bhavanti vattāro: ‘ajeṭṭhamaraṇaṃ vāyaṃ kulaputto marissatī’ti.	
ajjhavodahi	potential_headword		1	0	0	0	0	1	0	1	KN:ja534	pañjare ajjhavodahi.	
ajjhayanaajjhāpanadānappaṭiggahaṇadamasaṃyamaniyamapubbajināciṇṇaanusiṭṭhipaveṇivaṃsadharaṇo	long_compound		1	0	0	0	0	1	0	1	KN:mil5.5.8	…dharaṇo, bhagavāpi, mahārāja, ajjhayanaajjhāpanadānappaṭiggahaṇadamasaṃyamaniyamapubbajināciṇṇaanusiṭṭhipaveṇivaṃsadharaṇo, tenāpi kāraṇena tathāgato ‘b…	
ajjhogahiṃ	sandhi_ending		1	0	0	0	0	1	0	1	KN:tha-ap3	vanaṃ ajjhogahiṃ ahaṃ.	
ajjhupāvekkhi	potential_headword		1	0	0	0	0	1	0	1	KN:ja534	Sumukho ajjhupāvekkhi,	
akataññuna	potential_headword		1	0	0	0	0	1	0	1	KN:ja445	akataññuna dubbhinā;	
akathaṅkathissa	potential_headword		1	0	1	0	0	0	1	1	MN:mn56	Akathaṅkathissa tusitassa,	
akatti	potential_headword		1	0	0	0	0	1	0	1	KN:ja541	kisavaccho akatti ca.	
akhāṇisuṃ	sandhi_ending	verb (aorist 3pl)	1	0	0	0	0	1	0	1	KN:ja256	bhiyyo bhiyyo akhāṇisuṃ;	
akāmamāgaman	sandhi_ending		1	0	0	0	0	1	0	1	KN:cnd15	Akāmamāgamanti akāmaṃ puṭṭhuṃ nikkāmaṃ cat…	
akāmayi	potential_headword		1	0	0	0	0	1	0	1	KN:ja542	sāpi vacchaṃ akāmayi;	
akās	potential_headword		1	0	0	0	0	1	0	1	KN:mil3.3.3	Thero tassa rukkhūpamaṃ akās, “khandhā ca kevalassa dukkha…	
alabbhamabyāharatī	metrical_variant		1	0	0	0	0	1	0	1	KN:ja518	Alabbhamabyāharatī naro idha.	
alametehi	potential_headword	noun (inst pl)	1	0	0	0	0	1	0	1	KN:ja342	Alametehi ambehi,	
alamettha	potential_headword	verb (aorist 3sg)	1	0	0	0	0	1	0	1	KN:ja544	“Alamettha jīvitena,	
alampāno	potential_headword		1	0	0	0	0	1	0	1	KN:ja543	“Alampāno hi nāgena,	
alampānoti	potential_headword	verb (present 3sg)	1	0	0	0	0	1	0	1	KN:ja543	alampānoti maṃ vidū”.	
alasandakasmīragandhārā	metrical_variant		1	0	0	0	0	1	0	1	KN:mil6.4.1	…pāveyyakā koṭumbaramāthurakā alasandakasmīragandhārā taṃ nagaraṃ vāsāya upagatā nā…	
alañcanā	metrical_variant		1	0	0	0	0	1	0	1	KN:pe6	Yo cetaso vilekho alañcanā vilañcanā hadayalekho vippaṭi…	
alaññeva	potential_headword	particle (possible sandhi)	1	0	0	0	0	1	0	1	KN:ja191	alaññeva purāṇiyā”ti.	
amakāmakāmiṃ	sandhi_ending		1	0	0	0	0	1	0	1	KN:cnd15	sutvānahaṃ vīra amakāmakāmiṃ.	
amarikaṃ	sandhi_ending		1	0	0	0	0	1	0	1	KN:tha-ap500	Nadiṃ amarikaṃ nāma,	
amarindasunandanaṃ	sandhi_ending		1	0	0	0	0	1	0	1	KN:thi-ap18	amarindasunandanaṃ.	
ambado	potential_headword		1	0	0	0	0	1	0	1	KN:tha-ap442	ambado dasamo yati;	
amboyaṃ	sandhi_ending		1	0	0	0	0	1	0	1	KN:ja186	amboyaṃ ahuvā pure;	
ambuni	potential_headword		1	0	0	0	0	1	0	1	KN:ja511	phalaṃ patati ambuni;	
ambāṭakiyattherassāpadānaṃ	long_compound	noun (gen pl)	1	0	0	0	0	1	0	1	KN:tha-ap448	Ambāṭakiyattherassāpadānaṃ chaṭṭhaṃ.	
ambāṭakiyo	potential_headword		1	0	0	0	0	1	0	1	KN:tha-ap448	Itthaṃ sudaṃ āyasmā ambāṭakiyo thero imā gāthāyo abhāsitthāt…	
amoghadhuvasiddhakammo	potential_headword		1	0	0	0	0	1	0	1	KN:mil6.1.5	…aro atakkiko roguppattikusalo amoghadhuvasiddhakammo bhisakko sallakatto sabbarogū…	
anabhilāpanaṃ	sandhi_ending		1	0	0	0	0	1	0	1	KN:pe3	…hapeti aviparītadassanampi ca anabhilāpanaṃ, ayaṃ nissando.	
anabhāvaṅgatena	potential_headword	noun (inst sg)	1	0	0	0	0	1	0	1	KN:pe8	…pattiphalañca so ariyo payogo anabhāvaṅgatena saṃsārena apunabbhavāti yo ko…	
anabhāvaṅkate	potential_headword		1	0	1	0	0	0	1	1	MN:mn105	…e ucchinnamūle tālāvatthukate anabhāvaṅkate āyatiṃ anuppādadhamme.	
anaghāto	potential_headword		1	0	0	0	0	1	0	1	KN:pe6	Yā sattesu vā saṅkhāresu vā anaghāto appaṭighāto abyāpatti abyāpād…	
anahāyitukāmaṃ	sandhi_ending		1	0	0	0	0	1	0	1	KN:mil6.1.5	…iṭṭhova paṭinivatto, kiṃ imaṃ anahāyitukāmaṃ taḷāko sayaṃ nahāpessati, ko…	
anajjhābhāvo	potential_headword		1	0	0	0	0	1	0	1	KN:pe2	…hamicchato ahetukā ca patanti anajjhābhāvo ca kammānaṃ sabbañca mānayi.	
anappikā	metrical_variant		1	0	0	0	0	1	0	1	KN:ja507	khiḍḍā esā anappikā;	
anatimānayugo	potential_headword		1	0	0	0	0	1	0	1	KN:ja545	anatimānayugo lahu.	
anavamaggo	potential_headword		1	0	0	0	0	1	0	1	KN:pe8	…ñca apilāpanatā sahagatā hoti anavamaggo, ayaṃ satisambojjhaṅgo.	
anavapariyattho	potential_headword		1	0	0	0	0	1	0	1	KN:pe6	anavapariyattho balattho, thāmattho balattho,…	
anavatthi	potential_headword		1	0	0	0	1	0	1	1	AN:an6.106	Nibbānaṃ anavatthi,	
anavhito	potential_headword		1	0	0	0	0	1	0	1	KN:ja354	“Anavhito tato āgā,	
anavhitā	metrical_variant		1	0	0	0	0	1	0	1	KN:tha-ap399	‘Anavhitā tato āguṃ,	
andhajanapalobhikāyā	metrical_variant		1	0	0	0	0	1	0	1	KN:mil5.1.5	…hinnasīlāya hiriatikkantikāya andhajanapalobhikāyā’ti.	
andhakaveṇḍaputtā	metrical_variant		1	0	0	0	0	1	0	1	KN:ja512	Yaṃ ve pitvā andhakaveṇḍaputtā,	
andhakaveṇḍayo	potential_headword		1	0	0	0	0	1	0	1	KN:ja530	Isiṃ andhakaveṇḍayo;	
anigatarāgassa	potential_headword	noun (gen sg)	1	0	0	1	0	0	1	1	SN:sn22.84	Yathā taṃ saṅkhāresu anigatarāgassa, viññāṇe avigatarāgassa aviga…	
anikarattassa	potential_headword	noun (gen sg)	1	0	0	0	0	1	0	1	KN:thig16.1	Anikarattassa rājino bhariyā;	
anikarattaṃ	sandhi_ending		1	0	0	0	0	1	0	1	KN:thig16.1	Anunentī anikarattaṃ,	
anikaratto	potential_headword		1	0	0	0	0	1	0	1	KN:thig16.1	Uṭṭhāya anikaratto,	
anikkhamitvā	metrical_variant	particle (possible sandhi)	1	0	0	0	0	1	0	1	KN:mil4.1	…su mānasaṃ patiṭṭhapetvā bahi anikkhamitvā sattāhaṃ vītināmetvā aṭṭhame…	
anilañjasāsaṅkhubbho	potential_headword		1	0	0	0	0	1	0	1	KN:tha-ap66	Anilañjasāsaṅkhubbho,	
anileritā	metrical_variant		1	0	0	0	0	1	0	1	KN:ja535	Anileritā lohitapattamālinī;	
aniyamītipemena	potential_headword	noun (inst sg)	1	0	0	0	0	1	0	1	KN:pe8	…na idaṃ kāyikaṃ sukhaṃ ānitaṃ aniyamītipemena, idaṃ dukkhaṃ.	
antodosasallan	sandhi_ending		1	0	0	0	0	1	0	1	KN:mil6.3.11	…o saṃsayapakkhando, bhindetaṃ antodosasallan”ti.	
anulimpayantī	metrical_variant		1	0	0	0	0	1	0	1	KN:mil6.1.5	…lokaṃ sīlavaracandanagandhena anulimpayantī”ti.	
anulimpitabbaṃ	sandhi_ending		1	0	0	0	0	1	0	1	KN:mil7.5.5	…ntena mettābhesajjena mānasaṃ anulimpitabbaṃ.	
anulometvāna	potential_headword	verb (present participle)	1	0	0	0	0	1	0	1	KN:mil7.2.7	anulometvāna sabbadā;	
anupullanā	metrical_variant		1	0	0	0	0	1	0	1	KN:pe5	Tattha yaṃ sinehā āpodhātu anupullanā sosetabbā.	
anupālati	potential_headword	verb (present 3sg)	1	0	0	0	0	1	0	1	KN:pe7	…kkhānaṃ pasāraṇaṃ evaṃ vicāro anupālati vitakketi vicarati vicāreti.	
anurakkhisaṃ	sandhi_ending		1	0	0	0	0	1	0	1	KN:cp20	sīlāni anurakkhisaṃ.	
anvāvisiṭṭhā	metrical_variant		1	0	1	0	0	0	1	1	MN:mn50	…e, pāpima, brāhmaṇagahapatikā anvāvisiṭṭhā dūsinā mārena bhikkhū sīlavan…	
anāsādanīyamāsādayitvā	metrical_variant	particle (possible sandhi)	1	0	0	0	0	1	0	1	KN:mil5.4.7	…vadatto imasmiṃ bhave buddhaṃ anāsādanīyamāsādayitvā samaggañca saṅghaṃ bhinditvā…	
anāvakulā	metrical_variant		1	0	0	0	0	1	0	1	KN:ja524	Anāvakulā veḷuriyūpanīlā,	
apakaḍḍhitabbo	potential_headword		1	0	0	0	0	1	0	1	KN:pe4	…iyati kusalo vā akusalo vā so apakaḍḍhitabbo.	
apakaḍḍhiyamāno	potential_headword		1	0	0	0	0	1	0	1	KN:pe4	Sace te yujjanti apakaḍḍhiyamāno natthi upaparikkhitabbaṃ.	
apananda	potential_headword		1	0	0	0	0	1	0	1	KN:ja385	Apananda sirī ca sucittavaro,	
apanayituṃ	sandhi_ending	verb (aorist 3pl)	1	0	0	0	0	1	0	1	KN:mil5.4.1	…ttho iddhiyā attano upaghātaṃ apanayituṃ, sadevakassapi lokassa paṭisa…	
apanayī	metrical_variant		1	0	0	0	0	1	0	1	KN:ja545	Na te apanayī rājā,	
aparipakkhitabbā	metrical_variant		1	0	0	0	0	1	0	1	KN:pe4	…apaṭipakkhā honti, te kilesā aparipakkhitabbā.	
aparipūraṇo	potential_headword		1	0	0	0	0	1	0	1	KN:mil6.3.1	…āreti, samuddo atimahantatāya aparipūraṇo, sineru atibhāratāya acalo, ā…	
apassantyā	metrical_variant		1	0	0	0	0	1	0	1	KN:ja547	Tyajja putte apassantyā,	
aphāli	potential_headword		1	0	0	0	0	1	0	1	KN:ja514	Tattheva tassā hadayaṃ aphāli,	
apihāgidhaṃ	sandhi_ending		1	0	0	0	0	1	0	1	KN:tha-ap538	piṇḍatthaṃ apihāgidhaṃ.	
apiruhaka	potential_headword		1	0	0	0	0	1	0	1	KN:ja200	Apiruhaka rūpavatī musalo,	
apiṃsayiṃ	sandhi_ending		1	0	0	0	0	1	0	1	KN:tha-ap392	silāya ca apiṃsayiṃ.	
appaṭigandhiyaṃ	sandhi_ending		1	0	0	0	0	1	0	1	KN:ja547	sāduṃ appaṭigandhiyaṃ.	
appaṭikkhippā	metrical_variant		1	0	0	0	0	1	0	1	KN:ja276	Sabbe te appaṭikkhippā,	
appaṭisambhāre	potential_headword		1	0	0	0	0	1	0	1	KN:pe8	…aññanto jhāyati, kāyasaṅkhāre appaṭisambhāre jhāyati, pariyuṭṭhānassa niss…	
appevanāmāhaṃ	sandhi_ending		1	0	1	0	0	0	1	1	MN:mn125	Appevanāmāhaṃ bhoto aggivessanassa bhāsitas…	
apphalī	metrical_variant		1	0	0	0	0	1	0	1	KN:ja152	hadayañcassa apphalī”ti.	
appodavaṇṇe	potential_headword		1	0	0	0	0	1	0	1	KN:ja493	Appodavaṇṇe kummāse,	
arahattamadhigacchatī	metrical_variant		1	0	0	0	0	1	0	1	KN:mil7.8.7	Arahattamadhigacchatī’”ti.	
ariyapuggalāni	potential_headword		1	0	0	0	0	1	0	1	KN:pe7	…rakāni, bojjhaṅgasampayuttāni ariyapuggalāni.	
asamaṃvaguppari	potential_headword		1	0	0	0	0	1	0	1	KN:ja375	Jīnañca vaṇṇaṃ asamaṃvaguppari,	
asantyā	metrical_variant		1	0	0	0	0	1	0	1	KN:mnd11	Icchāya asantyā asaṃvijjamānāya natthi anupal…	
asaṅgite	potential_headword		1	0	0	0	0	1	0	1	KN:ja535	Āveḷine saddagame asaṅgite.	
asaṅkusakavutti	potential_headword		1	0	0	0	0	1	0	1	KN:ja546	Asaṅkusakavutti’ssa,	
asekkhaphale	potential_headword		1	0	0	0	0	1	0	1	KN:mil7.3.1	Vaḍḍhitabbaṃ asekkhaphale’”ti.	
asesamabhivāhayi	potential_headword		1	0	0	0	0	1	0	1	KN:bv11	asesamabhivāhayi;	
asituṃ	sandhi_ending	verb (aorist 3pl)	1	0	0	0	0	1	0	1	KN:pe2	…thā lobho doso mohopi, tattha asituṃ ettha lobho ussado tena kāraṇ…	
asitābhuya	potential_headword		1	0	0	0	0	1	0	1	KN:ja240	Asitābhuya pañcamavacchanakho;	
asmābhi	potential_headword		1	0	0	0	0	1	0	1	KN:thi-ap17	Asmābhi pariciṇṇosi,	
asniye	potential_headword		1	0	0	0	0	1	0	1	KN:ja535	Taṃ pūjayitvāna sudhampi asniye”.	
asodhayaṃ	sandhi_ending		1	0	0	0	0	1	0	1	KN:pe8	Asodhayaṃ upagamo cesa dhammo upagamipa…	
assādiyākindriyaṃ	sandhi_ending		1	0	0	0	0	1	0	1	KN:pe8	…uccassa rajanīyaṃ ārammaṇiyaṃ assādiyākindriyaṃ tāva aparipuṇṇañca ñāṇaṃ pacc…	
asādhā	metrical_variant		1	0	0	0	0	1	0	1	KN:ne3	Sādhāraṇe asādhā-	
ateva	potential_headword	particle (possible sandhi)	1	0	0	0	0	1	0	1	KN:ja547	Ateva me acchariyaṃ,	
atevacchariyaṃ	sandhi_ending		1	0	0	0	0	1	0	1	KN:thi-ap17	atevacchariyaṃ ahu.	
atevaññehi	potential_headword	noun (inst pl)	1	0	0	0	0	1	0	1	KN:ja515	Atevaññehi māsehi,	
athāhañceva	potential_headword	particle (possible sandhi)	1	0	1	0	0	0	1	1	MN:mn79	…imaṃ parisaṃ upasaṅkanto hoti athāhañceva ayañca parisā bhagavato mukha…	
atibalo	potential_headword		1	0	0	0	0	1	0	1	KN:ja457	Maggeneva atibalo saccanikkamo.	
atibrūhayi	potential_headword		1	0	0	0	0	1	0	1	KN:ja534	Sumukho atibrūhayi;	
atihīḷayāno	potential_headword		1	0	0	0	0	1	0	1	KN:ja490	Sakaṃ niketaṃ atihīḷayāno,	
atirittasaññāyā	metrical_variant		1	0	0	0	0	1	0	1	KN:mil6.2.3	…appavāritasaññāya, anatiritte atirittasaññāyā”ti.	
ativassiyati	potential_headword	verb (present 3sg)	1	0	0	0	0	1	0	1	KN:pe8	…a ye dhammā sabbaṃ anavivaṭaṃ ativassiyati, vivaṭaṃ nātivassati, avaguṇa…	
ativimhitadehiniṃ	sandhi_ending		1	0	0	0	0	1	0	1	KN:thi-ap25	ativimhitadehiniṃ;	
atiyanaṃ	sandhi_ending		1	0	0	0	0	1	0	1	KN:pe5	…hāsati paripucchatāya pañhāya atiyanaṃ ekassa kiñci—	
atoḷārāni	potential_headword		1	0	0	0	0	1	0	1	KN:tha-ap451	Atoḷārāni bhaṇḍāni,	
atoṇā	metrical_variant		1	0	0	0	0	1	0	1	KN:mil5.4.2	mallā atoṇā pabbatā dhammagiriyā brahmagi…	
atricca	potential_headword	particle (possible sandhi)	1	0	0	0	0	1	0	1	KN:ja535	Atricca kocchaṃ hirimetadabravi,	
attapariccāgī	metrical_variant		1	0	0	0	0	1	0	1	KN:ja281	Sūro attapariccāgī,	
attasukhī	metrical_variant		1	0	0	0	0	1	0	1	KN:ja546	Tassajjahaṃ attasukhī vidheyyo,	
atthami	potential_headword		1	0	0	0	0	1	0	1	KN:bv6	uḷurājāva atthami.	
atthasandassanī	metrical_variant		1	0	0	0	0	1	0	1	KN:ja529	atthasandassanī katā;	
atthaso	potential_headword		1	0	0	0	0	1	0	1	KN:mil2	…ariyāpuṇitvā puna tīhi māsehi atthaso manasākāsi.	
atthavicintikā	metrical_variant		1	0	0	0	0	1	0	1	KN:thi-ap21	lahuṃ atthavicintikā’.	
attānudiṭṭhibyapagatā	metrical_variant		1	0	0	0	0	1	0	1	KN:mil6.4.2	…taṃ hoti, bhayaṃ vūpasammati, attānudiṭṭhibyapagatā hoti, āghāto uparato hoti, me…	
atuccaṃ	sandhi_ending		1	0	0	0	0	1	0	1	KN:ja381	Atuccaṃ tāta patasi,	
avacāsiḷārapamhe	potential_headword		1	0	0	0	0	1	0	1	KN:vv35	Tadanupadaṃ avacāsiḷārapamhe”ti.	
avaguṇantaṃ	sandhi_ending		1	0	0	0	0	1	0	1	KN:pe8	…ssiyati, vivaṭaṃ nātivassati, avaguṇantaṃ nātivassati.	
avamāni	potential_headword		1	0	0	0	0	1	0	1	KN:pe5	…lesavatthumupādāya ananvemāni avamāni sabbassa vedanā itthindriyaṃ…	
avassutiṃ	sandhi_ending		1	0	0	0	0	1	0	1	KN:ja546	Rattiṃ nikkhamma avassutiṃ cari.	
avañci	potential_headword		1	0	0	0	0	1	0	1	KN:ja416	Avañci pitaraṃ mama;	
avaṭalabujappado	potential_headword		1	0	0	0	0	1	0	1	KN:tha-ap472	avaṭalabujappado.	
avecchedo	potential_headword		1	0	0	0	0	1	0	1	KN:pe5	Tattha punabbhavo yo avecchedo asamugghātanaṭṭhena ayaṃ anus…	
avedayitvā	metrical_variant	particle (possible sandhi)	1	0	0	0	0	1	0	1	KN:pv36	Avedayitvā idha byantibhāvo”ti.	
avevadātā	metrical_variant		1	0	0	0	0	1	0	1	KN:mnd3	Avīvadātāti avevadātā avodātā aparisuddhā saṅkiliṭṭ…	
aviccaṃ	sandhi_ending		1	0	0	0	0	1	0	1	KN:ja536	…uccaṃ bhāsati, nīcaṃ bhāsati, aviccaṃ bhāsati, viviccaṃ bhāsati, na…	
avikkhepanā	metrical_variant		1	0	0	0	0	1	0	1	KN:pe9	…ssa atthi imesaṃ dhammānaṃ yā avikkhepanā, idaṃ vuccati pamāṇanti.	
avikosanā	metrical_variant		1	0	0	0	0	1	0	1	KN:pe9	Iti yaṃ yathāniddiṭṭhassa avikosanā idaṃ pamāṇaṃ.	
avirodhiyā	metrical_variant		1	0	0	0	0	1	0	1	KN:tha-ap8	tasmā vo avirodhiyā.	
avopupphiyattherassāpadānaṃ	long_compound	noun (gen pl)	1	0	0	0	0	1	0	1	KN:tha-ap64	Avopupphiyattherassāpadānaṃ dutiyaṃ.	
avopupphiyo	potential_headword		1	0	0	0	0	1	0	1	KN:tha-ap64	Itthaṃ sudaṃ āyasmā avopupphiyo thero imā gāthāyo abhāsitthāt…	
avopupphī	metrical_variant		1	0	0	0	0	1	0	1	KN:tha-ap72	Sakacintī avopupphī,	
avupacchedattho	potential_headword		1	0	0	0	0	1	0	1	KN:ne18	Avupacchedattho santati attho, nibbatti attho…	
avupacchedo	potential_headword		1	0	0	0	0	1	0	1	KN:ne18	Yattha avupacchedo tattha santati, yattha santat…	
ayañcevimassa	potential_headword	noun (gen sg)	1	0	0	1	0	0	1	1	SN:sn15.20	…sati, bhikkhave, so samayo yā ayañcevimassa pabbatassa samaññā antaradhāy…	
ayaṃhamasmīti	potential_headword		1	0	0	0	0	1	0	1	KN:ud7.1	Ayaṃhamasmīti anānupassī;	
ayyakosī	metrical_variant		1	0	0	0	0	1	0	1	KN:thag10.1	Dhammena me gotama ayyakosī”ti.	
añjaliyā	metrical_variant		1	0	0	0	0	1	0	1	KN:tha-ap352	añjaliyā idaṃ phalaṃ.	
aññamabhippamodayi	potential_headword		1	0	0	0	0	1	0	1	KN:ja436	Duṭṭhā mayī aññamabhippamodayi.	
aḷārakkhī	metrical_variant		1	0	0	0	0	1	0	1	KN:ja66	Yato laddhā aḷārakkhī,	
aḷārapamhehi	potential_headword	noun (inst pl)	1	0	0	0	0	1	0	1	KN:ja527	Aḷārapamhehi subhehi vaggubhi,	
aṅgadī	metrical_variant		1	0	0	0	0	1	0	1	KN:ja511	aṅgadī candanussado;	
aṅgārikā	metrical_variant		1	0	0	0	0	1	0	1	KN:ja543	Aṅgārikā loṇakarā ca sūdā,	
aṇḍacchedā	metrical_variant		1	0	0	0	0	1	0	1	KN:ja495	aṇḍacchedā nilañchakā.	
aṇḍagatā	metrical_variant		1	0	0	0	0	1	0	1	KN:pe8	…atame sambhavesino gabbhagatā aṇḍagatā saṃsaranto ime na ceteti na p…	
aṭṭavībalaṃ	sandhi_ending		1	0	0	0	0	1	0	1	KN:tha-ap540	sodhetvā aṭṭavībalaṃ;	
aṭṭhakkhattuṃ	sandhi_ending	verb (aorist 3pl)	1	0	0	0	0	1	0	1	KN:tha-ap402	aṭṭhakkhattuṃ avandahaṃ.	
aṭṭhasaṭṭhimo	potential_headword		1	0	0	0	0	1	0	1	KN:ps1.1	…driyaparopariyattañāṇaniddeso aṭṭhasaṭṭhimo.	
aṭṭhatālīsamāsisuṃ	sandhi_ending	verb (aorist 3pl)	1	0	0	0	0	1	0	1	KN:tha-ap92	aṭṭhatālīsamāsisuṃ.	
aṭṭhisena	potential_headword	noun (inst sg)	1	0	0	0	0	1	0	1	KN:ja403	aṭṭhisena vanibbake;	
aṭṭiyitukāmā	pronoun_verb_fusion		1	0	0	0	0	1	0	1	KN:ne9	Ye jarāmaraṇena aṭṭiyitukāmā bhavissanti, te bhavissanti b…	
bahubbidhaṃ	sandhi_ending		1	0	0	0	0	1	0	1	KN:cp35	Evaṃ bahubbidhaṃ dukkhaṃ,	
bahubhāsasī	metrical_variant		1	0	0	0	0	1	0	1	KN:pv25	saṃsāre bahubhāsasī”ti.	
bahīpure	potential_headword		1	0	0	0	0	1	0	1	KN:ja515	kīḷamānaṃ bahīpure.	
bahūtaso	potential_headword		1	0	0	0	0	1	0	1	KN:ja547	kāḷakettha bahūtaso.	
balibaddāni	potential_headword		1	0	0	0	0	1	0	1	KN:ja524	Dadāmi vo balibaddāni soḷasa,	
balibhayā	metrical_variant		1	0	0	0	0	1	0	1	KN:mil5.2.3	…, tesaṃ catunnaṃ mahāmattānaṃ balibhayā santāso uppajjeyyā”ti?	
balimābhihārī	metrical_variant		1	0	0	0	0	1	0	1	KN:ne37	Tasmiṃ manusso balimābhihārī,	
baliyakkhā	metrical_variant		1	0	0	0	0	1	0	1	KN:ja547	Kālāmeyyā baliyakkhā,	
bandhakiyo	potential_headword		1	0	0	0	0	1	0	1	KN:ja536	…siyo nāriyo gamaniyo, na hetā bandhakiyo nāma, vadhikāyo nāma etāyo, y…	
barihīnaṃ	sandhi_ending		1	0	0	0	0	1	0	1	KN:ja547	barihīnaṃ matthakāsinaṃ;	
batvādhivacanena	potential_headword	noun (inst sg)	1	0	0	0	0	1	0	1	KN:ne5	Ime hi batvādhivacanena pucchitā.	
baḷavāmukhīti	potential_headword		1	0	0	0	0	1	0	1	KN:ja463	baḷavāmukhīti vuccati.	
bhaddalī	metrical_variant		1	0	0	0	0	1	0	1	KN:ja270	Atha bhaddalī kuñjara rukkha puna,	
bhaddalīti	potential_headword		1	0	0	0	0	1	0	1	KN:ja266	vātaggamiva bhaddalīti.	
bhaggavi	potential_headword		1	0	0	0	0	1	0	1	KN:ja408	Ahampi eko carissāmi bhaggavi,	
bhagīraso	potential_headword		1	0	0	0	0	1	0	1	KN:ja541	mujakindo bhagīraso;	
bhajjaye	potential_headword		1	0	0	0	0	1	0	1	KN:ja528	abhajantaṃ na bhajjaye;	
bhakkhayī	metrical_variant		1	0	0	0	0	1	0	1	KN:ja537	Mā bhakkhayī rāja manussamaṃsaṃ;	
bhallikādisutta	potential_headword	pp (past participle)	1	0	0	0	1	0	1	1	AN:an6.120-139	Bhallikādisutta	
bhallātadāyakattherassāpadānaṃ	long_compound	noun (gen pl)	1	0	0	0	0	1	0	1	KN:tha-ap446	Bhallātadāyakattherassāpadānaṃ catutthaṃ.	
bhallātadāyako	potential_headword		1	0	0	0	0	1	0	1	KN:tha-ap446	Itthaṃ sudaṃ āyasmā bhallātadāyako thero imā gāthāyo abhāsitthāt…	
bhallātiya	potential_headword	adj (-iya suffix)	1	0	0	0	0	1	0	1	KN:ja510	Rohaṇa haṃsa sattigumbo bhallātiya;	
bhallāṭiyajātake	potential_headword		1	0	0	0	0	1	0	1	KN:mil7.6.9	…tampetaṃ, mahārāja, bhagavatā bhallāṭiyajātake dvinnaṃ kinnarānaṃ—	
bhattirasmāsu	potential_headword	noun (loc pl, fem)	1	0	0	0	0	1	0	1	KN:ja533	bhattirasmāsu yā tava.	
bhavaapevirittā	metrical_variant		1	0	0	0	0	1	0	1	KN:pe5	…avacanīyañca pakkhipitabbaṃ, bhavaapevirittā, sabbasuttaṃ parikkhipitabbaṃ…	
bhavehaṃ	sandhi_ending		1	0	0	0	0	1	0	1	KN:tha-ap530	bhavehaṃ sabbato bhave.	
bhejjapariso	potential_headword		1	0	0	0	0	1	0	1	KN:mil5.2.8	…paṇḍitānaṃ chando ‘tathāgato bhejjapariso’ti.	
bheraṇḍakā	metrical_variant		1	0	0	0	0	1	0	1	KN:ja530	Dhaṅkā bheraṇḍakā gijjhā,	
bhettabbo	potential_headword		1	0	0	0	0	1	0	1	KN:mil6.3.3	…aṇḍāraho vadhitabbo chettabbo bhettabbo hantabbo’ti.	
bhidā	metrical_variant		1	0	0	0	0	1	0	1	KN:ja513	Pasayha khāde bhidā rukkhasūle”.	
bhijjheyyuṃ	sandhi_ending	verb (aorist 3pl)	1	0	0	0	0	1	0	1	KN:mnd14	…dvejjhā assu dve pakkhā assu bhijjheyyuṃ na samāgaccheyyuṃ dukkhaṃ na…	
bhijāti	potential_headword		1	0	0	0	1	0	1	1	AN:an6.64	Soṇo phagguno bhijāti,	
bhikkhubhūmī	metrical_variant		1	0	0	0	0	1	0	1	KN:mil5.3.1	…jā, mahatī accuggatā, yadidaṃ bhikkhubhūmī”ti.	
bhikkhuhi	potential_headword		1	0	0	1	0	0	1	1	SN:sn9.10	Nādhīyasi bhikkhuhi saṃvasanto;	
bhikkhusaṅghamatappayiṃ	sandhi_ending		1	0	0	0	0	1	0	1	KN:tha-ap401	bhikkhusaṅghamatappayiṃ;	
bhisāluvañca	potential_headword	particle (possible sandhi)	1	0	0	0	0	1	0	1	KN:tha-ap76	Bhisāluvañca pādāsiṃ,	
bhitvāva	potential_headword	particle (possible sandhi)	1	0	0	0	0	1	0	1	KN:ja291	Kuṭaṃ bhitvāva dhuttako”ti.	
bhiṅgarājā	metrical_variant		1	0	0	0	0	1	0	1	KN:ja547	Vāraṇā bhiṅgarājā ca,	
bhumyaṃ	sandhi_ending		1	0	0	0	0	1	0	1	KN:ja518	Bhumyaṃ patiṭṭhāya dijo dujivhaṃ;	
bhuñjasu	potential_headword		1	0	0	0	0	1	0	1	KN:ja398	Ehi nikkhamma bhuñjasu”.	
bhāsisaṃ	sandhi_ending		1	0	0	0	0	1	0	1	KN:pv24	musāvādañca bhāsisaṃ;	
bhātuñca	potential_headword	particle (possible sandhi)	1	0	0	0	0	1	0	1	KN:ja508	Bhātuñca rahogato asaṃsi,	
bhīmabhayajanakaninādamahāsaddā	long_compound		1	0	0	0	0	1	0	1	KN:mil5.2.3	…hiṇacaṇḍakharatapanatejavanto bhīmabhayajanakaninādamahāsaddā saṃsibbitachabbidhajālāmālāku…	
bhīsarūpā	metrical_variant		1	0	0	0	0	1	0	1	KN:ja542	Caturaṅginī bhīsarūpā,	
bhūmidāhakakammunā	metrical_variant		1	0	0	0	0	1	0	1	KN:tha-ap542	bhūmidāhakakammunā;	
bhūmyaṃ	sandhi_ending		1	0	0	0	0	1	0	1	KN:ja499	Bhūmyaṃ so patitaṃ pāsaṃ,	
bhūtapacaniṃ	sandhi_ending		1	0	0	0	0	1	0	1	KN:ja245	sa bhūtapacaniṃ paci”.	
bhūtāgamanan	sandhi_ending		1	0	0	0	0	1	0	1	KN:mil5.3.3	…mahārāja, parisā passati taṃ bhūtāgamanan”ti?	
billabhallātakappado	potential_headword		1	0	0	0	0	1	0	1	KN:tha-ap452	billabhallātakappado;	
billiyattherassāpadānaṃ	sandhi_ending	noun (gen pl)	1	0	0	0	0	1	0	1	KN:tha-ap445	Billiyattherassāpadānaṃ tatiyaṃ.	
billiyo	potential_headword		1	0	0	0	0	1	0	1	KN:tha-ap445	Itthaṃ sudaṃ āyasmā billiyo thero imā gāthāyo abhāsitthāt…	
bilālitakkalāni	potential_headword		1	0	0	0	0	1	0	1	KN:ja496	bilālitakkalāni ca;	
bimboṭṭhī	metrical_variant		1	0	0	0	0	1	0	1	KN:thi-ap18	Bimboṭṭhī kundadasanā,	
biḷālido	potential_headword		1	0	0	0	0	1	0	1	KN:tha-ap272	dīpado ca biḷālido;	
biḷālitakkalāni	potential_headword		1	0	0	0	0	1	0	1	KN:tha-ap111	biḷālitakkalāni ca;	
biḷālītakkaḷāni	potential_headword		1	0	0	0	0	1	0	1	KN:tha-ap3	biḷālītakkaḷāni ca;	
biḷāriyā	metrical_variant		1	0	0	0	0	1	0	1	KN:ja383	kukkuṭova biḷāriyā”ti.	
biḷārī	metrical_variant		1	0	0	0	0	1	0	1	KN:ja383	biḷārī viya kukkuṭaṃ.	
bodhayi	potential_headword		1	0	0	0	0	1	0	1	KN:bv6	bodhanīye ca bodhayi;	
bodhimabhisiñcayiṃ	sandhi_ending		1	0	0	0	0	1	0	1	KN:tha-ap91	yaṃ bodhimabhisiñcayiṃ;	
brahmagiro	potential_headword		1	0	0	0	0	1	0	1	KN:tha-ap544	Sīhahanu brahmagiro,	
brāhmaṇiṃvoca	potential_headword	particle (possible sandhi)	1	0	0	0	0	1	0	1	KN:thig13.4	Ārogyaṃ brāhmaṇiṃvoca,	
brāhmaṇyā	metrical_variant		1	0	0	0	0	1	0	1	KN:ja547	brāhmaṇyā paricārake”.	
bubhukkassa	potential_headword	noun (gen sg)	1	0	0	0	0	1	0	1	KN:ja471	Bubhukkassa puṇṇaṃmukhassa cetaṃ”.	
buddhaseṭṭhamupānayi	potential_headword		1	0	0	0	0	1	0	1	KN:tha-ap546	buddhaseṭṭhamupānayi.	
buddhasīhanādamabhinadī	metrical_variant		1	0	0	0	0	1	0	1	KN:mil5.1.10	…alaṃ parikittayamāno evarūpaṃ buddhasīhanādamabhinadī”ti.	
byadhesi	potential_headword		1	0	0	0	0	1	0	1	KN:ja466	‘Mā maṃ kiccaṃ kiccakāle byadhesi’;	
byadhetī	metrical_variant		1	0	0	0	0	1	0	1	KN:ja466	Na taṃ kiccaṃ kiccakāle byadhetī”ti.	
byagamā	metrical_variant		1	0	0	0	0	1	0	1	KN:ja234	Yaṃ kāmo byagamā tayi;	
byagghiniyopi	potential_headword	particle (possible sandhi)	1	0	0	0	0	1	0	1	KN:mil3.4.6	…ārāja, yā tā santi sīhiniyopi byagghiniyopi dīpiniyopi kukkuriniyopi, kiṃ…	
byapagamma	potential_headword		1	0	0	0	0	1	0	1	KN:ja283	So dāni eko byapagamma jhāyasi,	
byapagatabhayasantāsaṃ	sandhi_ending		1	0	0	0	0	1	0	1	KN:mil6.3.11	…panno, so yoniso manasikārena byapagatabhayasantāsaṃ paramasukhaṃ nibbānaṃ sacchik…	
byapagatakilesakuṇapaṃ	sandhi_ending		1	0	0	0	0	1	0	1	KN:mil6.3.11	…panno, so yoniso manasikārena byapagatakilesakuṇapaṃ paramasukhaṃ nibbānaṃ sacchik…	
byapagatakilesamalakaddamaṃ	long_compound		1	0	0	0	0	1	0	1	KN:mil6.3.11	…panno, so yoniso manasikārena byapagatakilesamalakaddamaṃ paramasukhaṃ nibbānaṃ sacchik…	
byapagatakilesamalarajojallaṃ	long_compound		1	0	0	0	0	1	0	1	KN:mil5.1.7	…inasāsanavaraṃ pakatinimmalaṃ byapagatakilesamalarajojallaṃ, yadi taṃ buddhaputtā ācārasī…	
byapagatakukkuccena	potential_headword	noun (inst sg)	1	0	0	0	0	1	0	1	KN:mil7.6.1	…imalaparisuddhapaṇḍaracittena byapagatakukkuccena bhavitabbaṃ.	
byapagatatividhaggisantāpaṃ	long_compound		1	0	0	0	0	1	0	1	KN:mil6.3.11	…panno, so yoniso manasikārena byapagatatividhaggisantāpaṃ paramasukhaṃ nibbānaṃ sacchik…	
byapagataṃ	sandhi_ending		1	0	0	0	0	1	0	1	KN:bv2	Sītaṃ byapagataṃ hoti,	
byapagatā	metrical_variant		1	0	0	0	0	1	0	1	KN:mil5.5.8	…gatassa bāhitā pahīnā apagatā byapagatā ucchinnā khīṇā khayaṃ pattā n…	
byapahataṃ	sandhi_ending		1	0	0	0	0	1	0	1	KN:ja545	juṇhaṃ byapahataṃ tamaṃ;	
byapahaññati	potential_headword	verb (present 3sg)	1	0	0	0	0	1	0	1	KN:ja547	samo me byapahaññati;	
byasanī	metrical_variant		1	0	0	0	0	1	0	1	KN:ja529	vāṇijā byasanī siyā.	
byathitamānaso	potential_headword		1	0	0	0	0	1	0	1	KN:ja545	rājā byathitamānaso;	
byathitamānasā	metrical_variant		1	0	0	0	0	1	0	1	KN:bv2	bhantā byathitamānasā;	
byavajanti	potential_headword	verb (present 3pl)	1	0	0	0	0	1	0	1	KN:ja518	Ārā amittā byavajanti tehi,	
byāhataṃ	sandhi_ending		1	0	0	0	0	1	0	1	KN:tha-ap549	Byāhataṃ punaruttaṃ vā,	
byāhatā	metrical_variant		1	0	0	0	0	1	0	1	KN:bv12	Byāhatā titthiyā sabbe,	
byāvaṭṭati	potential_headword	verb (present 3sg)	1	0	0	0	0	1	0	1	KN:mil5.2.4	…yati, jivhā sukkhati, hadayaṃ byāvaṭṭati, kaṇṭho āturati.	
bāhiko	potential_headword		1	0	0	0	0	1	0	1	KN:ja418	bāhiko bhaddamatthu te”.	
bāhikā	metrical_variant		1	0	0	0	0	1	0	1	KN:pe8	Bāhikā sabbe bhikkhū abhimānikā, te…	
bāhārasi	potential_headword		1	0	0	0	0	1	0	1	KN:ja543	Indassa bāhārasi dakkhiṇāti,	
bāliyaṃ	sandhi_ending		1	0	0	0	0	1	0	1	KN:ja230	“Mā bāliyaṃ vilapi na hissa tādisaṃ,	
bāsaṭṭhi	potential_headword		1	0	0	0	0	1	0	1	KN:tha-ap542	bāsaṭṭhi ceva piṇḍitā.	
bāttiṃsakkhattuñca	potential_headword	particle (possible sandhi)	1	0	0	0	0	1	0	1	KN:tha-ap332	Bāttiṃsakkhattuñca rājā,	
bāḷisī	metrical_variant		1	0	0	0	0	1	0	1	KN:mil7.7.10	bāḷisī tacchakena cāti.	
cakkhuloliyaṃ	sandhi_ending		1	0	0	0	0	1	0	1	KN:mnd14	Cakkhuloliyaṃ pajaheyya vinodeyya byantiṃ k…	
cakkhuloliyā	metrical_variant		1	0	0	0	0	1	0	1	KN:mnd14	…iṃ kareyya anabhāvaṃ gameyya, cakkhuloliyā ārato assa virato paṭivirato…	
cakkhūsi	potential_headword		1	0	0	0	0	1	0	1	KN:tha-ap37	Tuvaṃ cakkhūsi sabbesaṃ,	
calanī	metrical_variant		1	0	0	0	0	1	0	1	KN:ja547	Cāmarī calanī laṅghī,	
calitabbaṃ	sandhi_ending		1	0	0	0	0	1	0	1	KN:mil7.4.5	…uyhitabbaṃ, na kampitabbaṃ na calitabbaṃ, pabbatena viya acalena bhavi…	
candanikāye	potential_headword		1	0	1	0	0	0	1	1	MN:mn12	…pūtikuṇape vā pūtikummāse vā candanikāye vā oḷigalle vā jāyanti—	
catuddasañcakkhattuṃ	sandhi_ending	verb (aorist 3pl)	1	0	0	0	0	1	0	1	KN:tha-ap37	Catuddasañcakkhattuṃ so,	
caṅkoṭabbhañjanañjalī	metrical_variant		1	0	0	0	0	1	0	1	KN:tha-ap282	caṅkoṭabbhañjanañjalī;	
caṅkoṭakiyattherassāpadānaṃ	long_compound	noun (gen pl)	1	0	0	0	0	1	0	1	KN:tha-ap275	Caṅkoṭakiyattherassāpadānaṃ tatiyaṃ.	
caṅkoṭakiyo	potential_headword		1	0	0	0	0	1	0	1	KN:tha-ap275	Itthaṃ sudaṃ āyasmā caṅkoṭakiyo thero imā gāthāyo abhāsitthāt…	
celakeṭu	potential_headword		1	0	0	0	0	1	0	1	KN:ja547	Mandālakā celakeṭu,	
cetasikañce	potential_headword		1	0	0	0	0	1	0	1	KN:pe1	Tena vuccati “kāyikaṃ dukkhaṃ cetasikañce”ti, natthi taṃ dukkhaṃ na kāy…	
cetopharaṇo	potential_headword		1	0	0	0	0	1	0	1	KN:ne21	…raṇo yo ca sukhapharaṇo yo ca cetopharaṇo, ayaṃ samatho.	
chadiṃ	sandhi_ending		1	0	0	0	0	1	0	1	KN:thi-ap8	Chadiṃ karonto buddhassa,	
chattado	potential_headword		1	0	0	0	0	1	0	1	KN:tha-ap462	chattado jātipūjako.	
chaḷadvara	potential_headword		1	0	0	0	0	1	0	1	KN:ja90	Chaḷadvara ca āyatinā ca puna;	
chaḷāsītimhito	potential_headword		1	0	0	0	0	1	0	1	KN:tha-ap201	Chaḷāsītimhito kappe,	
chinnabhinnakoṭṭitavikoṭṭito	long_compound		1	0	0	0	0	1	0	1	KN:mil6.3.6	…so bahūni vassasatasahassāni chinnabhinnakoṭṭitavikoṭṭito sattimukhasamāhato sattiyāyev…	
chāditvā	metrical_variant	particle (possible sandhi)	1	0	0	0	0	1	0	1	KN:thi-ap33	Mahācelena chāditvā,	
ciha	potential_headword		1	0	0	0	0	1	0	1	KN:tha-ap422	gāthāyo gaṇitā ciha;	
citraggaḷerughusite	potential_headword		1	0	0	0	0	1	0	1	KN:ja547	Citraggaḷerughusite,	
cittasahabhūni	potential_headword		1	0	0	0	0	1	0	1	KN:ne5	Pañcindriyāni kusalāni cittasahabhūni citte uppajjamāne uppajjanti,…	
cittavase	potential_headword		1	0	0	0	0	1	0	1	KN:ja527	Tasmā sake cittavase na vatto”.	
cāpabhedacāpāropanaggahaṇamuṭṭhippaṭipīḷanaaṅgulivināmanapādaṭhapanasaraggahaṇasannahanaākaḍḍhanasandhāraṇalakkhaniyamanakhipane	long_compound		1	0	0	0	0	1	0	1	KN:mil6.4.2	…paṭhamaṃ tāva upāsanasālāyaṃ cāpabhedacāpāropanaggahaṇamuṭṭhippaṭipīḷanaaṅgulivināmanapādaṭhapanasaraggahaṇasannahanaākaḍḍhanasandhāraṇalakkhaniyamanakhipane tiṇapurisakachakaṇatiṇapalāla…	
cāpasatāni	potential_headword		1	0	0	0	0	1	0	1	KN:ja543	Vikāsitā cāpasatāni pañca,	
cātukamyatāya	potential_headword	noun (dat sg)	1	0	0	0	0	1	0	1	KN:mil7.2.5	…adānena vā mukhodakadānena vā cātukamyatāya vā muggasupyatāya vā pāribhaṭ…	
cāṭakasakuṇaṃ	sandhi_ending		1	0	0	0	0	1	0	1	KN:mnd4	cāṭakasakuṇaṃ passanti, phussaveḷuvalaṭṭhiṃ…	
cāṭañcāpi	potential_headword	particle (possible sandhi)	1	0	0	0	0	1	0	1	KN:ja546	cāṭañcāpi padakkhiṇaṃ;	
cīvarabāhuliko	potential_headword		1	0	0	0	0	1	0	1	KN:ps3.1	…iko”ti, cīvaragaruko vuccati “cīvarabāhuliko”ti, pattagaruko vuccati “patt…	
cūpatapeti	potential_headword	verb (present 3sg)	1	0	0	0	0	1	0	1	KN:ja216	cittaṃ cūpatapeti maṃ;	
daddūni	potential_headword		1	0	0	0	0	1	0	1	KN:mil6.3.5	…ahārāja, sarīre tilakā pīḷakā daddūni uṭṭhahanti lābhāya vā alābhāy…	
dadhibhūtan	sandhi_ending		1	0	0	0	0	1	0	1	KN:mil3.2.6	…aṃ vadeyya ‘ajānato te khīraṃ dadhibhūtan’ti te vivadamānā tava santike…	
dahamoggayha	potential_headword		1	0	0	0	0	1	0	1	KN:tha-ap205	Odakaṃ dahamoggayha,	
dakado	potential_headword		1	0	0	0	0	1	0	1	KN:tha-ap212	Nigguṇḍipupphī dakado,	
dakadā	metrical_variant		1	0	0	0	0	1	0	1	KN:thi-ap10	Dīpadā dakadā ceva,	
dakajā	metrical_variant		1	0	0	0	0	1	0	1	KN:bv2	Thalajā dakajā pupphā,	
dakkhāpito	potential_headword		1	0	0	0	0	1	0	1	KN:mil5.1.4	…ṃ, bhante nāgasena, parakkamo dakkhāpito, pāramī ca jinānaṃ bhiyyo obh…	
dametāvī	metrical_variant		1	0	0	0	0	1	0	1	KN:tha-ap402	Danto buddho dametāvī,	
daraklamaṃ	sandhi_ending		1	0	0	0	0	1	0	1	KN:ja535	Khudaṃ pipāsaṃ aratiṃ daraklamaṃ;	
daraṇitabbaṃ	sandhi_ending		1	0	0	0	0	1	0	1	KN:pe7	Paccuppannā daraṇitabbaṃ.	
dayitabbaṃ	sandhi_ending		1	0	0	0	0	1	0	1	KN:ja328	Bhūtaṃ sesaṃ dayitabbaṃ,	
dayitabbo	potential_headword		1	0	0	0	0	1	0	1	KN:ja542	Dayitabbo rathesabha.	
daḷaṃ	sandhi_ending		1	0	0	0	0	1	0	1	KN:ja539	tataṃ māyāvino daḷaṃ;	
daḷā	potential_headword		1	0	0	0	0	1	0	1	KN:ja542	sikkāyasamayā daḷā;	
daṇḍiyañca	potential_headword	particle (possible sandhi)	1	0	0	0	0	1	0	1	KN:ja472	daṇḍiyañca adaṇḍiyaṃ;	
daṭṭhumāgato	potential_headword		1	0	0	0	0	1	0	1	KN:ja385	mātaraṃ daṭṭhumāgato”ti.	
desakittako	potential_headword		1	0	0	0	0	1	0	1	KN:tha-ap299	Itthaṃ sudaṃ āyasmā desakittako thero imā gāthāyo abhāsitthāt…	
desamabhikittayiṃ	sandhi_ending		1	0	0	0	0	1	0	1	KN:tha-ap299	yaṃ desamabhikittayiṃ;	
desanāthapanā	metrical_variant		1	0	0	0	0	1	0	1	KN:pe4	…idhā anurūpanti vā thapanā ca desanāthapanā.	
devadattamupānayuṃ	sandhi_ending	verb (aorist 3pl)	1	0	0	0	0	1	0	1	KN:tha-ap537	devadattamupānayuṃ;	
devaputtapalobhinī	metrical_variant		1	0	0	0	0	1	0	1	KN:ja546	devaputtapalobhinī;	
dhammacakkikattherassāpadānaṃ	long_compound	noun (gen pl)	1	0	0	0	0	1	0	1	KN:tha-ap41	Dhammacakkikattherassāpadānaṃ navamaṃ.	
dhammakīḷamabhikīḷati	potential_headword	verb (present 3sg)	1	0	0	0	0	1	0	1	KN:mil6.4.2	…samuddaṃ pavisitvā bahuvidhaṃ dhammakīḷamabhikīḷati, rūpārūpaaṭṭhasamāpattiyo vaḷ…	
dhammameghamabhivassayitvā	long_compound	particle (possible sandhi)	1	0	0	0	0	1	0	1	KN:mil7.7.6	…yogāvacarena āgamapariyattiyā dhammameghamabhivassayitvā adhigamakāmānaṃ mānasaṃ parip…	
dhammarā	metrical_variant		1	0	0	0	0	1	0	1	KN:tha-ap411	dhammarā niggamānusā;	
dhammasavanaṃ	sandhi_ending		1	0	0	0	0	1	0	1	KN:tha-ap341	Taṃ dhammasavanaṃ sariṃ;	
dhammayantamabhipīḷayati	potential_headword	verb (present 3sg)	1	0	0	0	0	1	0	1	KN:mil5.3.2	…aripakkamānase satte bodhento dhammayantamabhipīḷayati, ye tattha micchāpaṭipannā, t…	
dhammūmivipphāro	potential_headword		1	0	0	0	0	1	0	1	KN:mil6.4.1	Yathā dhammūmivipphāro,	
dhiro	potential_headword		1	0	0	0	0	1	0	1	KN:ja545	dhiro atthassa kovido;	
dhurasampaggaho	potential_headword		1	0	0	0	0	1	0	1	KN:mnd14	…tacchandatā anikkhittadhuratā dhurasampaggaho vīriyaṃ vīriyindriyaṃ vīriyab…	
dhātupūjī	metrical_variant		1	0	0	0	0	1	0	1	KN:tha-ap492	Candanī dhātupūjī ca,	
dhātusattaliyo	potential_headword		1	0	0	0	0	1	0	1	KN:tha-ap252	Patto dhātusattaliyo,	
dhāvarā	metrical_variant		1	0	0	0	0	1	0	1	KN:pe8	…hārānaṃ kiñci visodheti tassa dhāvarā vā, ayaṃ abyāpādacchando.	
dhīkatapāpāti	potential_headword		1	0	0	0	0	1	0	1	KN:mnd2	…dhīrā, dhitisampannāti dhīrā, dhīkatapāpāti dhīrā.	
dhūpāni	potential_headword		1	0	0	0	0	1	0	1	KN:tha-ap552	Dhūpāni ca mahagghāni,	
dijampati	potential_headword	verb (present 3sg)	1	0	0	0	0	1	0	1	KN:ja536	itthī cāpi dijampati.	
dijinda	potential_headword		1	0	0	0	0	1	0	1	KN:ja518	Evampi me tvaṃ pāturahu dijinda,	
dijābhighuṭṭhā	metrical_variant		1	0	0	0	0	1	0	1	KN:ja535	Dijābhighuṭṭhā dijasaṅghasevitā.	
disabbhi	potential_headword		1	0	0	0	0	1	0	1	KN:ja518	so disabbhi na rajjati.	
disalocanena	potential_headword	noun (inst sg)	1	0	0	0	0	1	0	1	KN:ne3	Oloketvā disalocanena,	
disalocanenā	metrical_variant		1	0	0	0	0	1	0	1	KN:ne36	…le samūlehi netī”ti “oloketvā disalocanenā”ti ca.	
diṭṭhigaṇḍaviphālako	potential_headword		1	0	0	0	0	1	0	1	KN:tha-ap552	diṭṭhigaṇḍaviphālako.	
diṭṭhirūpanā	metrical_variant		1	0	0	0	0	1	0	1	KN:pe6	…ivimutti rāgo rāgaparivattakā diṭṭhirūpanā passanā asantussitassa sīlabb…	
dohaṃ	pronoun_verb_fusion		1	0	0	0	0	1	0	1	KN:ja364	Visāṇato gavaṃ dohaṃ,	
dohāma	potential_headword	verb (present 1pl)	1	0	0	0	0	1	0	1	KN:ja520	Taṃ dāni ajja dohāma,	
dovilā	metrical_variant		1	0	0	0	0	1	0	1	KN:ja547	aññe tiṭṭhanti dovilā;	
dubbalacakkhūsi	potential_headword		1	0	0	0	0	1	0	1	KN:ja520	“Jiṇṇo dubbalacakkhūsi,	
dubbaṇṇinī	metrical_variant		1	0	0	0	0	1	0	1	KN:ja512	Dubbaṇṇinī naggayinī palāyinī;	
dubbhitabbaṃ	sandhi_ending		1	0	0	0	0	1	0	1	KN:ja518	“Tasmā hi mittānaṃ na dubbhitabbaṃ,	
dubbhituṃ	sandhi_ending	verb (aorist 3pl)	1	0	0	0	0	1	0	1	KN:ja544	Icchanti dubbhituṃ mahārāja;	
dubbinayo	potential_headword		1	0	0	0	0	1	0	1	KN:mnd13	Nivissavādī dubbinayo duppaññāpayo dunnijjhāpayo du…	
duccajjā	metrical_variant		1	0	0	0	0	1	0	1	KN:mnd2	Kāmā hi loke duppahāyā duccajjā duppariccajjā dunnimmadayā du…	
duddasī	metrical_variant		1	0	0	0	0	1	0	1	KN:ja516	Duddasī appakārosi,	
duggaccañca	potential_headword	particle (possible sandhi)	1	0	0	0	0	1	0	1	KN:thi-ap11	duggaccañca daliddataṃ;	
dujjīvitamajīvamha	potential_headword		1	0	0	0	0	1	0	1	KN:pv50	Dujjīvitamajīvamha,	
dujjīvitamajīvimha	potential_headword		1	0	0	0	0	1	0	1	KN:ja314	“Dujjīvitamajīvimha,	
dukkarakārakosī	metrical_variant		1	0	0	0	0	1	0	1	KN:ja513	“Namatthu te dukkarakārakosī”ti.	
dukkhamābhatan	sandhi_ending		1	0	0	0	0	1	0	1	KN:ja251	Sayaṃ me dukkhamābhatan”ti.	
dukkhopaniyaṃ	sandhi_ending		1	0	0	0	0	1	0	1	KN:pe8	Dukkhopaniyaṃ sukhaṃ cittassa saṅkhobhataṃ…	
dummarūpaṃ	sandhi_ending		1	0	0	0	0	1	0	1	KN:ja497	Pajaṃ imaṃ passatha dummarūpaṃ,	
dummo	potential_headword		1	0	0	0	0	1	0	1	KN:ja545	Dummo ca yā balisā ambujova.	
dunnikkayo	potential_headword		1	0	0	0	0	1	0	1	KN:ja505	Dunnikkayo veḷu pasākhajāto;	
dunniveṭhe	potential_headword		1	0	0	0	0	1	0	1	KN:mil4.1	dunniveṭhe saniggahe.	
dunīvarā	metrical_variant		1	0	0	0	0	1	0	1	KN:ja539	paṭimukkā dunīvarā;	
duppariccajjā	metrical_variant		1	0	0	0	0	1	0	1	KN:mnd2	…mā hi loke duppahāyā duccajjā duppariccajjā dunnimmadayā dunniveṭhayā dub…	
dussehacchādayitvāna	potential_headword	verb (present participle)	1	0	0	0	0	1	0	1	KN:tha-ap539	Dussehacchādayitvāna,	
dussitabbaṃ	sandhi_ending		1	0	0	0	0	1	0	1	KN:mil7.4.5	…a rajjitabbaṃ, dussanīyesu na dussitabbaṃ, muyhanīyesu na muyhitabbaṃ,…	
duvijā	metrical_variant		1	0	0	0	0	1	0	1	KN:ja523	Duvijā nelasambhūtā,	
duyyuje	potential_headword		1	0	0	0	0	1	0	1	KN:ja534	atthe yuñjanti duyyuje.	
dvattiṃsakkhattuṃ	sandhi_ending	verb (aorist 3pl)	1	0	0	0	0	1	0	1	KN:tha-ap409	Dvattiṃsakkhattuṃ devindo,	
dvattiṃsatimo	potential_headword		1	0	0	0	0	1	0	1	KN:ps1.1	Ānantarikasamādhiñāṇaniddeso dvattiṃsatimo.	
dvirasaññurā	metrical_variant		1	0	0	0	0	1	0	1	KN:ja543	Tadappapaññā dvirasaññurā te”.	
dālayiṃ	sandhi_ending		1	0	0	0	0	1	0	1	KN:tha-ap487	dālayiṃ kāmabandhanaṃ;	
dāletabbā	metrical_variant		1	0	0	0	0	1	0	1	KN:mil7.5.10	…sammasamāneneva sabbe kilesā dāletabbā.	
dānapaṭiyādana	potential_headword		1	0	0	0	0	1	0	1	KN:tha-ap393	1.5. Dānapaṭiyādana	
dārukaṭallakova	potential_headword	particle (possible sandhi)	1	0	0	0	0	1	0	1	KN:ja512	So naccatī dārukaṭallakova,	
dāruṇī	metrical_variant		1	0	0	0	0	1	0	1	KN:vv18	puṇḍarīkāti dāruṇī.	
dārāni	potential_headword		1	0	0	0	0	1	0	1	KN:ja541	Parassa dārāni atikkamanti;	
dāsimakañjako	potential_headword		1	0	0	0	0	1	0	1	KN:ja547	Dāsimakañjako cettha,	
dāsyaṃ	sandhi_ending		1	0	0	0	0	1	0	1	KN:mnd1	Sāmañca eke upayanti dāsyaṃ,	
dāsyo	potential_headword		1	0	0	0	0	1	0	1	KN:ja447	Dāsā ca dāsyo anujīvino ca,	
dīpayituṃ	sandhi_ending	verb (aorist 3pl)	1	0	0	0	0	1	0	1	KN:mnd6	Akkhātuṃ kathetuṃ bhaṇituṃ dīpayituṃ voharitunti—	
dīpānujjalayī	metrical_variant		1	0	0	0	0	1	0	1	KN:thi-ap27	dīpānujjalayī tahiṃ;	
dūramapagato	potential_headword		1	0	0	0	0	1	0	1	KN:mil5.3.1	…ippāye ṭhito, tenāhaṃ liṅgena dūramapagato’ti arahati upāsako sotāpanno…	
dūseyyagāran	sandhi_ending		1	0	0	0	0	1	0	1	KN:ja250	Sacevajemampi dūseyyagāran”ti.	
ehayyebhiramāmase	potential_headword		1	0	0	1	0	0	1	1	SN:sn5.4	ehayyebhiramāmase”ti.	
ekabhattikinī	metrical_variant		1	0	0	0	0	1	0	1	KN:ja318	Ekabhattikinī sāmā,	
ekajjho	potential_headword		1	0	0	0	0	1	0	1	KN:tha-ap284	ekajjho nāma khattiyo;	
ekakiccaabhinipphādanapañho	long_compound		1	0	0	0	0	1	0	1	KN:mil3.1.16	Nānādhammānaṃ ekakiccaabhinipphādanapañho soḷasamo.	
ekanīvaro	potential_headword		1	0	0	0	0	1	0	1	KN:ja539	paṭimukko ekanīvaro;	
ekapasādī	metrical_variant		1	0	0	0	0	1	0	1	KN:tha-ap142	Ekapasādī sāladado,	
ekasattatimo	potential_headword		1	0	0	0	0	1	0	1	KN:ps1.1	Mahākaruṇāñāṇaniddeso ekasattatimo.	
ekatthambhiko	potential_headword		1	0	0	0	0	1	0	1	KN:tha-ap14	Itthaṃ sudaṃ āyasmā ekatthambhiko thero imā gāthāyo abhāsitthāt…	
ekavavatthanā	metrical_variant		1	0	0	0	0	1	0	1	KN:ps1.1	ubho ekavavatthanā;	
ekādasañcakkhattuṃ	sandhi_ending	verb (aorist 3pl)	1	0	0	0	0	1	0	1	KN:tha-ap33	Ekādasañcakkhattuṃ so,	
ekādasī	metrical_variant		1	0	0	0	0	1	0	1	KN:ja542	Mātā ekādasī rañño,	
ekāsnamarīyapūjitaṃ	sandhi_ending		1	0	0	0	0	1	0	1	KN:ja535	Na cāpi ekāsnamarīyapūjitaṃ,	
ekī	potential_headword		1	0	0	0	0	1	0	1	KN:ne17	…mo tassa dhammassa ekattatāya ekī bhavati.	
elamphurakasañchannā	metrical_variant		1	0	0	0	0	1	0	1	KN:ja547	Elamphurakasañchannā,	
erāvatiṃ	sandhi_ending		1	0	0	0	0	1	0	1	KN:ja544	Erāvatiṃ kesiniṃ sunandañca;	
etamatthamasāvayuṃ	sandhi_ending	verb (aorist 3pl)	1	0	0	0	0	1	0	1	KN:thi-ap26	etamatthamasāvayuṃ;	
etindapatthaṃ	sandhi_ending		1	0	0	0	0	1	0	1	KN:ja546	“Etindapatthaṃ nagaraṃ padissati,	
evameti	potential_headword	verb (present 3sg)	1	0	0	0	0	1	0	1	KN:pe5	…i asīti tāni bhavanti evaṃ vā evameti tassā gāthāya suttassa vā yān…	
evaṃte	potential_headword		1	0	0	0	0	1	0	1	KN:ja534	evaṃte tidivaṃ gatā.	
evaṃvihārīhi	potential_headword		1	0	0	0	0	1	0	1	KN:ne37	Evaṃvihārīhi me saṅgamo siyā,	
evaṅkaṭukaṃ	sandhi_ending		1	0	0	0	1	0	1	1	AN:an6.45	…mpi samanupassāmi evaṃdāruṇaṃ evaṅkaṭukaṃ evaṃantarāyakaraṃ anuttarassa…	
gabbhassāvakkamanan	sandhi_ending		1	0	0	0	0	1	0	1	KN:mil5.1.6	…abhiṃsu, tāsaṃ tvaṃ saddahasi gabbhassāvakkamanan”ti?	
gaddhikattaṃ	sandhi_ending		1	0	0	0	0	1	0	1	KN:cnd23	…keḷanā parikeḷanā gaddhikatā gaddhikattaṃ capalatā cāpalyaṃ—	
gaharakkhaso	potential_headword		1	0	0	0	0	1	0	1	KN:iti109	‘Gaharakkhaso’ti kho, bhikkhave, mātugāmass…	
gahaṇāpagatauruvisaṭavitthatamahantaṭṭhena	long_compound	noun (inst sg)	1	0	0	0	0	1	0	1	KN:mil6.4.2	…ṇaṃ visuddhikāmānaṃ sabbattha gahaṇāpagatauruvisaṭavitthatamahantaṭṭhena.	
gajagavajamahiṃsarurucamarapasadakhaggagokaṇṇasīhabyagghadīpiacchakokataracchauddārakadalimigabiḷārasasakaṇṇikānucarite	long_compound		1	0	0	0	0	1	0	1	KN:ja536	…ṇidhare nekapupphamālyavitate gajagavajamahiṃsarurucamarapasadakhaggagokaṇṇasīhabyagghadīpiacchakokataracchauddārakadalimigabiḷārasasakaṇṇikānucarite ākiṇṇanelamaṇḍalamahāvarāhanā…	
gajjasu	potential_headword		1	0	0	0	0	1	0	1	KN:tha-ap393	Pahu samāno gajjasu,	
gandhaparivāto	potential_headword		1	0	0	0	0	1	0	1	KN:pe8	…ati ubhayesu ṭhānesu vīriyaṃ, gandhaparivāto sumuni nopalimpati.	
gavesisuṃ	sandhi_ending	verb (aorist 3pl)	1	0	0	0	0	1	0	1	KN:cp10	dakkhiṇeyyaṃ gavesisuṃ.	
gañchahaṃ	sandhi_ending		1	0	0	0	0	1	0	1	KN:bv7	saraṇaṃ tassa gañchahaṃ.	
gañchiṃ	sandhi_ending		1	0	0	0	0	1	0	1	KN:tha-ap423	gañchiṃ paṭikuṭiṃ ahaṃ.	
gaṇabāhuliko	potential_headword		1	0	0	0	0	1	0	1	KN:ps3.1	Yathā gaṇagaruko vuccati “gaṇabāhuliko”ti, cīvaragaruko vuccati “cīv…	
gaṇacāriṇī	metrical_variant		1	0	0	0	0	1	0	1	KN:ja425	makkhikā gaṇacāriṇī;	
gaṇṭhikuṭilasusirakaṇṭalatāsākhā	long_compound		1	0	0	0	0	1	0	1	KN:mil6.4.2	Yadi gaṇṭhikuṭilasusirakaṇṭalatāsākhā ālambitvā rukkhamabhirūhanaṃ…	
ghanikā	metrical_variant		1	0	0	0	0	1	0	1	KN:mil5.4.2	…atā kālidevatā, sivā vasudevā ghanikā asipāsā bhaddiputtāti, tesaṃ…	
ghatado	potential_headword		1	0	0	0	0	1	0	1	KN:tha-ap502	Upaḍḍhadussī ghatado,	
ghaṃsituṃ	sandhi_ending	verb (aorist 3pl)	1	0	0	0	0	1	0	1	KN:ja27	Na ca piṇḍaṃ na kuse na ghaṃsituṃ;	
ghaṭituṃ	sandhi_ending	verb (aorist 3pl)	1	0	0	0	0	1	0	1	KN:pe8	…o puggalo na sakkoti yuñjituṃ ghaṭituṃ vāyamituṃ yathābhūtaṃ yathāsa…	
ghaṭṭikā	metrical_variant		1	0	0	0	0	1	0	1	KN:ja544	Ghaṭṭikā uparikkhī ca,	
ghusite	potential_headword		1	0	0	0	0	1	0	1	KN:ja547	Kuṇḍale ghusite māle,	
ghuṇo	potential_headword		1	0	0	0	0	1	0	1	KN:ja418	sāre na ramatī ghuṇo”.	
ghātayitun	sandhi_ending		1	0	0	0	0	1	0	1	KN:mil5.3.11	…haṃ vīthiyaṃ carantaṃ gahetvā ghātayitun”ti?	
ghāṭetvā	metrical_variant	particle (possible sandhi)	1	0	0	0	0	1	0	1	KN:mnd10	Yato kodho parapuggalaṃ ghāṭetvā attānaṃ ghāṭeti, ettāvatā kod…	
giramudīraṇan	sandhi_ending		1	0	0	0	0	1	0	1	KN:mil5.2.2	…hagavantānaṃ akāraṇamahetukaṃ giramudīraṇan”ti.	
giripunnāgiyattherassāpadānaṃ	long_compound	noun (gen pl)	1	0	0	0	0	1	0	1	KN:tha-ap479	Giripunnāgiyattherassāpadānaṃ sattamaṃ.	
giripunnāgiyo	potential_headword		1	0	0	0	0	1	0	1	KN:tha-ap479	Itthaṃ sudaṃ āyasmā giripunnāgiyo thero imā gāthāyo abhāsitthāt…	
giripunnāgiyopi	potential_headword	particle (possible sandhi)	1	0	0	0	0	1	0	1	KN:tha-ap482	giripunnāgiyopi ca.	
giṅgamakaṃ	sandhi_ending		1	0	0	0	0	1	0	1	KN:ja547	Uggatthanaṃ giṅgamakaṃ,	
godhukā	metrical_variant		1	0	0	0	0	1	0	1	KN:tha-ap3	godhukā tiṇasūlikā;	
gopipāsikajātikā	metrical_variant		1	0	0	0	0	1	0	1	KN:ja448	gopipāsikajātikā;	
gotamidhātūni	potential_headword		1	0	0	0	0	1	0	1	KN:thi-ap17	Tato gotamidhātūni,	
gottī	metrical_variant		1	0	0	0	0	1	0	1	KN:ja532	Pubbe rasadadī gottī,	
goṭakā	metrical_variant		1	0	0	0	0	1	0	1	KN:ja547	goṭakā aṅgahetukā.	
goṭaviso	potential_headword		1	0	0	0	0	1	0	1	KN:ja545	yathā goṭaviso tathā.	
guggulā	metrical_variant		1	0	0	0	0	1	0	1	KN:ja547	hiriverā ca guggulā;	
guyhittho	potential_headword		1	0	0	0	0	1	0	1	KN:ja474	Guyhittho atthaṃ vijaheyya manto.	
gāhayī	metrical_variant		1	0	0	0	0	1	0	1	KN:tha-ap33	salākaṃ gāhayī jino.	
gāmanigamāsu	potential_headword	noun (loc pl, fem)	1	0	0	0	0	1	0	1	KN:ja384	Dhammadhajo gāmanigamāsu sādhu,	
gāpayī	metrical_variant		1	0	0	0	0	1	0	1	KN:thi-ap18	gāyake gāpayī mamaṃ.	
gāthāni	potential_headword		1	0	0	0	0	1	0	1	KN:tha-ap202	Chasatāni ca gāthāni,	
gīyamānesu	potential_headword	noun (loc pl)	1	0	0	0	0	1	0	1	KN:ja539	Gīyamānesu gītesu,	
harīṭakapalibodho	potential_headword		1	0	0	0	0	1	0	1	KN:mil2	…ndhapalibodho vāsanapalibodho harīṭakapalibodho āmalakapalibodho raṅgapalibod…	
hatthipāmokkho	potential_headword		1	0	0	0	0	1	0	1	KN:mil3.6.4	“Atthi pana te, mahārāja, hatthipāmokkho”ti?	
haṃsaye	potential_headword		1	0	0	0	0	1	0	1	KN:ja523	tasmā lomāni haṃsaye”.	
hemasuttacā	metrical_variant		1	0	0	0	0	1	0	1	KN:ja534	suhemā hemasuttacā;	
hetumavakaḍḍhayitvā	metrical_variant	particle (possible sandhi)	1	0	0	0	0	1	0	1	KN:ne3	Hetumavakaḍḍhayitvā,	
hevuppathamāgamā	metrical_variant		1	0	0	0	0	1	0	1	KN:ja545	mā hevuppathamāgamā.	
heṭhasīlo	potential_headword		1	0	0	0	0	1	0	1	KN:tha-ap271	heṭhasīlo bhayānako.	
heṭhayitosmi	pronoun_verb_fusion		1	0	0	0	0	1	0	1	KN:ja505	Puttena te heṭhayitosmi deva”.	
hiyyati	potential_headword	verb (present 3sg)	1	0	0	0	0	1	0	1	KN:ja509	Hiyyoti hiyyati poso,	
hiṅkāro	potential_headword		1	0	0	0	0	1	0	1	KN:ja547	hiṅkāro paṭibhāti maṃ;	
hiṅkārā	metrical_variant		1	0	0	0	0	1	0	1	KN:bv1	Hiṅkārā sādhukārā ca,	
hiṇḍissanti	potential_headword	verb (present 3pl)	1	0	0	0	0	1	0	1	KN:ja540	hiṇḍissanti brahāvane.	
hārayitvāna	potential_headword	verb (present participle)	1	0	0	0	0	1	0	1	KN:tha-ap555	Khārikaṃ hārayitvāna,	
hārayiṃ	sandhi_ending		1	0	0	0	0	1	0	1	KN:ja395	lomaṃ taṃ ajja hārayiṃ”.	
hāsabhāvasamanvitā	metrical_variant		1	0	0	0	0	1	0	1	KN:thi-ap18	hāsabhāvasamanvitā’.	
hāsetva	potential_headword	particle (possible sandhi)	1	0	0	0	0	1	0	1	KN:bv11	bhiyyo hāsetva mānasaṃ;	
hātūna	potential_headword		1	0	0	0	0	1	0	1	KN:ja484	Tesaṃ tuṇḍena hātūna,	
hīyanā	metrical_variant		1	0	0	0	0	1	0	1	KN:pe6	…aṃ vivaṇṇataṃ bhaggo taṃ jarā hīyanā pahīyanā āyuno hāni saṃhāni i…	
icchaṭṭā	metrical_variant		1	0	0	0	0	1	0	1	KN:thi-ap17	icchaṭṭā vilapiṃsu tā”.	
iccānusāsi	potential_headword		1	0	0	0	0	1	0	1	KN:ja523	Iccānusāsi maṃ tāto,	
idhehi	potential_headword	noun (inst pl)	1	0	0	0	0	1	0	1	KN:cp11	sayameva idhehi’ti.	
ikkā	potential_headword		1	0	0	0	0	1	0	1	KN:ja547	ikkā goṇasirā bahū;	
imissāya	potential_headword	noun (dat sg)	1	0	0	0	0	1	0	1	KN:pe8	…ato avippaṭisāro yāva vimutti imissāya pucchāya minikimatthassamīti…	
indikhaggadharā	metrical_variant		1	0	0	0	0	1	0	1	KN:ja545	indikhaggadharā balī;	
indivaradalappabhaṃ	sandhi_ending		1	0	0	0	0	1	0	1	KN:tha-ap432	indivaradalappabhaṃ.	
indīvarīsāmaṃ	sandhi_ending		1	0	0	0	0	1	0	1	KN:ja519	Vande indīvarīsāmaṃ,	
isayettha	potential_headword	verb (aorist 3sg)	1	0	0	0	0	1	0	1	KN:tha-ap412	isayettha samāgatā;	
isimuggasanāmā	pronoun_verb_fusion		1	0	0	0	0	1	0	1	KN:tha-ap187	Isimuggasanāmā te,	
isipūgasamaññāte	potential_headword		1	0	0	0	0	1	0	1	KN:ja511	Isipūgasamaññāte,	
isivutthapuririkāmaekarakkhe	long_compound		1	0	0	0	0	1	0	1	KN:pe2	Nandiyo sakko isivutthapuririkāmaekarakkhe suttaṃ mūlato upādāya yāva ch…	
isivātapaṭivātaṃ	sandhi_ending		1	0	0	0	0	1	0	1	KN:mil2	…sāgalanagaraṃ kāsāvappajjotaṃ isivātapaṭivātaṃ akaṃsu.	
isivātapaṭivātāni	potential_headword		1	0	0	0	0	1	0	1	KN:mnd16	…opānabhūtāni kāsāvapajjotāni isivātapaṭivātāni atthakāmāni hitakāmāni phāsuk…	
isiṇḍā	metrical_variant		1	0	0	0	0	1	0	1	KN:tha-ap411	Isiṇḍā makkalā ceva,	
iṇaggāhakassa	potential_headword	noun (gen sg)	1	0	0	0	0	1	0	1	KN:mil7.1	Iṇaggāhakassa ekaṃ aṅgaṃ gahetabbaṃ.	
iṇasādhakassa	potential_headword	noun (gen sg)	1	0	0	0	0	1	0	1	KN:mil7.1	Iṇasādhakassa tīṇi aṅgāni gahetabbāni.	
jahitva	potential_headword	particle (possible sandhi)	1	0	0	0	0	1	0	1	KN:ja535	Hiriyā nivattanti jahitva jīvitaṃ,	
jambonadīsaṃ	sandhi_ending		1	0	0	0	0	1	0	1	KN:ja535	Jambonadīsaṃ tapaneyyasannibhaṃ,	
jampāvatī	metrical_variant		1	0	0	0	0	1	0	1	KN:ja542	“Atthi jampāvatī nāma,	
janamakāsahan	sandhi_ending		1	0	0	0	0	1	0	1	KN:cp28	Samaggaṃ janamakāsahan”ti.	
janapadaniruttāni	potential_headword		1	0	0	0	0	1	0	1	KN:ne9	…usalo, evaṃ sabbāni kātabbāni janapadaniruttāni sabbā ca janapadaniruttiyo.	
jaritaṃ	sandhi_ending		1	0	0	0	0	1	0	1	KN:thi-ap36	taruṇiṃ jaritaṃ mataṃ.	
jayaddisa	potential_headword		1	0	0	0	0	1	0	1	KN:ja520	Kiṃchanda kumbha jayaddisa chaddanta,	
jaññāmu	potential_headword		1	0	0	0	0	1	0	1	KN:ja545	Jaññāmu ce sīlavantaṃ vadaññuṃ;	
jighaññanāmavhayanaṃ	sandhi_ending		1	0	0	0	0	1	0	1	KN:ja535	Jighaññanāmavhayanaṃ disaṃ pati;	
jinasāsanamanulomayitvā	metrical_variant	particle (possible sandhi)	1	0	0	0	0	1	0	1	KN:mil7.7.10	…mahārāja, yoginā yogāvacarena jinasāsanamanulomayitvā sīlapathaviyaṃ patiṭṭhahitvā…	
jotayuṃ	sandhi_ending	verb (aorist 3pl)	1	0	0	0	0	1	0	1	KN:tha-ap127	sabbaratanāni jotayuṃ;	
juṇhaka	potential_headword		1	0	0	0	0	1	0	1	KN:ja463	Puna juṇhaka dhammamudayavaro;	
jāguṃ	sandhi_ending	verb (aorist 3pl)	1	0	0	0	0	1	0	1	KN:cnd16	…mānavaṃ posaṃ puggalaṃ jīvaṃ jāguṃ jantuṃ indaguṃ manujanti—	
jāpalo	potential_headword		1	0	0	0	0	1	0	1	KN:tha-ap348	jāpalo nāma pabbato;	
jātijjaraṃ	sandhi_ending		1	0	0	0	0	1	0	1	KN:ja405	Jātijjaraṃ sokamupātivatto;	
jātumetī	metrical_variant		1	0	0	0	0	1	0	1	KN:ja87	Yugayogādhigato na jātumetī”ti.	
jāyājinenā	metrical_variant		1	0	0	0	0	1	0	1	KN:ja536	…ma vasala, ko nu tayā viyatto jāyājinenā”ti.	
jīvitindriyāparodhā	metrical_variant		1	0	0	0	0	1	0	1	KN:pe6	Tassa āyukkhayā jīvitindriyāparodhā idañca dukkhaṃ nirujjhati, añ…	
kabyapathānupannā	metrical_variant		1	0	0	0	0	1	0	1	KN:ja543	Dummocayā kabyapathānupannā;	
kadalimātuluṅgiyo	potential_headword		1	0	0	0	0	1	0	1	KN:tha-ap3	kadalimātuluṅgiyo;	
kadalino	potential_headword		1	0	0	0	0	1	0	1	KN:ja542	“Yathā kadalino sāraṃ,	
kadalīkaṇṇiṃ	sandhi_ending		1	0	0	0	0	1	0	1	KN:tha-ap33	Mahantiṃ kadalīkaṇṇiṃ,	
kadambakoraṇḍakado	potential_headword		1	0	0	0	0	1	0	1	KN:tha-ap432	Kadambakoraṇḍakado,	
kaddamīkataṃ	sandhi_ending		1	0	0	0	0	1	0	1	KN:ja539	khajjantaṃ kaddamīkataṃ;	
kadāsu	potential_headword	noun (loc pl, fem)	1	0	0	0	0	1	0	1	KN:pe8	Kadāsu nāmāhaṃ taṃ santaṃ āyatanaṃ s…	
kakaṇṭāva	potential_headword	particle (possible sandhi)	1	0	0	0	0	1	0	1	KN:ja141	Godhākulaṃ kakaṇṭāva,	
kalahāni	potential_headword		1	0	0	0	0	1	0	1	KN:ja512	Mānātimānā kalahāni pesuṇī,	
kalambāni	potential_headword		1	0	0	0	0	1	0	1	KN:tha-ap111	Khaṇantālu kalambāni,	
kalasigāmaṃ	sandhi_ending		1	0	0	0	0	1	0	1	KN:mil3.7.5	“Iṅgha tvaṃ, mahārāja, kalasigāmaṃ cintehī”ti.	
kalaṇḍukā	metrical_variant		1	0	0	0	0	1	0	1	KN:ja127	piva khīraṃ kalaṇḍukā”ti.	
kaliṅgukā	metrical_variant		1	0	0	0	0	1	0	1	KN:ja547	kappūrā ca kaliṅgukā.	
kalūnaṃ	sandhi_ending		1	0	0	0	0	1	0	1	KN:ja540	kalūnaṃ paridevayuṃ.	
kammamakaṃ	sandhi_ending		1	0	0	0	0	1	0	1	KN:tha-ap414	Yato ahaṃ kammamakaṃ,	
kammaniketavā	metrical_variant	particle (possible sandhi)	1	0	0	0	0	1	0	1	KN:mil6.3.2	…teyyo kammasīlo kammadhorayho kammaniketavā appamatto vihareyyan’ti, evaṃ…	
kammapathānihaṃ	sandhi_ending		1	0	0	0	0	1	0	1	KN:tha-ap540	dasa kammapathānihaṃ;	
kammupasayānaṃ	sandhi_ending	noun (gen pl)	1	0	0	0	0	1	0	1	KN:pe2	Tesaṃ kammupasayānaṃ tadādhimuttānaṃ.	
kampalā	metrical_variant		1	0	0	0	0	1	0	1	KN:tha-ap1	Kampalā dukūlā cīnā,	
kampitabbaṃ	sandhi_ending		1	0	0	0	0	1	0	1	KN:mil7.4.5	…uyhanīyesu na muyhitabbaṃ, na kampitabbaṃ na calitabbaṃ, pabbatena viya…	
kanakabyā	metrical_variant		1	0	0	0	0	1	0	1	KN:ja523	kanakabyā samocitā;	
kanaverā	metrical_variant		1	0	0	0	0	1	0	1	KN:ja547	kanaverā ca pupphitā.	
kandali	potential_headword		1	0	0	0	0	1	0	1	KN:tha-ap3	Ketakā kandali ceva,	
kandalipupphiyo	potential_headword		1	0	0	0	0	1	0	1	KN:tha-ap321	Itthaṃ sudaṃ āyasmā kandalipupphiyo thero imā gāthāyo abhāsitthāt…	
kandalipupphāni	potential_headword		1	0	0	0	0	1	0	1	KN:tha-ap321	Satta kandalipupphāni,	
kandalī	metrical_variant		1	0	0	0	0	1	0	1	KN:tha-ap412	Kalambā kandalī tattha,	
kandarapadarasarasobbhaudapānāni	long_compound		1	0	0	0	0	1	0	1	KN:mil7.7.6	…samāno naditaḷākapokkharaṇiyo kandarapadarasarasobbhaudapānāni ca paripūreti udakadhārāhi;	
kaniyassa	potential_headword	noun (gen sg)	1	0	0	0	0	1	0	1	KN:thi-ap27	kaniyassa mama bhattuno;	
kantisūcakaṃ	sandhi_ending		1	0	0	0	0	1	0	1	KN:thi-ap36	ahu me kantisūcakaṃ;	
kapiliyaṃ	sandhi_ending		1	0	0	0	0	1	0	1	KN:ja542	phītaṃ kapiliyaṃ puraṃ.	
kapotikāya	potential_headword	noun (dat sg)	1	0	0	0	0	1	0	1	KN:mil7.1	Kapotikāya tīṇi aṅgāni gahetabbāni.	
kapotiniyopi	potential_headword	particle (possible sandhi)	1	0	0	0	0	1	0	1	KN:mil3.4.6	…opi kacchapiniyopi moriniyopi kapotiniyopi, kiṃ nu tā kakkhaḷāni pāsāṇān…	
kapotiyā	metrical_variant		1	0	0	0	0	1	0	1	KN:ja490	“Ahaṃ pure giddhigato kapotiyā,	
kapotiṃ	sandhi_ending		1	0	0	0	0	1	0	1	KN:ja490	Athaggahī sākuṇiko kapotiṃ,	
kapparukkhī	metrical_variant		1	0	0	0	0	1	0	1	KN:tha-ap42	Kapparukkhī ca dasamo,	
kappilassa	potential_headword	noun (gen sg)	1	0	0	0	0	1	0	1	KN:thi-ap27	Kappilassa dijassāsiṃ,	
karavīkasussaro	potential_headword		1	0	0	0	0	1	0	1	KN:vv36	Haṃsassa rañño karavīkasussaro;	
kareyyu	potential_headword		1	0	0	0	0	1	0	1	KN:ja543	Sarīradāhāpi kareyyu puññaṃ.	
karihi	potential_headword		1	0	0	0	0	1	0	1	KN:thig15.1	Bhaṇa khippaṃ taṃ te karihi’ti.	
karoṭiyā	metrical_variant		1	0	0	0	0	1	0	1	KN:ja547	Karoṭiyā cammadharā,	
karumbhakaṃ	sandhi_ending		1	0	0	0	0	1	0	1	KN:mil6.1.5	…rātaṅkānaṃ lohitakānaṃ antare karumbhakaṃ nāma sālijāti uppajjitvā anta…	
karumbhakā	metrical_variant		1	0	0	0	0	1	0	1	KN:mil6.1.5	…nti, te lohitakasālīnamantare karumbhakā viya jinasāsane na vaḍḍhitvā…	
kasathamīti	potential_headword		1	0	0	0	0	1	0	1	KN:pe8	Yaṃ kiṃ kasathamīti idaṃ kukkuccaṃ.	
katamasmāsu	potential_headword	noun (loc pl, fem)	1	0	0	0	0	1	0	1	KN:ja533	katamasmāsu taṃ tayā;	
katanissame	potential_headword		1	0	0	0	0	1	0	1	KN:ja528	saṅgāme katanissame;	
kathaṅgotto	potential_headword		1	0	1	0	0	0	1	1	MN:mn86	“Kathaṅgotto ayyassa pitā, kathaṅgottā māt…	
kavacamabhihessati	potential_headword	verb (present 3sg)	1	0	0	0	0	1	0	1	KN:ja455	Kavacamabhihessati achambhito”.	
kavacāni	potential_headword		1	0	0	0	0	1	0	1	KN:ja547	cammāni kavacāni ca;	
kayike	potential_headword		1	0	0	0	0	1	0	1	KN:mil6.4.1	…na āgacchanti, anuppatte pana kayike mūlaṃ gahetvā evaṃ ācikkhati…	
kayikā	metrical_variant		1	0	0	0	0	1	0	1	KN:mil6.4.1	…āva tato phalāni pāteti, yāva kayikā na āgacchanti, anuppatte pana…	
kaḷambaambāṭakado	potential_headword		1	0	0	0	0	1	0	1	KN:tha-ap442	kaḷambaambāṭakado.	
kaḷambadāyakattherassāpadānaṃ	long_compound	noun (gen pl)	1	0	0	0	0	1	0	1	KN:tha-ap438	Kaḷambadāyakattherassāpadānaṃ chaṭṭhaṃ.	
kaḷambadāyako	potential_headword		1	0	0	0	0	1	0	1	KN:tha-ap438	Itthaṃ sudaṃ āyasmā kaḷambadāyako thero imā gāthāyo abhāsitthāt…	
kaḷambassa	potential_headword	noun (gen sg)	1	0	0	0	0	1	0	1	KN:tha-ap438	kaḷambassa idaṃ phalaṃ.	
kaḷambaṃ	sandhi_ending		1	0	0	0	0	1	0	1	KN:tha-ap438	Kaḷambaṃ tassa pādāsiṃ,	
kaḷambāni	potential_headword		1	0	0	0	0	1	0	1	KN:ja446	Na biḷāliyo na kaḷambāni tāta;	
kaḷiyā	metrical_variant		1	0	0	0	0	1	0	1	KN:bv17	Sāḷiyā ca kaḷiyā ca,	
kaṅgubījā	metrical_variant		1	0	0	0	0	1	0	1	KN:ja547	kaṅgubījā bahū surā;	
kaṇḍambamūle	potential_headword		1	0	0	0	0	1	0	1	KN:mil6.4.2	Puna tattheva kaṇḍambamūle yamakapāṭihāriye vīsati pāṇak…	
kaṇḍinaṃ	sandhi_ending		1	0	0	0	0	1	0	1	KN:ja13	“Dhiratthu kaṇḍinaṃ sallaṃ,	
kaṇṭhamabhipūrayitvā	metrical_variant	particle (possible sandhi)	1	0	0	0	0	1	0	1	KN:mil6.1.1	…anaṃ bhuñjeyya chādentaṃ yāva kaṇṭhamabhipūrayitvā, so dhāto pīṇito paripuṇṇo ni…	
kaṭumikāpi	potential_headword	particle (possible sandhi)	1	0	0	0	0	1	0	1	KN:mil3.6.11	“Abhijānantīpi, mahārāja, kaṭumikāpi satī”ti.	
kaṭumikāva	potential_headword	particle (possible sandhi)	1	0	0	0	0	1	0	1	KN:mil3.6.11	…abhijānantī uppajjati, udāhu kaṭumikāva satī”ti?	
kaṭumikāyapi	potential_headword	particle (possible sandhi)	1	0	0	0	0	1	0	1	KN:mil3.7.1	…pi, mahārāja, sati uppajjati, kaṭumikāyapi sati uppajjati, oḷārikaviññāṇ…	
kelāyito	potential_headword		1	0	0	0	0	1	0	1	KN:ja473	Tato kelāyito hoti,	
kepuke	potential_headword		1	0	0	0	0	1	0	1	KN:ja539	bālaggesu ca kepuke;	
ketakapupphiyo	potential_headword		1	0	0	0	0	1	0	1	KN:tha-ap516	Itthaṃ sudaṃ āyasmā ketakapupphiyo thero imā gāthāyo abhāsitthāt…	
keṇu	potential_headword		1	0	0	0	0	1	0	1	KN:ja535	Hareṇukā veḷukā keṇu tindukā,	
khajjurīnaṃ	sandhi_ending		1	0	0	0	0	1	0	1	KN:ja547	khajjurīnaṃ brahāvane;	
khallitasiraṃ	sandhi_ending		1	0	0	0	1	0	1	1	AN:an3.36	…ṇḍadantaṃ palitakesaṃ vilūnaṃ khallitasiraṃ valitaṃ tilakāhatagattan’ti?	
khamyataṃ	sandhi_ending		1	0	0	0	0	1	0	1	KN:ja444	Taṃ khamyataṃ puttakahetu majja;	
khantabbaṃ	sandhi_ending		1	0	0	0	0	1	0	1	KN:thi-ap17	“Akkhante nāma khantabbaṃ,	
kharājinaso	potential_headword		1	0	0	0	0	1	0	1	KN:ja496	Suva kinnara mukka kharājinaso,	
khattabandhuni	potential_headword		1	0	0	0	0	1	0	1	KN:ja521	maññasi khattabandhuni;	
khaṇḍakādichinnakādino	potential_headword		1	0	0	0	0	1	0	1	KN:pe8	Ye khaṇḍakādichinnakādino, na te pathavīsamacittataṃ pa…	
khaṇḍaphulli	potential_headword		1	0	0	0	0	1	0	1	KN:tha-ap202	khaṇḍaphulli asokiyo;	
khaṇḍaphulliyattherassāpadānaṃ	long_compound	noun (gen pl)	1	0	0	0	0	1	0	1	KN:tha-ap195	Khaṇḍaphulliyattherassāpadānaṃ tatiyaṃ.	
khaṇḍaphulliyo	potential_headword		1	0	0	0	0	1	0	1	KN:tha-ap195	Itthaṃ sudaṃ āyasmā khaṇḍaphulliyo thero imā gāthāyo abhāsitthāt…	
khirasappimuḷālibhi	potential_headword		1	0	0	0	0	1	0	1	KN:ja547	khirasappimuḷālibhi.	
khiyanā	metrical_variant		1	0	0	0	0	1	0	1	KN:pe8	Cittānupassissa paṭighātena khiyanā, idaṃ thinamiddhaṃ.	
khiḍḍo	potential_headword		1	0	0	0	0	1	0	1	KN:thi-ap19	khiḍḍo komārako yathā.	
khuddaveḷubhi	potential_headword		1	0	0	0	0	1	0	1	KN:ja542	sañchannā khuddaveḷubhi.	
khudhaṃ	sandhi_ending		1	0	0	0	0	1	0	1	KN:ja382	Khudhaṃ pipāsaṃ abhibhuyya sabbaṃ,	
khujjamakāmayiṃ	sandhi_ending		1	0	0	0	0	1	0	1	KN:ja232	ahaṃ khujjamakāmayiṃ;	
khīrapā	metrical_variant		1	0	0	0	0	1	0	1	KN:ja520	khīrapā haññate pajā”.	
khīḷanaṃ	sandhi_ending		1	0	0	0	0	1	0	1	KN:mil6.4.2	…jati, diṭṭhadhammikaṃ hīḷanaṃ khīḷanaṃ garahanaṃ uppaṇḍanaṃ khipanaṃ…	
khīḷitaṃ	sandhi_ending		1	0	0	0	0	1	0	1	KN:mil5.4.2	…taṃ oññātaṃ avaññātaṃ hīḷitaṃ khīḷitaṃ garahitaṃ bhavati;	
kinnūdha	potential_headword		1	0	0	0	0	1	0	1	KN:ja505	“Kinnūdha deva tavamatthi bhogā,	
kipillikāni	potential_headword		1	0	0	0	0	1	0	1	KN:ja490	Vammīkathūpasmiṃ kipillikāni,	
kirena	potential_headword	noun (inst sg)	1	0	0	0	0	1	0	1	KN:ja290	Maṇikuṇḍalakena kirena dasāti.	
kiriṭī	metrical_variant		1	0	0	0	0	1	0	1	KN:pv34	“Mālī kiriṭī kāyūrī,	
kisapharusakāḷaṅgapaccaṅgo	long_compound		1	0	0	0	0	1	0	1	KN:mil6.4.2	…ttakaṃ paccati, tato muccitvā kisapharusakāḷaṅgapaccaṅgo sūnuddhumātasusiruttamaṅgo ch…	
kisiko	potential_headword		1	0	0	0	0	1	0	1	KN:pv19	Upphāsuliko kisiko,	
kisittho	potential_headword		1	0	0	0	0	1	0	1	KN:ja547	mā kisittho mayā vinā.	
kismīti	potential_headword		1	0	0	0	0	1	0	1	KN:ne6	Atha ca pana me kismīti kathasmīti vicikicchā kathaṅk…	
kittayiṃhaṃ	sandhi_ending		1	0	0	0	0	1	0	1	KN:tha-ap289	kittayiṃhaṃ mahesinaṃ;	
kittini	potential_headword		1	0	0	0	0	1	0	1	KN:pe8	…āne paṭikūlasaññino yasena ca kittini ca appaṭikūlasaññino.	
kiñjakesarā	metrical_variant		1	0	0	0	0	1	0	1	KN:tha-ap251	caturo kiñjakesarā;	
kiṇyā	metrical_variant		1	0	0	0	0	1	0	1	KN:ja534	Sutena vā sutaṃ kiṇyā,	
kodhapugganikā	metrical_variant		1	0	0	0	0	1	0	1	KN:tha-ap411	kodhapugganikā bahū;	
kolaṅkolena	potential_headword	noun (inst sg)	1	0	0	0	0	1	0	1	KN:ne37	…alehi niddisitabbaṃ ekabījinā kolaṅkolena sattakkhattuparamena saddhānu…	
koli	potential_headword		1	0	0	0	0	1	0	1	KN:ja310	Atha koli palāsavarañca kara,	
koliniyā	metrical_variant		1	0	0	0	0	1	0	1	KN:ja453	Koliniyā sīlavatī patibbatā,	
kontaraṃ	sandhi_ending		1	0	0	0	0	1	0	1	KN:tha-ap432	Sovaṇṇaṃ kontaraṃ gayha,	
konīdha	potential_headword		1	0	0	0	0	1	0	1	KN:ja546	Konīdha rañño abbhatiko manusso;	
koraṇḍasamasādiso	potential_headword		1	0	0	0	0	1	0	1	KN:bv1	koraṇḍasamasādiso;	
koraṇḍavaṇṇakoyeva	potential_headword	particle (possible sandhi)	1	0	0	0	0	1	0	1	KN:tha-ap427	Koraṇḍavaṇṇakoyeva,	
koṭalā	metrical_variant		1	0	0	0	0	1	0	1	KN:tha-ap411	koṭalā hanuvindakā;	
koṭigatan	sandhi_ending		1	0	0	0	0	1	0	1	KN:mil6.3.6	…vuccati ‘anītikamanupaddavaṃ koṭigatan’ti;	
koṭumbaramāthurakā	metrical_variant		1	0	0	0	0	1	0	1	KN:mil6.4.1	…sāketakā soreyyakā pāveyyakā koṭumbaramāthurakā alasandakasmīragandhārā taṃ n…	
koṭumbarasamākulaṃ	sandhi_ending		1	0	0	0	0	1	0	1	KN:tha-ap185	koṭumbarasamākulaṃ;	
koṭumbarikahatthiyo	potential_headword		1	0	0	0	0	1	0	1	KN:tha-ap192	koṭumbarikahatthiyo;	
koṭumbariyattherassāpadānaṃ	long_compound	noun (gen pl)	1	0	0	0	0	1	0	1	KN:tha-ap185	Koṭumbariyattherassāpadānaṃ tatiyaṃ.	
koṭumbariyo	potential_headword		1	0	0	0	0	1	0	1	KN:tha-ap185	Itthaṃ sudaṃ āyasmā koṭumbariyo thero imā gāthāyo abhāsitthāt…	
kudrūso	potential_headword		1	0	0	0	0	1	0	1	KN:mil6.2.4	…ṃ, atthi sāli vīhi yavo kaṅgu kudrūso varako godhūmo muggo, māso ti…	
kujjhitabban	sandhi_ending		1	0	0	0	0	1	0	1	KN:pv36	Pucchāma taṃ no na ca kujjhitabban”ti.	
kukkuriniyopi	potential_headword	particle (possible sandhi)	1	0	0	0	0	1	0	1	KN:mil3.4.6	…yopi byagghiniyopi dīpiniyopi kukkuriniyopi, kiṃ nu tā kakkhaḷāni aṭṭhikā…	
kukkuṭapothini	potential_headword		1	0	0	0	0	1	0	1	KN:ja383	cori kukkuṭapothini;	
kukkuṭaṅgapañha	potential_headword		1	0	0	0	0	1	0	1	KN:mil7.2.2	2. Kukkuṭaṅgapañha	
kukkuṭaṅgapañho	potential_headword		1	0	0	0	0	1	0	1	KN:mil7.2.2	Kukkuṭaṅgapañho dutiyo.	
kukuttho	potential_headword		1	0	0	0	0	1	0	1	KN:tha-ap162	Kukuttho nāma nāmena,	
kukutthā	metrical_variant		1	0	0	0	0	1	0	1	KN:tha-ap407	kukutthā ca nadīcarā.	
kuliṅgo	potential_headword		1	0	0	0	0	1	0	1	KN:ja481	Meṇḍantaraṃ accupatī kuliṅgo;	
kumbhathūnī	metrical_variant		1	0	0	0	0	1	0	1	KN:tha-ap411	Vetāḷino kumbhathūnī,	
kumbhathūṇiyo	potential_headword		1	0	0	0	0	1	0	1	KN:ja547	Pāṇissarā kumbhathūṇiyo,	
kumudinī	metrical_variant		1	0	0	0	0	1	0	1	KN:ja425	“Gaṅgā kumudinī santā,	
kumudī	metrical_variant		1	0	0	0	0	1	0	1	KN:tha-ap322	Kandaliko kumudī ca,	
kuraracakoravāraṇamayūraparabhatajīvañjīvakacelāvakābhiṅkārakaravīkamattavihaṅgagaṇasatatasampaghuṭṭhe	long_compound		1	0	0	0	0	1	0	1	KN:ja536	…husitaggānekapādapagaṇavitate kuraracakoravāraṇamayūraparabhatajīvañjīvakacelāvakābhiṅkārakaravīkamattavihaṅgagaṇasatatasampaghuṭṭhe añjanamanosilāharitālahiṅgula…	
kuravakamucalindaketakavedisavañjulapunnāgabakulatilakapiyakahasanasālasaḷalacampakaasokanāgarukkhatirīṭibhujapattaloddacandanoghavane	long_compound		1	0	0	0	0	1	0	1	KN:ja536	Kuravakamucalindaketakavedisavañjulapunnāgabakulatilakapiyakahasanasālasaḷalacampakaasokanāgarukkhatirīṭibhujapattaloddacandanoghavane kāḷāgarupadmakapiyaṅgudevadār…	
kurañciyaphaladāyakattherassāpadānaṃ	long_compound	noun (gen pl)	1	0	0	0	0	1	0	1	KN:tha-ap513	Kurañciyaphaladāyakattherassāpadānaṃ paṭhamaṃ.	
kurañciyaphaladāyako	potential_headword		1	0	0	0	0	1	0	1	KN:tha-ap513	Itthaṃ sudaṃ āyasmā kurañciyaphaladāyako thero imā gāthāyo abhāsitthāt…	
kurañciyaphalaṃ	sandhi_ending		1	0	0	0	0	1	0	1	KN:tha-ap513	Kurañciyaphalaṃ gayha,	
kurañciyaṃ	sandhi_ending		1	0	0	0	0	1	0	1	KN:tha-ap522	Kurañciyaṃ kapitthañca,	
kusakasuphullitalatāvalambinīhi	long_compound		1	0	0	0	0	1	0	1	KN:vv35	Kusakasuphullitalatāvalambinīhi;	
kusalāyātikā	metrical_variant		1	0	1	0	0	0	1	1	MN:mn122	…, ānanda, dhammā ekantakusalā kusalāyātikā ariyā lokuttarā anavakkantā p…	
kusumbharā	metrical_variant		1	0	0	0	0	1	0	1	KN:ja547	kadaliyo kusumbharā;	
kutumpa	potential_headword		1	0	0	0	0	1	0	1	KN:ja547	kutumpa dindimāni ca”.	
kuṅkumiyajātā	metrical_variant		1	0	0	0	0	1	0	1	KN:ja536	…parivattakajātā kho pana hoti kuṅkumiyajātā, dīghaṃ assasati, dukkhaṃ ved…	
kuṅkumī	metrical_variant		1	0	0	0	0	1	0	1	KN:ja536	Parivattajātā ca bhavati kuṅkumī,	
kuṭandajā	metrical_variant		1	0	0	0	0	1	0	1	KN:ja547	Kuṭandajā bhaddamuttā,	
kuṭikaṇṇatthero	potential_headword		1	0	0	0	0	1	0	1	KN:thag5.11	… Soṇo kuṭikaṇṇatthero ….	
kālūpakūjino	potential_headword		1	0	0	0	0	1	0	1	KN:ja547	ubho kālūpakūjino.	
kāmaguṇike	potential_headword		1	0	0	1	0	0	1	1	SN:sn12.63	Pañca kāmaguṇike rāge pariññāte natthi taṃ saṃ…	
kāmakaraṇīyo	potential_headword		1	0	0	0	0	1	0	1	KN:pe8	…bhūto tehi kilesakāmehi yathā kāmakaraṇīyo, ayaṃ vuccate kāmesu pakappan…	
kāmakāmīhaṃ	sandhi_ending		1	0	0	0	0	1	0	1	KN:pv38	Bhuñjāmi kāmakāmīhaṃ,	
kāmapalirodho	potential_headword		1	0	0	0	0	1	0	1	KN:mnd15	…kaddamo kāmakileso kāmapalipo kāmapalirodho duraccayo durativatto duttaro…	
kāmasaṃhitan	sandhi_ending		1	0	0	0	0	1	0	1	KN:mil7.4.9	mānasaṃ kāmasaṃhitan’”ti.	
kānissa	potential_headword		1	0	0	0	0	1	0	1	KN:ja438	“Kānissa kammāyatanāni assu,	
kārayitvāna	potential_headword	verb (present participle)	1	0	0	0	0	1	0	1	KN:tha-ap52	Agghiyaṃ kārayitvāna,	
kāsikakoṭumbarikādinānāvidhavatthāpaṇasampannaṃ	long_compound		1	0	0	0	0	1	0	1	KN:mil1	…avijjāvanta naraciranisevitaṃ kāsikakoṭumbarikādinānāvidhavatthāpaṇasampannaṃ suppasāritarucirabahuvidhapup…	
kāyasakepuka	potential_headword		1	0	0	0	0	1	0	1	KN:ja330	Atha kāyasakepuka bhotīvaro,	
kīḷitabbā	metrical_variant		1	0	0	0	0	1	0	1	KN:mil7.5.10	…vidhunitabbā, yogāvacarakīḷā kīḷitabbā.	
kīḷiyā	metrical_variant		1	0	0	0	0	1	0	1	KN:ja539	kā nu gāmeva kīḷiyā;	
kūṭāgārī	metrical_variant		1	0	0	0	0	1	0	1	KN:tha-ap402	Kūṭāgārī bākulo ca,	
labbhitā	metrical_variant		1	0	0	0	0	1	0	1	KN:ja445	Tayāmā labbhitā iddhī,	
labbho	potential_headword		1	0	0	0	0	1	0	1	KN:ja368	Atthova labbho api appakopi;	
labhatippasaṃsan	sandhi_ending		1	0	0	1	0	0	1	1	SN:sn9.10	Diṭṭheva dhamme labhatippasaṃsan”ti.	
lagetvāna	potential_headword	verb (present participle)	1	0	0	0	0	1	0	1	KN:tha-ap485	Bhisaṃ rukkhe lagetvāna,	
lagganādhivacanan	sandhi_ending		1	0	0	0	0	1	0	1	KN:mnd2	Sattoti lagganādhivacanan”ti—	
laggitabbaṃ	sandhi_ending		1	0	0	0	0	1	0	1	KN:mil7.7.2	…yoginā yogāvacarena sadatthe laggitabbaṃ, sabbattha dhammañāṇena bhavi…	
lakhumāvimānaṃ	sandhi_ending	noun (gen pl)	1	0	0	0	0	1	0	1	KN:vv19	Lakhumāvimānaṃ dutiyaṃ.	
lakkhayati	potential_headword	verb (present 3sg)	1	0	0	0	0	1	0	1	KN:ne8	Kiṃ lakkhayati?	
lakkho	potential_headword		1	0	0	0	0	1	0	1	KN:pv38	Lakkho eso mahārāja,	
lasuṇado	potential_headword		1	0	0	0	0	1	0	1	KN:tha-ap42	Adhimutto lasuṇado,	
latāni	potential_headword		1	0	0	0	0	1	0	1	KN:ja519	Tiṇā latāni osadhyo,	
laṭukā	metrical_variant		1	0	0	0	0	1	0	1	KN:tha-ap411	Paṭagā laṭukā sabbe,	
lehati	potential_headword	verb (present 3sg)	1	0	0	0	0	1	0	1	KN:ja162	Sāmā mukhaṃ lehati santhavenā”ti.	
lekhitvā	metrical_variant	particle (possible sandhi)	1	0	0	0	0	1	0	1	KN:mil8	Mahātherena lekhitvā,	
leṇo	potential_headword		1	0	0	0	0	1	0	1	KN:ja546	Dīpo ca leṇo ca parāyaṇo ca;	
lohitape	potential_headword		1	0	0	0	0	1	0	1	KN:ja383	“Kuṇapādini lohitape,	
lohitapo	potential_headword		1	0	0	0	0	1	0	1	KN:ja300	bhañji lohitapo tapaṃ.	
lohituṇhīso	potential_headword		1	0	0	0	0	1	0	1	KN:ja503	Sobhati lohituṇhīso,	
lokasudakkhiṇeyyā	metrical_variant		1	0	0	0	0	1	0	1	KN:tha-ap2	Nissaṃsayaṃ lokasudakkhiṇeyyā,	
lomasuddarī	metrical_variant		1	0	0	0	0	1	0	1	KN:ja536	…puṇṇamukha, kuruṅgadevī nāma lomasuddarī eḷikakumāraṃ kāmayamānā chaḷa…	
loṇasupuṭakaṃ	sandhi_ending		1	0	0	0	0	1	0	1	KN:tha-ap359	Loṇasupuṭakaṃ datvā,	
loṇiyateliyaṃ	sandhi_ending		1	0	0	0	0	1	0	1	KN:ja451	gāme loṇiyateliyaṃ.	
loṇiyateliyāni	potential_headword		1	0	0	0	0	1	0	1	KN:ja434	Annāni ca loṇiyateliyāni;	
ludraṃ	sandhi_ending		1	0	0	0	0	1	0	1	KN:ja546	Accāhitaṃ kammaṃ karosi ludraṃ,	
lābūni	potential_headword		1	0	0	0	0	1	0	1	KN:ja77	Lābūni sīdanti silā plavan”ti.	
mabbhāhato	potential_headword		1	0	0	0	0	1	0	1	KN:ja538	“Kena mabbhāhato loko,	
mabhidhāvanti	potential_headword	verb (present 3pl)	1	0	0	0	0	1	0	1	KN:ja547	Samantā mabhidhāvanti,	
mabhidhāvino	potential_headword		1	0	0	0	0	1	0	1	KN:ja547	samantā mabhidhāvino;	
mabhidhāviṃsu	potential_headword	verb (aorist 3pl)	1	0	0	0	0	1	0	1	KN:ja547	Kandantā mabhidhāviṃsu,	
mabhinikkhami	potential_headword		1	0	0	0	0	1	0	1	KN:vv81	bodhāya mabhinikkhami;	
mabhisaṅgaṃ	sandhi_ending		1	0	0	0	0	1	0	1	KN:ja511	Mā rocaya mabhisaṅgaṃ,	
maccuveso	potential_headword		1	0	0	0	0	1	0	1	KN:ja366	maccuveso guhāsayo.	
maccuyā	metrical_variant		1	0	0	0	0	1	0	1	KN:bv25	bhijjitānañca maccuyā.	
madadiṃ	sandhi_ending		1	0	0	0	0	1	0	1	KN:tha-ap213	yaṃ nāga madadiṃ tadā;	
madditabbaṃ	sandhi_ending		1	0	0	0	0	1	0	1	KN:mil7.2.2	Jinavacanaṃ na madditabbaṃ,	
madditabbāni	potential_headword		1	0	0	0	0	1	0	1	KN:mnd16	…haritabbāni pariyādiyitabbāni madditabbāni.	
madditabbāti	potential_headword		1	0	0	0	0	1	0	1	KN:mnd16	…hottharitabbā pariyādiyitabbā madditabbāti—	
maddiye	potential_headword		1	0	0	0	0	1	0	1	KN:cp23	yattha maṃ maccu na maddiye’.	
madhudo	potential_headword		1	0	0	0	0	1	0	1	KN:ja488	madhudo seṭṭhavānaro;	
madhuragiro	potential_headword		1	0	0	0	0	1	0	1	KN:ja536	…ussakokilo paṭivasati ativiya madhuragiro vilāsitanayano mattakkho.	
maggamanuyāyisuṃ	sandhi_ending	verb (aorist 3pl)	1	0	0	0	0	1	0	1	KN:ja544	Rodantiyo maggamanuyāyisuṃ.	
maggitabbā	metrical_variant		1	0	0	0	0	1	0	1	KN:pe5	…āti gāthā pucchitavisajjanāya maggitabbā.	
maggurā	metrical_variant		1	0	0	0	0	1	0	1	KN:tha-ap3	Saṅgulā maggurā ceva,	
maghadevaambavanaṃ	sandhi_ending		1	0	1	0	0	0	1	1	MN:mn91	…ahulehi sāvakehi saddhiṃ yena maghadevaambavanaṃ tenupasaṅkami.	
mahakkasāvesu	potential_headword	noun (loc pl)	1	0	0	0	0	1	0	1	KN:ja497	Mahakkasāvesu dadāsi dānaṃ,	
mahesisantimuttaman	sandhi_ending		1	0	0	0	0	1	0	1	KN:cnd9	Mahesisantimuttamanti.	
mahimāvasātu	potential_headword	particle (possible sandhi)	1	0	0	0	0	1	0	1	KN:ja488	Sa cāturantaṃ mahimāvasātu,	
mahodikaṃ	sandhi_ending		1	0	0	0	0	1	0	1	KN:mil6.4.1	haritapattaṃ mahodikaṃ;	
mahodikā	metrical_variant		1	0	0	0	0	1	0	1	KN:ja514	Rammā sutitthā ca mahodikā ca;	
mahābhiññāpattānaṃ	sandhi_ending	noun (gen pl)	1	0	0	0	1	0	1	1	AN:an1.235-247	… Mahābhiññāpattānaṃ yadidaṃ bhaddakaccānā.	
mahāpathavigilanan	sandhi_ending		1	0	0	0	0	1	0	1	KN:mil5.1.1	…o sādiyi nandakassa yakkhassa mahāpathavigilanan”ti.	
mahāpathavipavisanan	sandhi_ending		1	0	0	0	0	1	0	1	KN:mil5.1.1	…vā sāvakā vā sādiyiṃsu imesaṃ mahāpathavipavisanan”ti?	
mahāsamuddovakkhubbho	potential_headword		1	0	0	0	0	1	0	1	KN:tha-ap54	Mahāsamuddovakkhubbho,	
mahāsaṃvāsamappīḷite	potential_headword		1	0	0	0	0	1	0	1	KN:pe8	…evaṃ kho puna jhānassa assādo mahāsaṃvāsamappīḷite lokasannivāse asambodhokāsā v…	
majjheurasmiṃ	sandhi_ending	noun (loc sg)	1	0	1	0	0	0	1	1	MN:mn130	…āde gamenti, tattaṃ ayokhilaṃ majjheurasmiṃ gamenti.	
makariniyopi	potential_headword	particle (possible sandhi)	1	0	0	0	0	1	0	1	KN:mil3.4.6	…aññasi, mahārāja, yā tā santi makariniyopi susumāriniyopi kacchapiniyopi…	
makasaḍḍitā	metrical_variant		1	0	0	0	0	1	0	1	KN:ja413	sarabhā makasaḍḍitā;	
makilā	metrical_variant		1	0	0	0	0	1	0	1	KN:bv16	Makilā ca sunandā ca,	
makkalā	metrical_variant		1	0	0	0	0	1	0	1	KN:tha-ap411	Isiṇḍā makkalā ceva,	
makkaṭaṅgapañha	potential_headword		1	0	0	0	0	1	0	1	KN:mil7.2.10	10. Makkaṭaṅgapañha	
makkaṭaṅgapañho	potential_headword		1	0	0	0	0	1	0	1	KN:mil7.2.10	Makkaṭaṅgapañho dasamo.	
makkhayiṃ	sandhi_ending		1	0	0	0	0	1	0	1	KN:tha-ap264	yaṃ telaṃ makkhayiṃ tadā;	
malamajjakasamā	metrical_variant		1	0	0	0	0	1	0	1	KN:ja495	Malamajjakasamā rāja,	
mamba	potential_headword		1	0	0	0	0	1	0	1	KN:ja130	Dadhi mamba kaṭāhakapañcamako;	
mamīme	potential_headword		1	0	0	0	0	1	0	1	KN:ja163	“Kāḷā migā setadantā mamīme,	
manasikāravaruttaman	sandhi_ending		1	0	0	0	0	1	0	1	KN:mil7.2.2	Manasikāravaruttaman’”ti.	
mandālaka	potential_headword		1	0	0	0	0	1	0	1	KN:ja536	…a nalina satapatta sogandhika mandālaka sampativirūḷhasucigandhamanuñ…	
mantayitukāmena	potential_headword	noun (inst sg)	1	0	0	0	0	1	0	1	KN:mil4.1	…hante nāgasena, idha purisena mantayitukāmena aṭṭha ṭhānāni parivajjayitabb…	
manthayamāno	potential_headword		1	0	0	0	0	1	0	1	KN:mil5.3.5	…thā vā pana, mahārāja, dadhiṃ manthayamāno takkaṃ manthemīti voharati, n…	
mantiyamānā	metrical_variant		1	0	0	0	0	1	0	1	KN:mil4.2	…nte nāgasena, aṭṭhime puggalā mantiyamānā mantitaṃ atthaṃ byāpādenti.	
manubujjhati	potential_headword	verb (present 3sg)	1	0	0	0	0	1	0	1	KN:ja409	katattho manubujjhati;	
manujesvapekkhiya	potential_headword	adj (-iya suffix)	1	0	0	0	0	1	0	1	KN:ja317	Sukhadukkhaṃ manujesvapekkhiya;	
manupassati	potential_headword	verb (present 3sg)	1	0	0	0	0	1	0	1	KN:ja502	thūlāni manupassati.	
manusāsituṃ	sandhi_ending	verb (aorist 3pl)	1	0	0	0	0	1	0	1	KN:ja547	rajjassa manusāsituṃ”.	
manuvattati	potential_headword	verb (present 3sg)	1	0	0	0	0	1	0	1	KN:ja528	bhāvāya manuvattati;	
manāpabhāṇīnan	sandhi_ending		1	0	0	0	0	1	0	1	KN:ja536	…inā bhavitabbaṃ, kimaṅga pana manāpabhāṇīnan”ti.	
manīkaratto	potential_headword		1	0	0	0	0	1	0	1	KN:thig16.1	Manīkaratto ca yassa sā dinnā;	
mariyehi	potential_headword	noun (inst pl)	1	0	0	0	0	1	0	1	KN:snp3.12	Ko nu aññatra mariyehi,	
massame	potential_headword		1	0	0	0	0	1	0	1	KN:ja532	yakkhāni idha massame;	
massuyā	metrical_variant		1	0	0	0	0	1	0	1	KN:ja395	Sukatāya ca massuyā;	
masāragalloti	potential_headword	verb (present 3sg)	1	0	0	0	0	1	0	1	KN:mil5.1.4	…jopanako phussarāgo lohitaṅgo masāragalloti, ete sabbe atikkamma cakkavat…	
matandito	potential_headword		1	0	0	0	0	1	0	1	KN:ja521	kāluṭṭhāyī matandito;	
mathayati	potential_headword	verb (present 3sg)	1	0	0	0	0	1	0	1	KN:mil7.4.4	…a, vāyu dharaṇīruhapādapagaṇe mathayati;	
mathaye	potential_headword		1	0	0	0	0	1	0	1	KN:pv42	vipāko mathaye manaṃ;	
matthikā	metrical_variant		1	0	0	0	0	1	0	1	KN:ja305	te dhammaṃ jahu matthikā.	
mavhayanti	potential_headword	verb (present 3pl)	1	0	0	0	0	1	0	1	KN:ja546	Anūnanāmo iti mavhayanti;	
mavoca	potential_headword	particle (possible sandhi)	1	0	0	0	0	1	0	1	KN:ja375	Mavoca gāthā atthavatī subyañjanāti.	
mayhakapañcamapakkhivaro	potential_headword		1	0	0	0	0	1	0	1	KN:ja395	Miga mayhakapañcamapakkhivaro;	
mayūrakoñcāgaṇasampaghuṭṭhaṃ	long_compound		1	0	0	0	0	1	0	1	KN:ja546	Mayūrakoñcāgaṇasampaghuṭṭhaṃ,	
mayūrasussaro	potential_headword		1	0	0	0	0	1	0	1	KN:vv36	Koci koci ettha mayūrasussaro,	
mañcado	potential_headword		1	0	0	0	0	1	0	1	KN:tha-ap532	Tiṇado mañcado ceva,	
maṃmiva	potential_headword	particle (possible sandhi)	1	0	0	0	0	1	0	1	KN:ja451	piyo hohisi maṃmiva.	
maṃsado	potential_headword		1	0	0	0	0	1	0	1	KN:tha-ap422	tiṇasūlo ca maṃsado;	
maṃsikuṭṭhā	metrical_variant		1	0	0	0	0	1	0	1	KN:ja547	maṃsikuṭṭhā kulāvarā.	
maṅgali	potential_headword		1	0	0	0	0	1	0	1	KN:ja90	Ahisīlava maṅgali pāpikassā,	
maṅgalyaṃ	sandhi_ending		1	0	0	0	0	1	0	1	KN:ja543	“Maṇiṃ paggayha maṅgalyaṃ,	
maṅkāraṇā	metrical_variant		1	0	0	0	0	1	0	1	KN:ja506	Maṅkāraṇā bandhanasmā pamutto,	
maṇippado	potential_headword		1	0	0	0	0	1	0	1	KN:tha-ap182	ekadīpī maṇippado;	
maṇḍayati	potential_headword	verb (present 3sg)	1	0	0	0	0	1	0	1	KN:ja344	“Yo nīliyaṃ maṇḍayati,	
maṇḍūkiyo	potential_headword		1	0	0	0	0	1	0	1	KN:ja77	Maṇḍūkiyo kaṇhasappe gilanti,	
medhigatā	metrical_variant		1	0	0	0	0	1	0	1	KN:tha-ap393	‘Bahū medhigatā bhogā,	
medisaṃ	sandhi_ending		1	0	0	0	0	1	0	1	KN:bv1	Na medisaṃ bhūtapubbaṃ,	
medisā	metrical_variant		1	0	0	0	0	1	0	1	KN:ja471	Yassa medisā paṇḍitā kulamhi;	
meghalā	metrical_variant		1	0	0	0	0	1	0	1	KN:tha-ap411	oghuḷhā meghalā bahū;	
mekadese	potential_headword		1	0	0	0	0	1	0	1	KN:pe5	…addhā gāthā dve tīṇi vā tassa mekadese bhāsitānaṃ abhāsitāhi gāthāhi…	
mekhalikā	metrical_variant		1	0	0	0	0	1	0	1	KN:thi-ap2	Mekhalikā mayā dinnā,	
mekā	potential_headword		1	0	0	0	0	1	0	1	KN:ja542	Tassa mekā dutiyāsi,	
meparādhotthi	potential_headword		1	0	0	0	0	1	0	1	KN:thi-ap19	Yassā ca meparādhotthi,	
metamakkhiṃsu	potential_headword	verb (aorist 3pl)	1	0	0	0	0	1	0	1	KN:ja426	“Pubbeva metamakkhiṃsu,	
metehi	potential_headword	noun (inst pl)	1	0	0	0	0	1	0	1	KN:ja208	“Alaṃ metehi ambehi,	
mevupāyena	potential_headword	noun (inst sg)	1	0	0	0	0	1	0	1	KN:mnd16	Etena mevupāyena,	
mevānuvicintayanto	potential_headword		1	0	0	0	0	1	0	1	KN:ja546	Atthattha mevānuvicintayanto,	
meṇḍissaro	potential_headword		1	0	0	0	0	1	0	1	KN:ja522	meṇḍissaro ca kassapo;	
micche	potential_headword		1	0	0	0	0	1	0	1	KN:ja389	Sabbo jano hiṃsitumeva micche;	
migasaṅghāni	potential_headword		1	0	0	0	0	1	0	1	KN:ja547	migasaṅghāni luddakā;	
mikhalaṃ	sandhi_ending		1	0	0	0	0	1	0	1	KN:ja526	Na mikhalaṃ muñjamayaṃ dhāreti,	
minelapupphiyattherassāpadānaṃ	long_compound	noun (gen pl)	1	0	0	0	0	1	0	1	KN:tha-ap204	Minelapupphiyattherassāpadānaṃ dutiyaṃ.	
missitabbaṃ	sandhi_ending		1	0	0	0	0	1	0	1	KN:mil7.7.7	…āpehi pāpasahāyehi saddhiṃ na missitabbaṃ.	
missīyati	potential_headword	verb (present 3sg)	1	0	0	0	0	1	0	1	KN:mil7.7.7	…maṇiratanaṃ na kenaci saddhiṃ missīyati;	
mittaka	potential_headword		1	0	0	0	0	1	0	1	KN:ja50	Atha mittaka mātu kapotavaro,	
mocakaṃ	sandhi_ending		1	0	0	0	0	1	0	1	KN:pv25	Mocakaṃ mātā mattā ca,	
modatācāmadāyikā	metrical_variant		1	0	0	0	0	1	0	1	KN:vv20	modatācāmadāyikā”ti.	
moditun	sandhi_ending		1	0	0	0	0	1	0	1	KN:pv28	Tayā saha nandane idha moditun”ti.	
modituṃ	sandhi_ending	verb (aorist 3pl)	1	0	0	0	0	1	0	1	KN:ja545	tava kāmehi modituṃ;	
mohajañcāpaviddasu	potential_headword		1	0	0	0	1	0	1	1	AN:an3.34	mohajañcāpaviddasu;	
mohamuho	potential_headword		1	0	0	0	0	1	0	1	KN:cnd20	Momuhoti mohamuho avijjāgato aññāṇī avibhāvī du…	
mokkhito	potential_headword		1	0	0	0	0	1	0	1	KN:ja509	Svāyaṃ gahīto na hi mokkhito me;	
moriniyopi	potential_headword	particle (possible sandhi)	1	0	0	0	0	1	0	1	KN:mil3.4.6	…susumāriniyopi kacchapiniyopi moriniyopi kapotiniyopi, kiṃ nu tā kakkh…	
moḷiniṃ	sandhi_ending		1	0	0	0	0	1	0	1	KN:ja442	Ajjeva maṃ moḷiniṃ pāpayassu”.	
muccena	potential_headword	noun (inst sg)	1	0	0	0	0	1	0	1	KN:ja20	Muccena naḷaavhayanena bhavanti dasāt…	
mudayantī	metrical_variant		1	0	0	0	0	1	0	1	KN:ja547	Asokā mudayantī ca,	
muddikāmo	potential_headword		1	0	0	0	0	1	0	1	KN:cp2	Yathā amacco muddikāmo,	
muddito	potential_headword		1	0	0	0	0	1	0	1	KN:cp2	muddito parihāyati.	
mudīreti	potential_headword	verb (present 3sg)	1	0	0	0	0	1	0	1	KN:ja518	Yo saṅgatīsu mudīreti vākyaṃ;	
muggasupyatāya	potential_headword	noun (dat sg)	1	0	0	0	0	1	0	1	KN:mil7.2.5	…akadānena vā cātukamyatāya vā muggasupyatāya vā pāribhaṭyatāya vā jaṅghape…	
muggatamānasaṃ	sandhi_ending		1	0	0	0	0	1	0	1	KN:thi-ap28	isi muggatamānasaṃ.	
mujakindo	potential_headword		1	0	0	0	0	1	0	1	KN:ja541	mujakindo bhagīraso;	
mukhabheruḷakaṃ	sandhi_ending		1	0	0	0	0	1	0	1	KN:mnd14	…ukhaḍiṇḍimakaṃ mukhavalimakaṃ mukhabheruḷakaṃ mukhadaddarikaṃ nāṭakaṃ lāpaṃ…	
mukhakerakaṃ	sandhi_ending		1	0	0	0	0	1	0	1	KN:cnd23	…ukhaḍiṇḍimakaṃ mukhacalimakaṃ mukhakerakaṃ mukhadaddarikaṃ nāṭakaṃ lāsaṃ…	
mulāḷibhi	potential_headword		1	0	0	0	0	1	0	1	KN:tha-ap407	khīraṃ sappi mulāḷibhi;	
mulāḷiyo	potential_headword		1	0	0	0	0	1	0	1	KN:tha-ap3	niddhāvanti mulāḷiyo;	
mummure	potential_headword		1	0	0	0	0	1	0	1	KN:ja198	Mummure upakūthito”ti.	
munāḷi	potential_headword		1	0	0	0	0	1	0	1	KN:tha-ap392	Munāḷi nāmahaṃ dhutto,	
mupagantuṃ	sandhi_ending	verb (aorist 3pl)	1	0	0	0	0	1	0	1	KN:ja479	Sakkā nāgena mupagantuṃ.	
mupanāmayiṃ	sandhi_ending		1	0	0	0	0	1	0	1	KN:cp33	mettāya mupanāmayiṃ.	
mupayanti	potential_headword	verb (present 3pl)	1	0	0	0	0	1	0	1	KN:ja479	nāgā neva mupayanti.	
mupayānakā	metrical_variant		1	0	0	0	0	1	0	1	KN:ja547	bahū cettha mupayānakā;	
mupaṭṭhitā	metrical_variant		1	0	0	0	0	1	0	1	KN:ja545	niccaṃ tava mupaṭṭhitā.	
mupehi	potential_headword	noun (inst pl)	1	0	0	0	0	1	0	1	KN:ja546	“Upāgataṃ rāja mupehi lakkhaṃ,	
mupeti	potential_headword	verb (present 3sg)	1	0	0	0	0	1	0	1	KN:ja514	“Katthacchatī kattha mupeti ṭhānaṃ,	
muttimavāṇija	potential_headword		1	0	0	0	0	1	0	1	KN:ja200	Atha muttimavāṇija umhayate,	
muyhanīyesu	potential_headword	noun (loc pl)	1	0	0	0	0	1	0	1	KN:mil7.4.5	…, dussanīyesu na dussitabbaṃ, muyhanīyesu na muyhitabbaṃ, na kampitabba…	
muyhitabbaṃ	sandhi_ending		1	0	0	0	0	1	0	1	KN:mil7.4.5	…a dussitabbaṃ, muyhanīyesu na muyhitabbaṃ, na kampitabbaṃ na calitabbaṃ…	
muyhituṃ	sandhi_ending	verb (aorist 3pl)	1	0	0	0	0	1	0	1	KN:ja545	bījakena ca muyhituṃ.	
muñcesi	potential_headword		1	0	0	0	0	1	0	1	KN:ja517	muñcesi dakarakkhasā”.	
muḷhassa	potential_headword	noun (gen sg)	1	0	0	0	0	1	0	1	KN:pv36	Muḷhassa maggampi na pāvadāsi;	
muṇḍakapaṭisīsakaṃ	sandhi_ending		1	0	0	0	0	1	0	1	KN:mil4.1	…a omuñcitvā kāsāvaṃ nivāsetvā muṇḍakapaṭisīsakaṃ sīse paṭimuñcitvā munibhāvamu…	
myāssa	potential_headword		1	0	0	0	0	1	0	1	KN:ja533	taṃ myāssa paramappiyaṃ”.	
mābhikīrare	potential_headword		1	0	0	0	0	1	0	1	KN:ja547	nandiyo mābhikīrare”.	
mābhivārayi	potential_headword		1	0	0	0	0	1	0	1	KN:ja535	Bhuñjassu bhattuttama mābhivārayi.	
mācari	potential_headword		1	0	0	0	0	1	0	1	KN:ja536	Yo anariyacaritāni mācari;	
mādahi	potential_headword		1	0	0	0	0	1	0	1	KN:ja543	Sopi tadā mādahi jātavedaṃ.	
mādharaṃ	sandhi_ending		1	0	0	0	0	1	0	1	KN:ja542	mādharaṃ suvapaṇḍitaṃ.	
māgacchi	potential_headword		1	0	0	0	0	1	0	1	KN:ja507	Athettha isi māgacchi,	
māgamuṃ	sandhi_ending	verb (aorist 3pl)	1	0	0	0	0	1	0	1	KN:pv27	petā rathena māgamuṃ;	
māgatosi	potential_headword		1	0	0	0	0	1	0	1	KN:ja499	“Kenānusiṭṭho idha māgatosi,	
māgañchi	potential_headword		1	0	0	0	0	1	0	1	KN:ja516	Athettha kapi māgañchi,	
māhareyya	potential_headword	verb (optative)	1	0	0	0	0	1	0	1	KN:ja546	Dhammena laddhā idha māhareyya;	
māhaṃsu	potential_headword		1	0	0	0	0	1	0	1	KN:ja482	“Saccaṃ kireva māhaṃsu,	
mākari	potential_headword		1	0	0	0	0	1	0	1	KN:pe8	…jāpetvā sayāpetha, uccāsaddaṃ mākari, ajja ekarattiṃ satthā antogā…	
māmari	potential_headword		1	0	0	0	0	1	0	1	KN:ja429	Cara cārikaṃ lohitatuṇḍa māmari,	
māme	potential_headword		1	0	0	0	0	1	0	1	KN:ja31	Māme dijā vikkulāvā ahesun”ti.	
mānayi	potential_headword		1	0	0	0	0	1	0	1	KN:pe2	…jhābhāvo ca kammānaṃ sabbañca mānayi.	
māpamajjathā	metrical_variant		1	0	0	0	0	1	0	1	KN:pv48	Jāgaratha māpamajjathā”ti.	
māpetā	metrical_variant		1	0	0	0	0	1	0	1	KN:mil6.4.1	…vaḍḍhakī, yo imassa nagarassa māpetā’ti.	
mārabalanisūdane	potential_headword		1	0	0	0	0	1	0	1	KN:mil6.1.2	Mārabalanisūdane buddhe’ti.	
mātaggārā	metrical_variant		1	0	0	0	0	1	0	1	KN:tha-ap407	Mātaggārā sattaliyo,	
mātimaññittho	potential_headword		1	0	0	0	0	1	0	1	KN:ja157	Dāṭhini mātimaññittho,	
mātuyāvīkareyya	potential_headword	verb (optative)	1	0	0	0	0	1	0	1	KN:ja508	Mātuyāvīkareyya guyhamatthaṃ”.	
māvasāmi	potential_headword	verb (present 1sg)	1	0	0	0	0	1	0	1	KN:vv35	Tidasagatā idha māvasāmi ṭhānan”ti.	
māviddhaṃ	sandhi_ending		1	0	0	0	0	1	0	1	KN:ja439	Cakkaṃ te sirasi māviddhaṃ,	
māvidha	potential_headword		1	0	0	0	0	1	0	1	KN:ne37	Na te socanti māvidha;	
māyida	potential_headword		1	0	0	0	0	1	0	1	KN:ja527	So maññati māyida maññiṃsu aññe;	
māyyomaṃ	sandhi_ending		1	0	0	0	0	1	0	1	KN:ja516	‘Māyyomaṃ kari bhaddante,	
māṇavotyābhivadī	metrical_variant		1	0	0	0	0	1	0	1	KN:ja546	“Yaṃ māṇavotyābhivadī janinda,	
mīḷaṃ	sandhi_ending		1	0	0	0	0	1	0	1	KN:pv29	Duggandhaṃ kiminaṃ mīḷaṃ,	
mūlāḷivattakaṃ	sandhi_ending		1	0	0	0	0	1	0	1	KN:ja547	Imaṃ mūlāḷivattakaṃ,	
nabhyā	metrical_variant		1	0	0	0	0	1	0	1	KN:ja526	Heṭṭhā nabhyā kaṭisamohitāni;	
naggayinī	metrical_variant		1	0	0	0	0	1	0	1	KN:ja512	Dubbaṇṇinī naggayinī palāyinī;	
nakkhātumicchisaṃ	sandhi_ending		1	0	0	0	0	1	0	1	KN:ja547	dukkhaṃ nakkhātumicchisaṃ;	
nalakā	metrical_variant		1	0	0	0	0	1	0	1	KN:ja547	athettha nalakā bahū;	
nalina	potential_headword	pp (past participle)	1	0	0	0	0	1	0	1	KN:ja536	Uppala paduma kumuda nalina satapatta sogandhika mandālak…	
nanandaraṃ	sandhi_ending		1	0	0	0	0	1	0	1	KN:ja530	jeṭṭhaṃ vāpi nanandaraṃ.	
nandamātena	potential_headword	noun (inst sg)	1	0	0	0	1	0	1	1	AN:an7.53	nandamātena te dasāti.	
nappaṭiguyhāmi	potential_headword	verb (present 1sg)	1	0	0	0	0	1	0	1	KN:ja547	Santaṃ nappaṭiguyhāmi,	
nappaṭipharitabbaṃ	sandhi_ending		1	0	0	0	0	1	0	1	KN:mil7.2.8	…ajjhimasamakesu anunamitabbaṃ nappaṭipharitabbaṃ.	
nappaṭisandahissāmī	pronoun_verb_fusion		1	0	0	0	0	1	0	1	KN:mil7.2.4	…sampīḷitaṃ disvā ‘punabbhave nappaṭisandahissāmī’ti yoniso manasikāro karaṇīyo…	
nappaṭitthambhati	potential_headword	verb (present 3sg)	1	0	0	0	0	1	0	1	KN:mil7.2.8	…ggamūlaṃ samakameva anunamati nappaṭitthambhati;	
nasevitabbādisutta	potential_headword	pp (past participle)	1	0	0	0	1	0	1	1	AN:an10.199-210	Nasevitabbādisutta	
navasaṭṭhimo	potential_headword		1	0	0	0	0	1	0	1	KN:ps1.1	Āsayānusayañāṇaniddeso navasaṭṭhimo.	
nayantiyā	metrical_variant		1	0	0	0	0	1	0	1	KN:cp14	Ākaḍḍhitvā nayantiyā,	
nayituṃ	sandhi_ending	verb (aorist 3pl)	1	0	0	0	0	1	0	1	KN:ja531	nayituṃ taṃ pabhāvati”.	
naḷinakesariyattherassāpadānaṃ	long_compound	noun (gen pl)	1	0	0	0	0	1	0	1	KN:tha-ap245	Naḷinakesariyattherassāpadānaṃ tatiyaṃ.	
naḷinakesariyo	potential_headword		1	0	0	0	0	1	0	1	KN:tha-ap245	Itthaṃ sudaṃ āyasmā naḷinakesariyo thero imā gāthāyo abhāsitthāt…	
naḷiññaṃ	sandhi_ending		1	0	0	0	0	1	0	1	KN:ja546	Rājā yathā vessavaṇo naḷiññaṃ.	
nelapūjī	metrical_variant		1	0	0	0	0	1	0	1	KN:tha-ap532	nelapūjī tatheva ca.	
nepuñño	potential_headword		1	0	0	0	0	1	0	1	KN:tha-ap486	Nepuñño dassane vīro,	
nerutte	potential_headword		1	0	0	0	0	1	0	1	KN:thi-ap17	Atthe dhamme ca nerutte,	
nevamhākaṃ	sandhi_ending		1	0	0	0	0	1	0	1	KN:ja540	Nevamhākaṃ bhayaṃ koci,	
nevasaññañca	potential_headword	particle (possible sandhi)	1	0	0	0	0	1	0	1	KN:thi-ap17	Ākiñcaṃ nevasaññañca,	
nevayyakassa	potential_headword	noun (gen sg)	1	0	0	0	0	1	0	1	KN:ja352	Nevayyakassa sīsañca,	
nevesa	potential_headword		1	0	0	0	0	1	0	1	KN:ja546	Nevesa dhammo na puneta kiccaṃ,	
nevukkaṃsenti	potential_headword	verb (present 3pl)	1	0	0	0	0	1	0	1	KN:tha-ap489	Nevukkaṃsenti attānaṃ,	
nevābhisajjāmi	potential_headword	verb (present 1sg)	1	0	0	0	0	1	0	1	KN:ja337	“Nevābhisajjāmi na cāpi kuppe,	
nevābhivākyaṃ	sandhi_ending		1	0	0	0	0	1	0	1	KN:ja547	Nevābhivākyaṃ na labhe,	
nevāhamattānamanutthunāmi	potential_headword	verb (present 1sg)	1	0	0	0	0	1	0	1	KN:ja537	“Nevāhamattānamanutthunāmi,	
nevāhametamicchāmi	potential_headword	verb (present 1sg)	1	0	0	0	0	1	0	1	KN:ja533	“Nevāhametamicchāmi,	
nevāhametaṃ	sandhi_ending		1	0	0	0	0	1	0	1	KN:ja537	“Nevāhametaṃ abhisaddahāmi,	
nevātidīgho	potential_headword		1	0	0	0	0	1	0	1	KN:ja526	Nevātidīgho na panātirasso,	
neyati	potential_headword	verb (present 3sg)	1	0	0	0	0	1	0	1	KN:ja540	santaṃ pādāni neyati;	
nhāpayanti	potential_headword	verb (present 3pl)	1	0	0	0	0	1	0	1	KN:ja495	nhāpayanti japanti ca.	
nhāpaye	potential_headword		1	0	0	0	0	1	0	1	KN:ja546	Ucchādaye ca nhāpaye,	
nhāpayissati	potential_headword	verb (present 3sg)	1	0	0	0	0	1	0	1	KN:ja540	Ko dāni nhāpayissati,	
nhāpayitvāna	potential_headword	verb (present participle)	1	0	0	0	0	1	0	1	KN:pv10	Tañca te nhāpayitvāna,	
nhāpayī	metrical_variant		1	0	0	0	0	1	0	1	KN:vv79	Nhāpayī rukkhamūlasmiṃ,	
nibbeṭhiyāya	potential_headword	noun (dat sg)	1	0	0	0	0	1	0	1	KN:mnd8	…isesaṃ, āveṭhiyāya āveṭhiyaṃ, nibbeṭhiyāya nibbeṭhiyaṃ, chedena chedaṃ,…	
nibbindiya	potential_headword	adj (-iya suffix)	1	0	0	0	0	1	0	1	KN:tha-ap534	Nibbindiya tato rūpe,	
nibbutiñcādhigacchatī	metrical_variant		1	0	0	0	0	1	0	1	KN:thag10.6	nibbutiñcādhigacchatī”ti.	
nibbāhanamaggo	potential_headword		1	0	0	0	0	1	0	1	KN:mil6.3.11	…ayati tusayati ‘paṭiladdho me nibbāhanamaggo’ti;	
nibbāpayiñca	potential_headword	particle (possible sandhi)	1	0	0	0	0	1	0	1	KN:tha-ap127	‘Nibbāpayiñca janataṃ,	
nicayitvā	metrical_variant	particle (possible sandhi)	1	0	0	0	0	1	0	1	KN:thi-ap27	nicayitvā tamiṭṭhakaṃ;	
niccasukhī	metrical_variant		1	0	0	0	0	1	0	1	KN:ja543	Tassappajā niccasukhī bhaveyya.	
nicchubhīyati	potential_headword	verb (present 3sg)	1	0	0	0	0	1	0	1	KN:mil5.3.12	…hārāja, samudde mataṃ kuṇapaṃ nicchubhīyati, evaṃ jinasāsanavare khalito…	
nicchādeti	potential_headword	verb (present 3sg)	1	0	0	0	1	0	1	1	AN:an6.53	…ge gahetvā odhunāti nidhunāti nicchādeti;	
nicintayitvā	metrical_variant	particle (possible sandhi)	1	0	0	0	0	1	0	1	KN:ja471	Rahasi gatā atthaṃ nicintayitvā;	
niddhamīyanti	potential_headword	verb (present 3pl)	1	0	0	0	0	1	0	1	KN:mil3.2.3	…ti, evaṃ pañcindriyehi kilesā niddhamīyanti, niddhamitā ca kilesā na puna…	
nidveḷhakā	metrical_variant		1	0	0	0	0	1	0	1	KN:cnd22	…mpajjanti, sadveḷhakā āgantvā nidveḷhakā sampajjanti, savicikicchā āga…	
nigatiyo	potential_headword		1	0	0	0	0	1	0	1	KN:ja545	chaṭṭhā nigatiyo imā.	
niggañchi	potential_headword		1	0	0	0	0	1	0	1	KN:thi-ap17	Saha sabbāhi niggañchi,	
niggāhayi	potential_headword		1	0	0	0	0	1	0	1	KN:tha-ap410	ariṃ niggāhayi tadā.	
niggīyanti	potential_headword	verb (present 3pl)	1	0	0	0	0	1	0	1	KN:mnd15	Anugīyantīti gīyanti niggīyanti kathīyanti bhaṇīyanti dīpīyan…	
nighosaṃ	sandhi_ending		1	0	0	0	0	1	0	1	KN:snp3.11	Sutvā dhīrānaṃ nighosaṃ,	
nigrodhapakkabimboṭṭhī	metrical_variant		1	0	0	0	0	1	0	1	KN:ja547	Nigrodhapakkabimboṭṭhī,	
nihanitva	potential_headword	particle (possible sandhi)	1	0	0	0	0	1	0	1	KN:ja457	Hantvā adhammaṃ nihanitva bhūmyā;	
niheṭhayiṃ	sandhi_ending		1	0	0	0	0	1	0	1	KN:tha-ap392	mallaputtaṃ niheṭhayiṃ;	
nikaṇṇikā	metrical_variant		1	0	0	0	0	1	0	1	KN:ja338	yā ca gāme nikaṇṇikā;	
niketo	potential_headword		1	0	0	0	0	1	0	1	KN:ja512	Corāna dhuttāna gatī niketo,	
nikhīṇapattova	potential_headword	particle (possible sandhi)	1	0	0	0	0	1	0	1	KN:ja547	Haṃso nikhīṇapattova,	
nikkhamisaṃ	sandhi_ending		1	0	0	0	0	1	0	1	KN:ja490	Tato ahaṃ nikkhamisaṃ bhadante,	
nikkhañcussīsakohitaṃ	sandhi_ending		1	0	0	0	0	1	0	1	KN:ja297	nikkhañcussīsakohitaṃ;	
nikīlitaṃ	sandhi_ending		1	0	0	0	0	1	0	1	KN:bv1	Nikīlitaṃ buddhaparamparāgataṃ;	
nikīḷitaṃ	sandhi_ending		1	0	0	0	0	1	0	1	KN:ja546	Nikīḷitaṃ niccamaho ca rattiṃ;	
nilakkhī	metrical_variant		1	0	0	0	0	1	0	1	KN:ja547	nilakkhī ca yathā migī;	
niliyā	metrical_variant		1	0	0	0	0	1	0	1	KN:ja547	Niliyā sumanā bhaṇḍī,	
nillenakāni	potential_headword		1	0	0	0	0	1	0	1	KN:ja520	Nillenakāni kubbanti,	
niluñcito	potential_headword		1	0	0	0	0	1	0	1	KN:ja545	Niluñcito javo bhadro,	
nimantīyamānā	metrical_variant		1	0	0	0	0	1	0	1	KN:mil5.4.8	…maṃ sāmikaṃ karitvā sahassena nimantīyamānā pāpaṃ nākāsī’ti.	
niminitvā	metrical_variant	particle (possible sandhi)	1	0	0	0	0	1	0	1	KN:mil6.3.1	…mi, api ca puttadāraṃ yācante niminitvā attānaṃ dātabban”ti.	
nimittamupalakkhaye	potential_headword		1	0	0	0	0	1	0	1	KN:mnd16	nimittamupalakkhaye”ti.	
nimujjitabbaṃ	sandhi_ending		1	0	0	0	0	1	0	1	KN:mil7.2.6	…esesu opatantesu ārammaṇasare nimujjitabbaṃ gāḷhamogāhitabbaṃ ‘mā maṃ kil…	
ninnāmayitvāna	potential_headword	verb (present participle)	1	0	0	0	0	1	0	1	KN:tha-ap394	Jivhaṃ ninnāmayitvāna,	
niparicito	potential_headword		1	0	0	0	0	1	0	1	KN:pe8	…i, āyūhanto jhāyati, kiñci ca niparicito jhāyati.	
nippannañjaliko	potential_headword		1	0	0	0	0	1	0	1	KN:tha-ap92	nippannañjaliko adho;	
nipuṇavedanī	metrical_variant		1	0	0	0	0	1	0	1	KN:tha-ap225	paññā nipuṇavedanī.	
nipāletuṃ	sandhi_ending	verb (aorist 3pl)	1	0	0	0	0	1	0	1	KN:ja461	“Yaṃ na sakkā nipāletuṃ,	
nipātaye	potential_headword		1	0	0	0	0	1	0	1	KN:ja438	yattha dāṭhaṃ nipātaye.	
nipīḷesi	potential_headword		1	0	0	0	0	1	0	1	KN:tha-ap393	‘Atibāḷhaṃ nipīḷesi,	
nipīḷeti	potential_headword	verb (present 3sg)	1	0	0	0	0	1	0	1	KN:ja432	Sā me sīsaṃ nipīḷeti,	
nipīḷiyati	potential_headword	verb (present 3sg)	1	0	0	0	0	1	0	1	KN:pe2	…bhāgiyasuttaṃ, katthaci bhūmi nipīḷiyati.	
nirayadassanāyā	metrical_variant		1	0	0	0	0	1	0	1	KN:pv39	Na patthaye nirayadassanāyā”ti.	
nirupadāho	potential_headword		1	0	0	0	0	1	0	1	KN:ne37	Dhammo ca sabbo nirupadāho;	
nirāmagataddasā	metrical_variant		1	0	0	0	0	1	0	1	KN:thag21.1	ye nirāmagataddasā.	
nirūpaṃ	sandhi_ending		1	0	0	0	0	1	0	1	KN:pe8	…yasukhadukkhopagatā, te sabbe nirūpaṃ vānupassantānaṃ vūpagatā kāya…	
nirūḷhavaṇo	potential_headword		1	0	0	0	0	1	0	1	KN:ne13	…igamanavītivatto uddhaṭasallo nirūḷhavaṇo madditakaṇḍako nibbāpitapariy…	
nisevitabbā	metrical_variant		1	0	0	0	0	1	0	1	KN:ne12	…itabbā kāmā, āsevitabbā kāmā, nisevitabbā kāmā, bhāvayitabbā kāmā, bahu…	
nisippalobhikā	metrical_variant		1	0	0	0	0	1	0	1	KN:ja523	Nisippalobhikā gacche,	
nisnehamabhikaṅkhāmi	potential_headword	verb (present 1sg)	1	0	0	0	0	1	0	1	KN:ja440	Nisnehamabhikaṅkhāmi,	
nisādetvāna	potential_headword	verb (present participle)	1	0	0	0	0	1	0	1	KN:tha-ap407	Nisādetvāna sambuddhaṃ,	
nisāraṇīyaṃ	sandhi_ending		1	0	0	0	1	0	1	1	AN:an6.20	Dve sāraṇī nisāraṇīyaṃ,	
nitāḷesiṃ	sandhi_ending		1	0	0	0	0	1	0	1	KN:ja544	Mā tāhaṃ matthakaṃ nitāḷesiṃ;	
nitāḷeti	potential_headword	verb (present 3sg)	1	0	0	0	0	1	0	1	KN:ja492	Tañca seno nitāḷeti,	
niuddhaccā	metrical_variant		1	0	0	0	0	1	0	1	KN:ps1.1	viññāṇacariyā niuddhaccā caratīti—	
nivattayitvāna	potential_headword	verb (present participle)	1	0	0	0	0	1	0	1	KN:ja547	Nivattayitvāna rathaṃ,	
nivatthakocova	potential_headword	particle (possible sandhi)	1	0	0	0	0	1	0	1	KN:ja486	Nivatthakocova sarebhihantvā,	
nivessayati	potential_headword	verb (present 3sg)	1	0	0	0	0	1	0	1	KN:pe5	…ā, adhimattesu sattesu cittaṃ nivessayati taṃ apatiṭṭhitaṃ viññāṇaṃ anā…	
nivārinī	metrical_variant		1	0	0	0	0	1	0	1	KN:ja535	Hirāya hi pāpajanaṃ nivārinī;	
nivāṭassesu	potential_headword	noun (loc pl)	1	0	0	0	0	1	0	1	KN:pe5	…īḷesu ca ekā vā balaṃ vā assa nivāṭassesu, na pana pīḷesu soseyya.	
niyuttatthamabhilabbhanti	potential_headword	verb (present 3pl)	1	0	0	0	0	1	0	1	KN:pe8	Iminā niyuttatthamabhilabbhanti vacanattho.	
niyutāni	potential_headword		1	0	0	0	0	1	0	1	KN:ja540	satāni niyutāni ca;	
niyyādayiṃ	sandhi_ending		1	0	0	0	0	1	0	1	KN:cp32	rajjaṃ niyyādayiṃ tadā.	
nobravi	potential_headword		1	0	0	0	0	1	0	1	KN:ja535	So nobravi girivare gandhamādane,	
nopagacchāmi	potential_headword	verb (present 1sg)	1	0	0	0	0	1	0	1	KN:thi-ap36	Sutvāna nopagacchāmi,	
nopakkamati	potential_headword	verb (present 3sg)	1	0	0	0	0	1	0	1	KN:ja547	Datvā ca nopakkamati,	
nopalabbhati	potential_headword	verb (present 3sg)	1	0	0	0	0	1	0	1	KN:ja543	sukhaṃ me nopalabbhati”.	
nopaṭiyādi	potential_headword		1	0	0	0	0	1	0	1	KN:thi-ap17	nopaṭiyādi bhikkhavo;	
note	potential_headword		1	0	0	0	0	1	0	1	KN:ja546	Passantu note asaṭhena yuddhaṃ,	
nottamevābhisamekkha	potential_headword		1	0	0	0	0	1	0	1	KN:ja535	“Tvaṃ nottamevābhisamekkha nārada,	
noyāti	potential_headword		1	0	0	0	0	1	0	1	KN:dhp179-196	Jitaṃ yassa noyāti koci loke;	
nujubhāvāya	potential_headword	noun (dat sg)	1	0	0	0	0	1	0	1	KN:ja539	Nujubhāvāya kappati.	
nupalimpati	potential_headword	verb (present 3sg)	1	0	0	0	0	1	0	1	KN:thag18.1	bhojane nupalimpati;	
nābhaṇato	potential_headword		1	0	0	0	0	1	0	1	KN:ja235	Gharā nābhaṇato musā;	
nābhirādhayiṃ	sandhi_ending		1	0	0	0	0	1	0	1	KN:ja409	vahantī nābhirādhayiṃ;	
nābhyā	metrical_variant		1	0	0	0	0	1	0	1	KN:ja441	Arāva nābhyā susamohitāni;	
nādhivāsiyati	potential_headword	verb (present 3sg)	1	0	0	0	0	1	0	1	KN:pe8	…usalo dhammo paṭipakkho, tena nādhivāsiyati.	
nādiyitvāna	potential_headword	verb (present participle)	1	0	0	0	0	1	0	1	KN:tha-ap540	Ovādaṃ nādiyitvāna,	
nāganāsūru	potential_headword		1	0	0	0	0	1	0	1	KN:ja542	Nāganāsūru kalyāṇī,	
nāgapunnāgasālasalaḷacampakayūthikātimuttakapāṭaluppalavassikamallikāvicitto	long_compound		1	0	0	0	0	1	0	1	KN:mil6.4.1	…sakalohitacandanānulittagatto nāgapunnāgasālasalaḷacampakayūthikātimuttakapāṭaluppalavassikamallikāvicitto sesajane atikkamitvā virocati…	
nāguṭṭhigaṇanaṃ	sandhi_ending		1	0	0	0	0	1	0	1	KN:ja129	Nāguṭṭhigaṇanaṃ yāti,	
nākhattiyo	potential_headword		1	0	0	0	0	1	0	1	KN:ja543	Nākhattiyo jātu labhetha rajjaṃ,	
nākāle	potential_headword		1	0	0	0	0	1	0	1	KN:ja226	nākāle sādhu nikkhamo;	
nānaṭo	potential_headword		1	0	0	0	0	1	0	1	KN:ja287	nānaṭo nākutūhalo;	
nānādhammānaṃekakiccaabhinipphādanapañha	long_compound		1	0	0	0	0	1	0	1	KN:mil3.1.16	16. Nānādhammānaṃekakiccaabhinipphādanapañha	
nānāratanakappano	potential_headword		1	0	0	0	0	1	0	1	KN:vv5	Nānāratanakappano;	
nānāsu	potential_headword	noun (loc pl, fem)	1	0	0	0	0	1	0	1	KN:pe5	…iṃ viññāṇaṭṭhitiyā pavattati, nānāsu gatīsu pavattati, kāyagatāsat…	
nānīhamānassa	potential_headword	noun (gen sg)	1	0	0	0	0	1	0	1	KN:ja235	“Gharā nānīhamānassa,	
nāridā	metrical_variant		1	0	0	0	0	1	0	1	KN:ja493	Nāridā pacchimā sākhā,	
nārādhayī	metrical_variant		1	0	0	0	0	1	0	1	KN:ja513	Nārādhayī taṃ tadicchāmi sotuṃ;	
nāsniye	potential_headword		1	0	0	0	0	1	0	1	KN:ja535	Tasmā adatvā udakampi nāsniye.	
nāsīde	potential_headword		1	0	0	0	0	1	0	1	KN:ja448	Manussapheggū nāsīde,	
nāsīsanaṃ	sandhi_ending		1	0	0	0	0	1	0	1	KN:pe8	…idha virodho aṭṭhakavaggiyesu nāsīsanaṃ idha anāthā.	
nātivisaṭṭhavākyo	potential_headword		1	0	0	0	0	1	0	1	KN:ja526	Bindussaro nātivisaṭṭhavākyo,	
nāvabodhāmi	potential_headword	verb (present 1sg)	1	0	0	0	0	1	0	1	KN:ja527	Nāvabodhāmi kañcinaṃ.	
nāvasaṇṭhitaṃ	sandhi_ending		1	0	0	0	0	1	0	1	KN:tha-ap11	sukataṃ nāvasaṇṭhitaṃ;	
nāvaṭaṃ	sandhi_ending		1	0	0	0	0	1	0	1	KN:tha-ap395	nāvaṭaṃ ñāṇamuttamaṃ.	
nāvutiyā	metrical_variant		1	0	0	0	0	1	0	1	KN:ja537	“Āsītiyā nāvutiyā ca gāthā,	
nāvālagganakaṅgapañha	potential_headword		1	0	0	0	0	1	0	1	KN:mil7.3.6	6. Nāvālagganakaṅgapañha	
nāvālagganakaṅgapañho	potential_headword		1	0	0	0	0	1	0	1	KN:mil7.3.6	Nāvālagganakaṅgapañho chaṭṭho.	
nāyujjatīti	potential_headword		1	0	0	0	0	1	0	1	KN:pe8	Yuttīti yujjati suttesu, nāyujjatīti yā vīmaṃsāya, ayaṃ yutti.	
nāḷino	potential_headword		1	0	0	0	0	1	0	1	KN:bv8	Kumudo nāḷino padumo,	
nīcakulajā	metrical_variant		1	0	0	0	0	1	0	1	KN:thi-ap38	Mānena nīcakulajā,	
nīcekaḷambakā	metrical_variant		1	0	0	0	0	1	0	1	KN:ja547	bahū nīcekaḷambakā.	
nīrajā	metrical_variant		1	0	0	0	0	1	0	1	KN:ja506	Nikkaddamā hehiti nīrajā ca.	
nūnasā	metrical_variant		1	0	0	0	0	1	0	1	KN:ja455	“Sā nūnasā kapaṇikā,	
nūpalimpati	potential_headword	verb (present 3sg)	1	0	0	0	0	1	0	1	KN:mil6.1.5	…haṃseti, na ṭhānamupagacchati nūpalimpati.	
odapanā	metrical_variant		1	0	0	0	0	1	0	1	KN:pe5	Yato odapanā, so nirodho.	
odhaso	potential_headword		1	0	0	0	0	1	0	1	KN:ne5	Tattha loko odhaso kadāci karahaci dukkhadukkhat…	
odhunitabbā	metrical_variant		1	0	0	0	0	1	0	1	KN:mil7.5.10	…aṇiṃ ogāhitvā ñāṇena saṅkhārā odhunitabbā vidhunitabbā, yogāvacarakīḷā…	
odumbaraṃ	sandhi_ending		1	0	0	0	0	1	0	1	KN:vv50	pupphaṃ odumbaraṃ yathā.	
odumbarikapupphaṃva	potential_headword	particle (possible sandhi)	1	0	0	0	0	1	0	1	KN:tha-ap484	Odumbarikapupphaṃva,	
oggayha	potential_headword		1	0	0	0	0	1	0	1	KN:tha-ap553	“Mahāsamuddaṃ oggayha,	
oghuḷhā	metrical_variant		1	0	0	0	0	1	0	1	KN:tha-ap411	oghuḷhā meghalā bahū;	
oguhā	metrical_variant		1	0	0	0	0	1	0	1	KN:tha-ap3	Oguhā ajagarā ca,	
ogāhayi	potential_headword		1	0	0	0	0	1	0	1	KN:tha-ap167	ogāhayi mahāvanaṃ.	
ohacchaṃ	sandhi_ending		1	0	0	0	0	1	0	1	KN:ja174	Idāni kho taṃ ohacchaṃ,	
ohiya	potential_headword	adj (-iya suffix)	1	0	0	0	0	1	0	1	KN:tha-ap52	dhātuṃ pattamhi ohiya;	
ohārituṃ	sandhi_ending	verb (aorist 3pl)	1	0	0	0	0	1	0	1	KN:ja543	Dāsampi ohārituṃ mahānubhāvo”.	
ojadānabalīkāre	potential_headword		1	0	0	0	0	1	0	1	KN:ja528	Ojadānabalīkāre,	
ojahi	potential_headword		1	0	0	0	0	1	0	1	KN:pe7	So pītiyā virāgā yāti ojahi jallasahagataṃ.	
ojināmase	potential_headword		1	0	0	0	0	1	0	1	KN:ja545	ajitaṃ ojināmase”.	
okappayi	potential_headword		1	0	0	0	0	1	0	1	KN:ne37	Tasmiñca okappayi dhammamuttamaṃ,	
okkamitabbaṃ	sandhi_ending		1	0	0	0	0	1	0	1	KN:mil7.2.10	…acaṅkamanisajjāsayanaṃ niddaṃ okkamitabbaṃ, tattheva satipaṭṭhānamanubha…	
okkhāmīti	potential_headword		1	0	0	0	0	1	0	1	KN:thi-ap20	okkhāmīti sunicchitā.	
okkitā	metrical_variant		1	0	0	0	0	1	0	1	KN:ja516	Okkitā pūtigandhena,	
okkā	potential_headword		1	0	0	0	0	1	0	1	KN:ne37	okkā nikkhami ānanā.	
olokamayā	metrical_variant		1	0	0	0	0	1	0	1	KN:tha-ap1	Olokamayā padumā,	
olopiyā	metrical_variant		1	0	0	0	0	1	0	1	KN:ja547	Lājā olopiyā pupphā,	
onamitabbaṃ	sandhi_ending		1	0	0	0	0	1	0	1	KN:mil7.6.1	…kkhārapariyādānepi na kassaci onamitabbaṃ.	
onatiyā	metrical_variant		1	0	0	0	0	1	0	1	KN:mnd8	onatiyā cittaṃ nigghātitaṃ hotīti—	
opapaccayikanibbattilakkhaṇaṃ	long_compound		1	0	0	0	0	1	0	1	KN:ne7	Opapaccayikanibbattilakkhaṇaṃ viññāṇaṃ, taṃ nāmarūpassa pad…	
opapaccayikaṃ	sandhi_ending		1	0	0	0	0	1	0	1	KN:ne7	Opapaccayikaṃ upādānaṃ, taṃ bhavassa padaṭṭ…	
opattakaṇṇikā	metrical_variant		1	0	0	0	0	1	0	1	KN:tha-ap414	Opattakaṇṇikā ceva,	
opattamaphalaṃ	sandhi_ending		1	0	0	0	0	1	0	1	KN:ja430	opattamaphalaṃ dumaṃ;	
opattapadumaṃ	sandhi_ending		1	0	0	0	0	1	0	1	KN:thi-ap19	Disvā opattapadumaṃ,	
opayikatarāni	potential_headword		1	1	0	0	0	0	1	1	DN:dn29	…, atthassa imāneva byañjanāni opayikatarāni, yā ceva etānī’ti.	
opupphapattā	metrical_variant		1	0	0	0	0	1	0	1	KN:tha-ap407	Opupphapattā tiṭṭhanti,	
opupphāni	potential_headword		1	0	0	0	0	1	0	1	KN:ja547	Opupphāni ca padmāni,	
opupphāpadmā	metrical_variant		1	0	0	0	0	1	0	1	KN:ja543	Opupphāpadmā tiṭṭhanti,	
oruhitvā	metrical_variant	particle (possible sandhi)	1	0	0	0	0	1	0	1	KN:tha-ap485	oruhitvā mahāyaso.	
orundhiyā	metrical_variant		1	0	0	0	0	1	0	1	KN:ja509	Orundhiyā naṃ parirakkhissāmi,	
orūhitvāna	potential_headword	verb (present participle)	1	0	0	0	0	1	0	1	KN:ne37	Pāsādā orūhitvāna,	
osaggassa	potential_headword	noun (gen sg)	1	0	0	0	0	1	0	1	KN:pe5	Kusalānaṃ dhammānaṃ osaggassa.	
osaje	potential_headword		1	0	0	0	0	1	0	1	KN:ja536	Yo sabbabhāvaṃ pamadāsu osaje.	
osajjitvāna	potential_headword	verb (present participle)	1	0	0	0	0	1	0	1	KN:thi-ap17	osajjitvāna nibbutiṃ;	
ossajitva	potential_headword	particle (possible sandhi)	1	0	0	0	0	1	0	1	KN:ja536	Ossajitva kusalaṃ tapoguṇaṃ,	
ossakkitvā	metrical_variant	particle (possible sandhi)	1	0	0	0	0	1	0	1	KN:mil6.1.9	…ti pheṇamālī hoti, ussakkitvā ossakkitvā velāya paharati saddāyati bah…	
ovaddhapiṇḍiko	potential_headword		1	0	0	0	0	1	0	1	KN:ja547	atho ovaddhapiṇḍiko;	
ovaditussahe	potential_headword		1	0	0	0	0	1	0	1	KN:ja15	na naṃ ovaditussahe”ti.	
oṭṭhagīviyo	potential_headword		1	0	0	0	0	1	0	1	KN:ja546	Aṭṭālakā oṭṭhagīviyo,	
oṭṭhibyādhiṃva	potential_headword	particle (possible sandhi)	1	0	0	0	0	1	0	1	KN:ja409	oṭṭhibyādhiṃva khattiyo.	
pabbajjamabhirocayiṃ	sandhi_ending		1	0	0	0	0	1	0	1	KN:bv23	pabbajjamabhirocayiṃ.	
pabbajjamanuyācahaṃ	sandhi_ending		1	0	0	0	0	1	0	1	KN:cp21	pabbajjamanuyācahaṃ.	
pabbajjañcābhirocayiṃ	sandhi_ending		1	0	0	0	0	1	0	1	KN:bv13	pabbajjañcābhirocayiṃ.	
pabbajjiṃ	sandhi_ending		1	0	0	0	0	1	0	1	KN:thig11.1	Sā pabbajjiṃ rājagahe,	
pabhinnapaṭisambhido	potential_headword		1	0	0	0	0	1	0	1	KN:mil2	…gū pabhinnabuddhimā āgatāgamo pabhinnapaṭisambhido navaṅgasatthusāsane pariyatti…	
pabodhare	potential_headword		1	0	0	0	0	1	0	1	KN:ja511	kokilettha pabodhare.	
pabyathayittha	potential_headword	verb (aorist 3sg)	1	0	0	0	0	1	0	1	KN:ja535	Sasāgaraṃ pabyathayittha mediniṃ.	
pabyathito	potential_headword		1	0	0	0	0	1	0	1	KN:ja539	“Sabbo jano pabyathito,	
pabyathitā	metrical_variant		1	0	0	0	0	1	0	1	KN:ja543	Bārāṇasī pabyathitā,	
pacalaka	potential_headword		1	0	0	0	0	1	0	1	KN:ja345	Kathaṃ karosi pacalaka,	
paccaladdhu	potential_headword		1	0	0	0	0	1	0	1	KN:ps1.8	sacittaṃ paccaladdhu te;	
paccisaṃ	sandhi_ending		1	0	0	0	0	1	0	1	KN:tha-ap392	niraye paccisaṃ bhusaṃ.	
paccuggamitvāna	potential_headword	verb (present participle)	1	0	0	0	0	1	0	1	KN:tha-ap317	Tassa paccuggamitvāna,	
paccuggantuna	potential_headword		1	0	0	0	0	1	0	1	KN:ja547	paccuggantuna mātaraṃ;	
paccājāyan	sandhi_ending		1	0	0	0	1	0	1	1	AN:an1.333-377	…rā ye pettivisayā cutā niraye paccājāyanti … tiracchānayoniyā paccājāy…	
paccānayitvāna	potential_headword	verb (present participle)	1	0	0	0	0	1	0	1	KN:pv23	Paccānayitvāna theriṃ sudubbalaṃ;	
paddhacarāmhi	potential_headword		1	0	0	0	0	1	0	1	KN:ja444	Akāmikā paddhacarāmhi tuyhaṃ”.	
padhānatamā	metrical_variant		1	0	0	0	0	1	0	1	KN:thi-ap17	Yā padhānatamā tāsaṃ,	
padumārakkhado	potential_headword		1	0	0	0	0	1	0	1	KN:tha-ap402	Padumārakkhado ceva,	
padvāre	potential_headword		1	0	0	0	0	1	0	1	KN:ja546	“Rukkho hi mayhaṃ padvāre sujāto,	
paghaṭṭenti	potential_headword	verb (present 3pl)	1	0	0	0	0	1	0	1	KN:tha-ap5	Aññamaññaṃ paghaṭṭenti,	
pahanāya	potential_headword	noun (dat sg)	1	0	0	0	1	0	1	1	AN:an3.72	…desetha, dosassa …pe… mohassa pahanāya dhammaṃ desetha.	
pahasanti	potential_headword	verb (present 3pl)	1	0	0	0	0	1	0	1	KN:ja536	Uhasanti pahasanti nāriyo,	
pahaṃsetvāna	potential_headword	verb (present participle)	1	0	0	0	0	1	0	1	KN:thi-ap33	pahaṃsetvāna mānasaṃ;	
paho	potential_headword		1	0	0	0	0	1	0	1	KN:ja526	Paho bhavaṃ kaṇḍumimaṃ vinetuṃ,	
pahīyanā	metrical_variant		1	0	0	0	0	1	0	1	KN:pe6	…ṇṇataṃ bhaggo taṃ jarā hīyanā pahīyanā āyuno hāni saṃhāni indriyānaṃ…	
pajahitabbaṃ	sandhi_ending		1	0	0	0	0	1	0	1	KN:pe1	…, bhikkhave, na tumhākaṃ, taṃ pajahitabbaṃ.	
pajahitabbā	metrical_variant		1	0	0	0	0	1	0	1	KN:pe4	Kena kāraṇena ete kilesā pajahitabbā, kena kāraṇena ariyadhammā de…	
pajāni	potential_headword		1	0	0	0	0	1	0	1	KN:pe8	…smā imasmiṃ vippaṭijānāti dve pajāni paṭijānāti cittabhāvanāyañca…	
pajāyitvā	metrical_variant	particle (possible sandhi)	1	0	0	0	0	1	0	1	KN:tha-ap394	Ucce kule pajāyitvā,	
pakandati	potential_headword	verb (present 3sg)	1	0	0	0	0	1	0	1	KN:ja547	yūthā hīnā pakandati.	
pakiledayitvā	metrical_variant	particle (possible sandhi)	1	0	0	0	0	1	0	1	KN:ja541	Uṇhodakasmiṃ pakiledayitvā;	
pakittane	potential_headword		1	0	0	0	0	1	0	1	KN:thi-ap29	Tesaṃ pakittane amhe,	
pakkhalya	potential_headword		1	0	0	0	0	1	0	1	KN:ja516	rahade pakkhalya matthakaṃ;	
pakkhālayī	metrical_variant		1	0	0	0	0	1	0	1	KN:ja524	Pādāni pakkhālayī me janinda,	
pakkāmu	potential_headword		1	0	0	0	0	1	0	1	KN:ja522	Pakkāmu devā devapuraṃ yasassino.	
pakāsitabbaṃ	sandhi_ending		1	0	0	0	0	1	0	1	KN:cnd21	…bbaṃ tathā uttānīakāsi, yathā pakāsitabbaṃ tathā pakāsesīti—	
palibaddhāti	potential_headword		1	0	0	0	0	1	0	1	KN:mnd2	…ibaddhā ābaddhā laggā laggitā palibaddhāti—	
palihiṃsu	potential_headword	verb (aorist 3pl)	1	0	0	0	0	1	0	1	KN:pv30	Sunakhāpimassa palihiṃsu pāde,	
palikhaṃ	sandhi_ending		1	0	0	0	0	1	0	1	KN:ja546	palikhaṃ aggaḷāni ca;	
palippati	potential_headword	verb (present 3sg)	1	0	0	0	0	1	0	1	KN:cnd6	…vibhūtaṃ katvā na lippati na palippati na upalippati, alitto asaṃlit…	
palirodhamappalirodhalokasannivāse	long_compound		1	0	0	0	0	1	0	1	KN:pe8	Ayaṃ palirodhamappalirodhalokasannivāse esanidhamidaṃ jhānaṃ anamatag…	
pallaṅkāni	potential_headword		1	0	0	0	0	1	0	1	KN:tha-ap409	Pallaṅkāni anekāni,	
palokayī	metrical_variant		1	0	0	0	0	1	0	1	KN:ja524	Puṇṇehi nettehi palokayī maṃ;	
pamadamhase	potential_headword		1	0	0	0	0	1	0	1	KN:ja340	mā dānaṃ pamadamhase”ti.	
pamesi	potential_headword		1	0	0	0	0	1	0	1	KN:tha-ap8	pamesi bhagavā mamaṃ;	
paminitvāti	potential_headword		1	0	0	0	0	1	0	1	KN:mnd12	…ggo niyyāniko”ti sayaṃ pamāya paminitvāti—	
pammukho	potential_headword		1	0	0	0	0	1	0	1	KN:ja537	So tvaṃ gacchasi pammukho;	
pamuditānano	potential_headword		1	0	0	0	0	1	0	1	KN:tha-ap551	sadā pamuditānano;	
pamuñcituṃ	sandhi_ending	verb (aorist 3pl)	1	0	0	0	0	1	0	1	KN:cnd9	…ti nāhaṃ taṃ sakkomi muñcituṃ pamuñcituṃ mocetuṃ pamocetuṃ uddharituṃ…	
panayati	potential_headword	verb (present 3sg)	1	0	0	0	0	1	0	1	KN:pe1	Loko na hi kammaṃ panayati.	
papaṭakāhi	potential_headword	noun (inst pl, fem)	1	0	0	0	0	1	0	1	KN:tha-ap407	atho papaṭakāhi ca;	
papothayeyyaṃ	sandhi_ending	verb (optative)	1	0	0	0	0	1	0	1	KN:ja357	Vāmena pādena papothayeyyaṃ”.	
pappomu	potential_headword		1	0	0	0	0	1	0	1	KN:ja515	yena pappomu brāhmaṇa.	
papātauragopamā	metrical_variant		1	0	0	0	0	1	0	1	KN:ne14	…amā maṃsapesūpamā pāvakakappā papātauragopamā ca.	
papīḷitā	metrical_variant		1	0	0	0	0	1	0	1	KN:ja231	Ghammābhitattā thalasā papīḷitā,	
paramahitānukampakan	sandhi_ending		1	0	0	0	0	1	0	1	KN:vv16	Vandāmahaṃ paramahitānukampakan”ti.	
parappasādī	metrical_variant		1	0	0	0	0	1	0	1	KN:tha-ap72	Parappasādī bhisado,	
paribbājakinī	metrical_variant		1	0	0	0	0	1	0	1	KN:thi-ap24	Paribbājakinī āsiṃ,	
paribhuñjisaṃ	sandhi_ending		1	0	0	0	0	1	0	1	KN:ja459	adinnaṃ paribhuñjisaṃ;	
paricajantassa	potential_headword	noun (gen sg)	1	0	0	0	0	1	0	1	KN:ja547	Maddiṃ paricajantassa,	
paricattaṃ	sandhi_ending		1	0	0	0	0	1	0	1	KN:thi-ap33	Paricattaṃ bahuṃ mayā.	
pariccattuṃ	sandhi_ending	verb (aorist 3pl)	1	0	0	0	0	1	0	1	KN:ja534	Tamāpade pariccattuṃ,	
paricitanā	metrical_variant		1	0	0	0	0	1	0	1	KN:pe6	…aggāhanā pariggāhanā cittena paricitanā tulanā upaparikkhā ñāṇaṃ vijj…	
paricitto	potential_headword		1	0	0	0	0	1	0	1	KN:ja481	Sabbo loko paricitto aticitto,	
paricoditā	metrical_variant		1	0	0	0	0	1	0	1	KN:thi-ap25	mātarā paricoditā.	
paricāriyanto	potential_headword		1	0	0	0	0	1	0	1	KN:ja483	Nārīgaṇehi paricāriyanto,	
paridayhantīti	potential_headword		1	0	0	0	0	1	0	1	KN:mnd7	…hujjanā, puthu nānāpariḷāhehi paridayhantīti puthujjanā, puthu pañcasu kām…	
paridhaṃsenti	potential_headword	verb (present 3pl)	1	0	0	0	0	1	0	1	KN:mnd1	…ṃ te kāmā hāyanti parihāyanti paridhaṃsenti paripatanti antaradhāyanti vi…	
paridhaṃsitvā	metrical_variant	particle (possible sandhi)	1	0	0	0	0	1	0	1	KN:mil6.1.5	…asseva jinasāsanā paripatitvā paridhaṃsitvā parihāyitvā hīnāyāvattanti, n…	
parigaṇetuṃ	sandhi_ending	verb (aorist 3pl)	1	0	0	0	0	1	0	1	KN:mil6.3.10	…a mahāsamudde na sakkā udakaṃ parigaṇetuṃ sattā vā ye tattha vāsamupaga…	
pariggahituṃ	sandhi_ending	verb (aorist 3pl)	1	0	0	0	0	1	0	1	KN:pe8	…vemati passatīti channaṃ yaṃ pariggahituṃ yaṃ adesituṃ appassutaṃ yaṃ k…	
pariggāhanā	metrical_variant		1	0	0	0	0	1	0	1	KN:pe6	…ā paravīmaṃsā gāhanā aggāhanā pariggāhanā cittena paricitanā tulanā upa…	
parigopiya	potential_headword	adj (-iya suffix)	1	0	0	0	0	1	0	1	KN:tha-ap25	Sīlāni parigopiya;	
parihāpayaṃ	sandhi_ending		1	0	0	0	0	1	0	1	KN:ja532	porāṇaṃ parihāpayaṃ;	
parihāretvā	metrical_variant	particle (possible sandhi)	1	0	0	0	0	1	0	1	KN:tha-ap410	Te sabbe parihāretvā,	
parijappanāya	potential_headword	noun (dat sg)	1	0	0	0	0	1	0	1	KN:mil6.4.2	…lā visamavikkhepanāya, mantaṃ parijappanāya, āvudhaṃ tajjanīyapaṭibāhanāy…	
parijappetvā	metrical_variant	particle (possible sandhi)	1	0	0	0	0	1	0	1	KN:ps3.2	Vijjādharā vijjaṃ parijappetvā vehāsaṃ gacchanti, ākāse anta…	
parijiyyati	potential_headword	verb (present 3sg)	1	0	0	0	0	1	0	1	KN:ja458	Parijiyyati addhuvaṃ sarīraṃ,	
parikhaññati	potential_headword	verb (present 3sg)	1	0	0	0	0	1	0	1	KN:ja542	samantā parikhaññati.	
parikittayaṃ	sandhi_ending		1	0	0	0	0	1	0	1	KN:thi-ap23	bhikkhuniṃ parikittayaṃ;	
parikittayi	potential_headword		1	0	0	0	0	1	0	1	KN:mnd14	Akittayīti akittayi parikittayi ācikkhi desesi paññapesi paṭṭ…	
parikīrenti	potential_headword	verb (present 3pl)	1	0	0	0	0	1	0	1	KN:ja532	Samantā parikīrenti,	
parilehisaṃ	sandhi_ending		1	0	0	0	0	1	0	1	KN:vv81	jivhāya parilehisaṃ;	
pariminituṃ	sandhi_ending	verb (aorist 3pl)	1	0	0	0	0	1	0	1	KN:mil6.3.10	…, na sakkā mahāsamudde udakaṃ pariminituṃ sattā vā ye tattha vāsamupaga…	
parimocayuṃ	sandhi_ending	verb (aorist 3pl)	1	0	0	0	0	1	0	1	KN:cp29	attānaṃ parimocayuṃ.	
parimocayā	metrical_variant		1	0	0	0	0	1	0	1	KN:vv63	attānaṃ parimocayā”ti.	
parimokkhasi	potential_headword		1	0	0	0	0	1	0	1	KN:tha-ap405	parimokkhasi jātiyā’.	
parinibbātināsavo	potential_headword		1	0	0	0	0	1	0	1	KN:thag5.10	parinibbātināsavo”ti.	
paripañhayati	potential_headword	verb (present 3sg)	1	0	0	0	0	1	0	1	KN:pe8	…e upasaṅkamitvā paripucchati, paripañhayati—	
paripañhitoti	potential_headword	verb (present 3sg)	1	0	0	0	0	1	0	1	KN:cnd22	…ito payirupāsito paripucchito paripañhitoti—	
paripluto	potential_headword		1	0	0	0	0	1	0	1	KN:ja540	passa semi paripluto.	
paripothayiṃsu	potential_headword	verb (aorist 3pl)	1	0	0	0	0	1	0	1	KN:ja490	Kodaṇḍakena paripothayiṃsu maṃ.	
paripālīyatīti	potential_headword		1	0	0	0	0	1	0	1	KN:ne25	…rakkhitacittassā”ti rakkhitaṃ paripālīyatīti esā nirutti.	
parirakkhituṃ	sandhi_ending	verb (aorist 3pl)	1	0	0	0	0	1	0	1	KN:mil6.1.5	…ti, te bahuvidhaṃ sikkhāpadaṃ parirakkhituṃ avisahantā osakkitvā paṭiniva…	
parisaraṃ	sandhi_ending		1	0	0	0	0	1	0	1	KN:ja543	Bhātu parisaraṃ veraṃ,	
parisaṭho	potential_headword		1	0	0	0	0	1	0	1	KN:mnd14	Idhekacco saṭho hoti parisaṭho, yaṃ tattha saṭhaṃ saṭhatā sā…	
parisodhessan	sandhi_ending		1	0	1	0	0	0	1	1	MN:mn61	…aṇā vā brāhmaṇā vā kāyakammaṃ parisodhessanti, vacīkammaṃ parisodhessanti…	
paritassitabbaṃ	sandhi_ending		1	0	0	0	0	1	0	1	KN:mil7.6.1	…āvacarena bhojanaṃ aladdhā na paritassitabbaṃ, laddhāpi bhojanaṃ agadhitena…	
parivaṇṇesiṃ	sandhi_ending		1	0	0	0	0	1	0	1	KN:tha-ap324	Satthāraṃ parivaṇṇesiṃ,	
parividaṭṭho	potential_headword		1	0	0	0	0	1	0	1	KN:pe6	…asavattanaṭṭho, akāmakāriṭṭho parividaṭṭho, ayaṃ anattaṭṭhoti.	
parivimuttiṃ	sandhi_ending		1	0	0	0	0	1	0	1	KN:mnd13	…arivisuddhiṃ, muttiṃ vimuttiṃ parivimuttiṃ āhaṃsu vadanti kathenti bhaṇa…	
parivisuddhiṃ	sandhi_ending		1	0	0	0	0	1	0	1	KN:mnd13	…kamamattena suddhiṃ visuddhiṃ parivisuddhiṃ, muttiṃ vimuttiṃ parivimuttiṃ…	
parivuddhito	potential_headword		1	0	0	0	0	1	0	1	KN:tha-ap534	sukhena parivuddhito.	
parivārumapupphiyo	potential_headword		1	0	0	0	0	1	0	1	KN:tha-ap152	parivārumapupphiyo;	
parodhaṃ	sandhi_ending		1	0	0	0	0	1	0	1	KN:pe8	…hitaṃ paṭikujjitaṃ sañchannaṃ parodhaṃ, vivaṭaṃ nātivassatīti yassa…	
pasayhakāri	potential_headword		1	0	0	0	0	1	0	1	KN:ja513	“Khādajja maṃ dāni pasayhakāri,	
pasobhito	potential_headword		1	0	0	0	0	1	0	1	KN:tha-ap20	Setacchatto pasobhito,	
passayiṃ	sandhi_ending		1	0	0	0	0	1	0	1	KN:tha-ap393	atthaṃ ñāṇena passayiṃ;	
pasādhayamāno	potential_headword		1	0	0	0	0	1	0	1	KN:mil5.4.10	…ṇṇaphaṇakena rañño uttamaṅgaṃ pasādhayamāno rājānaṃ ārādheti toseti pasād…	
pasāsiya	potential_headword	adj (-iya suffix)	1	0	0	0	0	1	0	1	KN:ne37	dibbaṃ rajjaṃ pasāsiya;	
patarituṃ	sandhi_ending	verb (aorist 3pl)	1	0	0	0	0	1	0	1	KN:cnd10	…avijjoghaṃ tarituṃ uttarituṃ patarituṃ samatikkamituṃ vītivattitunti…	
patisso	potential_headword		1	0	0	0	0	1	0	1	KN:thag17.3	Phusso patisso ānando,	
pattabāhuliko	potential_headword		1	0	0	0	0	1	0	1	KN:ps3.1	…liko”ti, pattagaruko vuccati “pattabāhuliko”ti, senāsanagaruko vuccati “s…	
patthodanī	metrical_variant		1	0	0	0	0	1	0	1	KN:tha-ap422	Patthodanī mañcadado,	
patva	potential_headword	particle (possible sandhi)	1	0	0	0	0	1	0	1	KN:ja422	hīnatto patva pariyāyaṃ.	
patāpanaṃ	sandhi_ending		1	0	0	0	0	1	0	1	KN:ja536	So upeti nirayaṃ patāpanaṃ,	
patāpano	potential_headword		1	0	0	0	0	1	0	1	KN:ja530	tāpano ca patāpano.	
patārayi	potential_headword		1	0	0	0	0	1	0	1	KN:ja521	anatthāya patārayi;	
patārayiṃ	sandhi_ending		1	0	0	0	0	1	0	1	KN:ja546	Patārayiṃ tuyha vadhāya dhīra”.	
patārayī	metrical_variant		1	0	0	0	0	1	0	1	KN:ja370	Patārayī mūlavadhāya dhīro”ti.	
patīyati	potential_headword	verb (present 3sg)	1	0	0	0	0	1	0	1	KN:mil5.3.12	…, mahārāja, pathaviyā khalito patīyati, evaṃ jinasāsanavare khalito…	
paveccasi	potential_headword		1	0	0	0	0	1	0	1	KN:thig13.2	samaṇānaṃ paveccasi;	
paveditvā	metrical_variant	particle (possible sandhi)	1	0	0	0	0	1	0	1	KN:tha-ap425	Somanassaṃ paveditvā,	
pavellamānā	metrical_variant		1	0	0	0	0	1	0	1	KN:ja411	Kāḷappavāḷāva pavellamānā,	
paveṇupacchedo	potential_headword		1	0	0	0	0	1	0	1	KN:mil5.1.7	…va tiṭṭhati, liṅge antarahite paveṇupacchedo hoti, imāni kho, mahārāja, tī…	
pavicetabbaṃ	sandhi_ending		1	0	0	0	0	1	0	1	KN:ne5	Evaṃ suttaṃ pavicetabbaṃ.	
paviceyya	potential_headword	verb (optative)	1	0	0	0	0	1	0	1	KN:ja466	Yo cīdha tacchaṃ paviceyya gaṇhati,	
pavicinitabbaṃ	sandhi_ending		1	0	0	0	0	1	0	1	KN:ne5	Suttañca pavicinitabbaṃ.	
pavijjittha	potential_headword	verb (aorist 3sg)	1	0	0	0	0	1	0	1	KN:cnd15	…ñcanaṃ tuyhaṃ mā vijjittha mā pavijjittha mā saṃvijjittha pajaha vinode…	
pavilokenti	potential_headword	verb (present 3pl)	1	0	0	0	0	1	0	1	KN:ja547	Dūre maṃ pavilokenti,	
paviloketvā	metrical_variant	particle (possible sandhi)	1	0	0	0	0	1	0	1	KN:ja523	Samantā paviloketvā,	
pavinodayitvā	metrical_variant	particle (possible sandhi)	1	0	0	0	0	1	0	1	KN:pv30	So taṃ vitakkaṃ pavinodayitvā,	
pavāhayissantī	metrical_variant		1	0	0	0	0	1	0	1	KN:mil6.1.5	…te idha nahāyitvā sabbakilese pavāhayissantī’ti.	
pavāhiya	potential_headword	adj (-iya suffix)	1	0	0	0	0	1	0	1	KN:bv25	Pavāhiya malaṃ sabbaṃ,	
pañcaddasiṃ	sandhi_ending		1	0	0	0	0	1	0	1	KN:ja489	Cātuddasiṃ pañcaddasiṃ,	
paññapiyati	potential_headword	verb (present 3sg)	1	0	0	0	0	1	0	1	KN:pe2	…raṇena tesu vā dhammesu lobho paññapiyati.	
paññavantaṃbhipūjeyya	potential_headword	verb (optative)	1	0	0	0	0	1	0	1	KN:mil8	Paññavantaṃbhipūjeyya,	
paḷinaṃ	sandhi_ending		1	0	0	0	0	1	0	1	KN:ja519	Nīḷaṃ paḷinaṃ sakuṇīva,	
paṅgurā	metrical_variant		1	0	0	0	0	1	0	1	KN:ja547	Paṅgurā bahulā selā,	
paṇavāni	potential_headword		1	0	0	0	0	1	0	1	KN:tha-ap431	bheriyo paṇavāni ca;	
paṇaye	potential_headword		1	0	0	0	0	1	0	1	KN:ja472	Issaro paṇaye daṇḍaṃ,	
paṇidhitvā	metrical_variant	particle (possible sandhi)	1	0	0	0	0	1	0	1	KN:tha-ap405	Tattha cittaṃ paṇidhitvā,	
paṇitaṃ	sandhi_ending		1	0	0	0	0	1	0	1	KN:bv23	Sutvāna paṇitaṃ dhammaṃ,	
paṇāmayi	potential_headword		1	0	0	0	0	1	0	1	KN:ja534	añjalissa paṇāmayi.	
paṇḍitotyeke	potential_headword		1	0	0	0	0	1	0	1	KN:ja546	“Yaṃ paṇḍitotyeke vadanti loke,	
paṇḍupāvurā	metrical_variant		1	0	0	0	0	1	0	1	KN:tha-ap1	pattuṇṇā paṇḍupāvurā;	
paṇḍūsi	potential_headword		1	0	0	0	0	1	0	1	KN:ja514	paṇḍūsi varavaṇṇini;	
paṇṇado	potential_headword		1	0	0	0	0	1	0	1	KN:tha-ap302	Paṇṇado citapūjī ca,	
paṭagā	metrical_variant		1	0	0	0	0	1	0	1	KN:tha-ap411	Paṭagā laṭukā sabbe,	
paṭibaleyya	potential_headword	verb (optative)	1	0	0	0	0	1	0	1	KN:mnd9	…uggalena vādaṃ paṭisaṃyojeyya paṭibaleyya kalahaṃ kareyya bhaṇḍanaṃ kar…	
paṭibandhantiyā	metrical_variant		1	0	0	0	0	1	0	1	KN:ja536	…atikāya chaṭṭhe purise cittaṃ paṭibandhantiyā, yadidaṃ kabandhe pīṭhasappim…	
paṭibodhanaṭṭho	potential_headword		1	0	0	0	0	1	0	1	KN:ps1.1	ekatte paṭibodhanaṭṭho abhiññeyyo;	
paṭibodhayi	potential_headword		1	0	0	0	0	1	0	1	KN:ja532	pitaraṃ paṭibodhayi.	
paṭibodhentīti	potential_headword		1	0	0	0	0	1	0	1	KN:ps2.3	Paṭibodhentīti—bojjhaṅgā.	
paṭidassayetha	potential_headword		1	0	0	0	0	1	0	1	KN:ja505	Jīvaṃ maṃ netvā paṭidassayetha”.	
paṭidassayi	potential_headword		1	0	0	0	0	1	0	1	KN:ja541	pāpānaṃ paṭidassayi”.	
paṭidassayuṃ	sandhi_ending	verb (aorist 3pl)	1	0	0	0	0	1	0	1	KN:pv27	therassa paṭidassayuṃ;	
paṭidevesi	potential_headword		1	0	0	0	0	1	0	1	KN:ja547	Mā bhoti paṭidevesi,	
paṭigaccha	potential_headword		1	0	0	0	0	1	0	1	KN:ja531	Paṭigaccha tvaṃ khippaṃ kusāvatiṃ kusa,	
paṭigacchantiṃ	sandhi_ending		1	0	0	0	0	1	0	1	KN:ja437	Pajjhāyi paṭigacchantiṃ,	
paṭigāhi	potential_headword	noun (inst pl, fem)	1	0	0	0	0	1	0	1	KN:ja498	‘Gantvāna rañño paṭigāhi gāthaṃ,	
paṭihanitabbaṃ	sandhi_ending		1	0	0	0	0	1	0	1	KN:mil7.8.5	…osamohamānadiṭṭhivisaṃ sabbaṃ paṭihanitabbaṃ.	
paṭijotanaṭṭhaṃ	sandhi_ending		1	0	0	0	0	1	0	1	KN:ps2.3	Ekatte paṭijotanaṭṭhaṃ bujjhantīti—bojjhaṅgā.	
paṭijotanaṭṭho	potential_headword		1	0	0	0	0	1	0	1	KN:ps1.1	ekatte paṭijotanaṭṭho abhiññeyyo;	
paṭikibbise	potential_headword		1	0	0	0	0	1	0	1	KN:ja343	kibbise paṭikibbise;	
paṭikirāma	potential_headword	verb (present 1pl)	1	0	0	0	0	1	0	1	KN:pv45	Uttānā paṭikirāma,	
paṭikutthakā	metrical_variant		1	0	0	0	0	1	0	1	KN:ja547	kulā ca paṭikutthakā.	
paṭikūṭassa	potential_headword	noun (gen sg)	1	0	0	0	0	1	0	1	KN:ja218	Paccoḍḍitaṃ paṭikūṭassa kūṭaṃ;	
paṭilacchase	potential_headword		1	0	0	0	0	1	0	1	KN:ja446	Mayāpi tāta paṭilacchase tuvaṃ,	
paṭilacchasi	potential_headword		1	0	0	0	0	1	0	1	KN:thi-ap7	paṭilacchasi sabbadā.	
paṭilacchiṃ	sandhi_ending		1	0	0	0	0	1	0	1	KN:ja516	paṭilacchiṃ ayoniso.	
paṭilaggitaṃ	sandhi_ending		1	0	0	0	0	1	0	1	KN:bv2	kismiñci paṭilaggitaṃ;	
paṭilobhayanti	potential_headword	verb (present 3pl)	1	0	0	0	0	1	0	1	KN:ja519	Khattiyakaññā paṭilobhayanti naṃ.	
paṭilābhakosmi	pronoun_verb_fusion		1	0	0	0	0	1	0	1	KN:ja524	Sakañca iddhiṃ paṭilābhakosmi,	
paṭimokkhāmi	potential_headword	verb (present 1sg)	1	0	0	0	0	1	0	1	KN:tha-ap25	paṭimokkhāmi duggatiṃ.	
paṭinijjhatto	potential_headword		1	0	0	0	0	1	0	1	KN:ja542	Kacci te paṭinijjhatto,	
paṭinisaṭṭhattā	metrical_variant		1	0	0	0	0	1	0	1	KN:cnd23	…passa pahīnattā diṭṭhilepassa paṭinisaṭṭhattā so paccekasambuddho rūpe na l…	
paṭinissatāti	potential_headword		1	0	0	0	0	1	0	1	KN:cnd23	…hitā ajjhottharitā pariyāditā paṭinissatāti—	
paṭinivattanāyā	metrical_variant		1	0	0	0	0	1	0	1	KN:mil5.1.5	…a mahāaggikkhandhassa khaṇena paṭinivattanāyā”ti.	
paṭipiṇḍiya	potential_headword	adj (-iya suffix)	1	0	0	0	0	1	0	1	KN:bv14	uṭṭhānaṃ paṭipiṇḍiya;	
paṭippathe	potential_headword		1	0	0	0	0	1	0	1	KN:cp9	anumagge paṭippathe;	
paṭipuriso	potential_headword		1	0	0	0	0	1	0	1	KN:mnd8	…atikkama, so tuyhaṃ paṭisūro paṭipuriso paṭisattu paṭimalloti—	
paṭipurisā	metrical_variant		1	0	0	0	0	1	0	1	KN:mnd8	…maṇḍalaṃ, te tuyhaṃ paṭisūrā paṭipurisā paṭisattū paṭimallāti—	
paṭipādayuṃ	sandhi_ending	verb (aorist 3pl)	1	0	0	0	0	1	0	1	KN:ja541	Sakkaccaṃ paṭipādayuṃ.	
paṭipādayī	metrical_variant		1	0	0	0	0	1	0	1	KN:ja442	Paṭipādayī saṅkha upāhanāni,	
paṭipādethudukkhalan	sandhi_ending		1	0	0	0	0	1	0	1	KN:ja289	paṭipādethudukkhalan”ti.	
paṭipūjiya	potential_headword	adj (-iya suffix)	1	0	0	0	0	1	0	1	KN:pv1	Pete ca paṭipūjiya;	
paṭirodanaṃ	sandhi_ending		1	0	0	0	0	1	0	1	KN:ja323	tamāhu paṭirodanaṃ.	
paṭirodantaṃ	sandhi_ending		1	0	0	0	0	1	0	1	KN:ja323	Tuvaṃ vā paṭirodantaṃ,	
paṭisakkitvā	metrical_variant	particle (possible sandhi)	1	0	0	0	0	1	0	1	KN:ja479	Paṭisakkitvā nisīdi,	
paṭisallituṃ	sandhi_ending	verb (aorist 3pl)	1	0	0	0	0	1	0	1	KN:tha-ap43	gacchate paṭisallituṃ.	
paṭisammajji	potential_headword		1	0	0	0	0	1	0	1	KN:mil2	Thero sammajjitaṭṭhānaṃ paṭisammajji, taṃ udakaṃ chaḍḍetvā aññaṃ u…	
paṭisandehati	potential_headword	verb (present 3sg)	1	0	0	0	0	1	0	1	KN:pe5	…amucchijjati, asamucchijjanto paṭisandehati.	
paṭisandhāya	potential_headword	noun (dat sg)	1	0	0	0	0	1	0	1	KN:ja471	Paṭisandhāya caranti kissa hetu”.	
paṭisaṃyamissaṃ	sandhi_ending		1	0	0	0	0	1	0	1	KN:ja498	Attānameva paṭisaṃyamissaṃ,	
paṭisaṃyojeyya	potential_headword	verb (optative)	1	0	0	0	0	1	0	1	KN:mnd9	…hiyā, kena vā puggalena vādaṃ paṭisaṃyojeyya paṭibaleyya kalahaṃ kareyya b…	
paṭisaṃyutaṃ	sandhi_ending		1	0	0	0	0	1	0	1	KN:ja547	Madhunā paṭisaṃyutaṃ;	
paṭissarato	potential_headword		1	0	0	0	0	1	0	1	KN:pe8	…hanaṃ vīriyagahitaṃyeva ñāṇaṃ paṭissarato, ayaṃ sutamayī paññā.	
paṭissosi	potential_headword		1	0	0	0	0	1	0	1	KN:ja547	Tassa ceto paṭissosi,	
paṭisāmayiṃ	sandhi_ending		1	0	0	0	0	1	0	1	KN:tha-ap410	assamaṃ paṭisāmayiṃ.	
paṭithaddhaṃ	sandhi_ending		1	0	0	0	0	1	0	1	KN:ja387	Ghanaghātimaṃ paṭithaddhaṃ,	
paṭivallanti	potential_headword	verb (present 3pl)	1	0	0	0	0	1	0	1	KN:ja536	Dhanattā paṭivallanti,	
paṭivandanaṃ	sandhi_ending		1	0	0	0	0	1	0	1	KN:ja538	vandako paṭivandanaṃ;	
paṭivattabbaṃ	sandhi_ending		1	0	0	0	0	1	0	1	KN:ja533	Nantaraṃ paṭivattabbaṃ,	
paṭivattuṃ	sandhi_ending	verb (aorist 3pl)	1	0	0	0	0	1	0	1	KN:ja533	Paṭivattuṃ na sakkomi,	
paṭivicāraṇaṃ	sandhi_ending		1	0	0	0	0	1	0	1	KN:cnd17	…kiṃsu tassa cāraṇaṃ vicāraṇaṃ paṭivicāraṇaṃ.	
paṭivicāraṇā	metrical_variant		1	0	0	0	0	1	0	1	KN:cnd17	…takkā lokassa cāraṇā vicāraṇā paṭivicāraṇā.	
paṭivihito	potential_headword		1	0	0	0	0	1	0	1	KN:ja524	Putto piyo paṭivihito vaseyya;	
paṭivijjhahan	sandhi_ending		1	0	0	0	0	1	0	1	KN:thag1.88	saccāni paṭivijjhahan”ti.	
paṭivinayassū	metrical_variant		1	0	0	0	0	1	0	1	KN:mil2	…te pañhaṃ pucchassu, kaṅkhaṃ paṭivinayassū”ti.	
paṭivinayissāmā	pronoun_verb_fusion		1	0	0	0	0	1	0	1	KN:mil2	…ā pañhaṃ pucchissāma, kaṅkhaṃ paṭivinayissāmā”ti.	
paṭivissāsopi	potential_headword	particle (possible sandhi)	1	0	0	0	0	1	0	1	KN:mil3.1.3	…kayirati, vissāsopi kayirati, paṭivissāsopi kayirati, na ca tena paṇḍitā…	
paṭivāmagataṃ	sandhi_ending		1	0	0	0	0	1	0	1	KN:ja540	Paṭivāmagataṃ sallaṃ,	
paṭiyujjhante	potential_headword		1	0	0	0	0	1	0	1	KN:pe8	…ttā tathāgatassa sammukhaṃ na paṭiyujjhante, imaṃ dhammaṃ sotā avippaṭisā…	
paṭiyādanaṃ	sandhi_ending		1	0	0	0	0	1	0	1	KN:tha-ap394	tassetaṃ paṭiyādanaṃ.	
paṭiyāni	potential_headword		1	0	0	0	0	1	0	1	KN:ja493	kuttiyo paṭiyāni ca.	
paṭiānayā	metrical_variant		1	0	0	0	0	1	0	1	KN:ja445	Pāṇā na paṭiānayā;	
pesuṇī	metrical_variant		1	0	0	0	0	1	0	1	KN:ja512	Mānātimānā kalahāni pesuṇī,	
peḷake	potential_headword		1	0	0	0	0	1	0	1	KN:cp12	Pakkhipantampi peḷake”ti.	
peṇāhi	potential_headword	noun (inst pl, fem)	1	0	0	0	0	1	0	1	KN:mil7.6.10	peṇāhi gharakapotako;	
peṇāhikaṅgapañha	potential_headword		1	0	0	0	0	1	0	1	KN:mil7.6.3	3. Peṇāhikaṅgapañha	
peṇāhikaṅgapañho	potential_headword		1	0	0	0	0	1	0	1	KN:mil7.6.3	Peṇāhikaṅgapañho tatiyo.	
phalakenāhamaplaviṃ	sandhi_ending		1	0	0	0	0	1	0	1	KN:ja360	phalakenāhamaplaviṃ.	
phassitukāmassa	potential_headword	noun (gen sg)	1	0	0	0	0	1	0	1	KN:mnd16	…jhitukāmassa adhigantukāmassa phassitukāmassa sacchikātukāmassāti—	
phassituṃ	sandhi_ending	verb (aorist 3pl)	1	0	0	0	0	1	0	1	KN:mnd9	…tasantiṃ pāpuṇituṃ adhigantuṃ phassituṃ sacchikātunti—	
pheṇapiṇḍopa	potential_headword		1	0	0	0	0	1	0	1	KN:thig16.1	Sara rūpaṃ pheṇapiṇḍopa-	
phoṭente	potential_headword		1	0	0	0	0	1	0	1	KN:ja546	phoṭente diguṇaṃ bhujaṃ;	
phusitabbo	potential_headword		1	0	0	0	0	1	0	1	KN:mil3.3.6	…o, raso sāyitabbo, phoṭṭhabbo phusitabbo”ti?	
phālanaṭṭho	potential_headword		1	0	0	0	0	1	0	1	KN:ja218	Mā te puttamahāsi phālanaṭṭho”ti.	
phālaye	potential_headword		1	0	0	0	0	1	0	1	KN:tha-ap3	kadaliṃ chetvāna phālaye;	
phāru	potential_headword		1	0	0	0	0	1	0	1	KN:tha-ap392	Phāru vallī ca kadalī,	
pidahitabbā	metrical_variant		1	0	0	0	0	1	0	1	KN:mil7.8.7	…iyaṃ paggahetabbaṃ, cha dvārā pidahitabbā, sati upaṭṭhapetabbā, hāsamup…	
pidahitabbāni	potential_headword		1	0	0	0	0	1	0	1	KN:mil7.3.10	…ividhaguṇaratanāni adhigantvā pidahitabbāni, na bahi nīharitabbāni.	
pilakkhapaṭibhānī	metrical_variant		1	0	0	0	0	1	0	1	KN:tha-ap472	Pilakkhapaṭibhānī ca,	
pilakkhu	potential_headword		1	0	0	0	0	1	0	1	KN:tha-ap134	pilakkhu phalito ahu;	
pilindi	potential_headword		1	0	0	0	0	1	0	1	KN:tha-ap402	Avaṭañca pilindi ca,	
pipphalyā	metrical_variant		1	0	0	0	0	1	0	1	KN:vv43	Pipphalyā lasuṇena ca,	
pisācībhayatajjitā	metrical_variant		1	0	0	0	0	1	0	1	KN:tha-ap534	pisācībhayatajjitā.	
pitara	potential_headword	adj (comparative)	1	0	0	0	0	1	0	1	KN:thig16.1	Sā cevaṃ bhaṇati pitara-	
pittikaṃ	sandhi_ending		1	0	0	0	0	1	0	1	KN:mil5.1.8	…nāgasena, yañca vātikaṃ yañca pittikaṃ yañca semhikaṃ yañca sannipāt…	
piyālaambayāgado	potential_headword		1	0	0	0	0	1	0	1	KN:tha-ap242	piyālaambayāgado;	
piyālapupphiyattherassāpadānaṃ	long_compound	noun (gen pl)	1	0	0	0	0	1	0	1	KN:tha-ap239	Piyālapupphiyattherassāpadānaṃ sattamaṃ.	
piyālapupphiyo	potential_headword		1	0	0	0	0	1	0	1	KN:tha-ap239	Itthaṃ sudaṃ āyasmā piyālapupphiyo thero imā gāthāyo abhāsitthāt…	
piyālaṃ	sandhi_ending		1	0	0	0	0	1	0	1	KN:tha-ap239	Piyālaṃ pupphitaṃ disvā,	
piṃsayī	metrical_variant		1	0	0	0	0	1	0	1	KN:tha-ap392	Aṅguṭṭhaṃ piṃsayī pāde,	
piṇḍapātāni	potential_headword		1	0	0	0	0	1	0	1	KN:vv34	“Aṭṭheva piṇḍapātāni,	
plavitabbaṃ	sandhi_ending		1	0	0	0	0	1	0	1	KN:mil7.3.6	…pacitīsu lābhaggayasaggepi na plavitabbaṃ, sarīrayāpanamattake yeva cit…	
porohicco	potential_headword		1	0	0	0	0	1	0	1	KN:tha-ap8	porohicco tavaṃ mune.	
pothiyamānassa	potential_headword	noun (gen sg)	1	0	0	0	0	1	0	1	KN:mil5.4.1	…a kammādhiggahitassa laguḷehi pothiyamānassa iddhiyā samannāhāro nāhosī”ti…	
potthadānassidaṃ	sandhi_ending		1	0	0	0	0	1	0	1	KN:tha-ap278	potthadānassidaṃ phalaṃ.	
potthadānaṃ	sandhi_ending	noun (gen pl)	1	0	0	0	0	1	0	1	KN:tha-ap278	Potthadānaṃ mayā dinnaṃ,	
pottho	potential_headword		1	0	0	0	0	1	0	1	KN:ja291	Tadā naggo ca pottho ca,	
poṭṭhasīsā	metrical_variant		1	0	0	0	0	1	0	1	KN:tha-ap3	Kosikā poṭṭhasīsā ca,	
pubbuḷo	potential_headword		1	0	0	0	0	1	0	1	KN:pe2	…ā pheṇapiṇḍo evaṃ rūpaṃ yathā pubbuḷo evaṃ vedanā māyā viññāṇaṃ pañ…	
pucchañchikatā	metrical_variant		1	0	0	0	0	1	0	1	KN:mnd2	…ṃ loluppāyanā loluppāyitattaṃ pucchañchikatā sādhukamyatā, adhammarāgo vis…	
pulino	potential_headword		1	0	0	0	0	1	0	1	KN:tha-ap32	pulino uttiyena ca.	
punabbhavavirohaṇalakkhaṇā	long_compound		1	0	0	0	0	1	0	1	KN:ne7	Punabbhavavirohaṇalakkhaṇā saṅkhārā, te viññāṇassa padaṭ…	
punarāvajātū	metrical_variant		1	0	0	0	0	1	0	1	KN:ja446	Sā pāpadhammā punarāvajātū”ti.	
puneta	potential_headword	pp (past participle)	1	0	0	0	0	1	0	1	KN:ja546	Nevesa dhammo na puneta kiccaṃ,	
pupphacaṅkoṭakīpi	potential_headword	particle (possible sandhi)	1	0	0	0	0	1	0	1	KN:tha-ap72	pupphacaṅkoṭakīpi ca;	
pupphacaṅkoṭiyattherassāpadānaṃ	long_compound	noun (gen pl)	1	0	0	0	0	1	0	1	KN:tha-ap72	Pupphacaṅkoṭiyattherassāpadānaṃ dasamaṃ.	
pupphacaṅkoṭiyo	potential_headword		1	0	0	0	0	1	0	1	KN:tha-ap72	Itthaṃ sudaṃ āyasmā pupphacaṅkoṭiyo thero imā gāthāyo abhāsitthāt…	
pupphagghiyamupānayiṃ	sandhi_ending		1	0	0	0	0	1	0	1	KN:tha-ap52	pupphagghiyamupānayiṃ.	
pupphathūpi	potential_headword	particle (possible sandhi)	1	0	0	0	0	1	0	1	KN:tha-ap132	Sereyyako pupphathūpi,	
pupphavatīyā	metrical_variant		1	0	0	0	0	1	0	1	KN:ja544	Ekarājā pupphavatīyā;	
pupphehacchādayī	metrical_variant		1	0	0	0	0	1	0	1	KN:tha-ap8	pupphehacchādayī tadā.	
pupphābhikkiṇamhi	pronoun_verb_fusion	noun (loc sg)	1	0	0	0	0	1	0	1	KN:vv64	Pupphābhikkiṇamhi sake nivesane,	
pupphāpetvāna	potential_headword	verb (present participle)	1	0	0	0	0	1	0	1	KN:bv18	pupphāpetvāna sāvake;	
purimiko	potential_headword		1	0	0	0	0	1	0	1	KN:ne18	…ā avijjā avijjāpariyuṭṭhānaṃ, purimiko avijjānusayo pacchimikassa av…	
purimāhissatiṃ	sandhi_ending		1	0	0	0	0	1	0	1	KN:snp5.1	Purimāhissatiṃ tadā;	
purisametakaṃ	sandhi_ending		1	0	0	0	0	1	0	1	KN:pe8	…u, kāyabhāvanaṃ upakacaṇḍālaṃ purisametakaṃ bhavatalākāsu cittabhāvanaṃ,…	
purisanāvutyo	potential_headword		1	0	0	0	0	1	0	1	KN:ja542	Tiṃsa me purisanāvutyo,	
purisānaṃbhipatthitā	metrical_variant		1	0	0	0	0	1	0	1	KN:ja547	purisānaṃbhipatthitā;	
purī	potential_headword		1	0	0	0	0	1	0	1	KN:tha-ap552	nikkhamāmi tadā purī;	
puṇḍarīkātidāruṇī	metrical_variant		1	0	0	0	0	1	0	1	KN:vv50	puṇḍarīkātidāruṇī;	
puṇṇakumbhāni	potential_headword		1	0	0	0	0	1	0	1	KN:thi-ap27	puṇṇakumbhāni kārayi;	
pādamūlehaṃ	sandhi_ending		1	0	0	0	0	1	0	1	KN:tha-ap548	Nipacca pādamūlehaṃ,	
pādapīṭhiyattherassāpadānaṃ	long_compound	noun (gen pl)	1	0	0	0	0	1	0	1	KN:tha-ap450	Pādapīṭhiyattherassāpadānaṃ aṭṭhamaṃ.	
pādapīṭhiyo	potential_headword		1	0	0	0	0	1	0	1	KN:tha-ap450	Itthaṃ sudaṃ āyasmā pādapīṭhiyo thero imā gāthāyo abhāsitthāt…	
pāmuciṃ	sandhi_ending		1	0	0	0	0	1	0	1	KN:ja533	Tato naṃ pāmuciṃ pāsā,	
pāmucī	metrical_variant		1	0	0	0	0	1	0	1	KN:ja533	Tato maṃ pāmucī pāsā,	
pānadhido	potential_headword		1	0	0	0	0	1	0	1	KN:tha-ap482	Vallikāro pānadhido,	
pānīghaṭamapūrayiṃ	sandhi_ending		1	0	0	0	0	1	0	1	KN:tha-ap499	pānīghaṭamapūrayiṃ.	
pāpanivārī	metrical_variant		1	0	0	0	0	1	0	1	KN:tha-ap222	Sappi pāpanivārī ca,	
pāpayitvāna	potential_headword	verb (present participle)	1	0	0	0	0	1	0	1	KN:bv22	Khemantaṃ pāpayitvāna,	
pāpintave	potential_headword	infinitive	1	0	0	0	0	1	0	1	KN:pe5	So na tattha pāpintave bhavanti;	
pārevatakkhī	metrical_variant		1	0	0	0	0	1	0	1	KN:ja542	Pārevatakkhī sutanū,	
pāribhaddako	potential_headword		1	0	0	0	0	1	0	1	KN:mnd15	…āro nissāro sārāpagato, yathā pāribhaddako asāro nissāro sārāpagato, yat…	
pārijaññā	metrical_variant		1	0	0	0	0	1	0	1	KN:ja547	pārijaññā ca pupphitā;	
pāripūreti	potential_headword	verb (present 3sg)	1	0	0	0	0	1	0	1	KN:pe8	…cetanā karaṇīyā, kissa sīlāni pāripūreti.	
pāsāṇasakkharakharamarumbaāvaṭṭagaggalakaūmikavaṅkacadika	long_compound	adj (-ika suffix)	1	0	0	0	0	1	0	1	KN:mil5.4.5	…vuṭṭhaṃ udakaṃ gaṅgāya nadiyā pāsāṇasakkharakharamarumbaāvaṭṭagaggalakaūmikavaṅkacadika-āvaraṇanīvaraṇamūlakasākhāsu…	
pātayitvāna	potential_headword	verb (present participle)	1	0	0	0	0	1	0	1	KN:thi-ap21	Tadāhaṃ pātayitvāna,	
pātīyamāno	potential_headword		1	0	0	0	0	1	0	1	KN:mil5.2.4	…hinā daṭṭho mantapadena visaṃ pātīyamāno visaṃ cikkhassanto uddhamadho…	
pāṇātipātikan	sandhi_ending		1	0	0	0	0	1	0	1	KN:cp19	sadā pāṇātipātikan”ti.	
pāṭipādakaṃ	sandhi_ending		1	0	0	0	0	1	0	1	KN:ja547	mekhalaṃ pāṭipādakaṃ;	
pāṭiye	potential_headword		1	0	0	0	0	1	0	1	KN:ja546	pāṭiye ca siluccaye;	
pītasse	potential_headword		1	0	0	0	0	1	0	1	KN:vv47	pītasse pītabījane.	
pītipharaṇo	potential_headword		1	0	0	0	0	1	0	1	KN:ne21	Tattha yo ca pītipharaṇo yo ca sukhapharaṇo yo ca ceto…	
pīṭhamadāyimhā	metrical_variant		1	0	0	0	0	1	0	1	KN:ja337	“Na te pīṭhamadāyimhā,	
pūjetva	potential_headword	particle (possible sandhi)	1	0	0	0	0	1	0	1	KN:ne37	Thūpaṃ pūjetva satthuno”ti.	
pūrayituṃ	sandhi_ending	verb (aorist 3pl)	1	0	0	0	0	1	0	1	KN:cp4	Ūnamanaṃ pūrayituṃ,	
rajjebhisecayuṃ	sandhi_ending	verb (aorist 3pl)	1	0	0	0	0	1	0	1	KN:ja547	cetā rajjebhisecayuṃ.	
rajjitabbaṃ	sandhi_ending		1	0	0	0	0	1	0	1	KN:mil7.4.5	…ṭṭhabbadhammesu rajanīyesu na rajjitabbaṃ, dussanīyesu na dussitabbaṃ,…	
rajjuvālambanī	metrical_variant		1	0	0	0	0	1	0	1	KN:ja411	Rajjuvālambanī cesā,	
rambho	potential_headword		1	0	0	0	0	1	0	1	KN:bv23	Sotthiko ceva rambho ca,	
rambhoru	potential_headword		1	0	0	0	0	1	0	1	KN:thi-ap18	rambhoru cārubhūsanā.	
ramitabbaṃ	sandhi_ending		1	0	0	0	0	1	0	1	KN:mil7.4.4	…usumapupphitārammaṇavanantare ramitabbaṃ.	
ramāpayitvā	metrical_variant	particle (possible sandhi)	1	0	0	0	0	1	0	1	KN:ja541	Tā jīvalokasmiṃ ramāpayitvā,	
rasmāsu	potential_headword	noun (loc pl, fem)	1	0	0	0	0	1	0	1	KN:ja533	Na cāyaṃ kiñci rasmāsu,	
rathūmijātehi	potential_headword	noun (inst pl)	1	0	0	0	0	1	0	1	KN:ja229	Rathūmijātehi sarābhivassebhi;	
rattaṃsakupasambyānā	metrical_variant		1	0	0	0	0	1	0	1	KN:thi-ap18	Rattaṃsakupasambyānā,	
rattimuṭṭhānadessinā	metrical_variant		1	1	0	0	0	0	1	1	DN:dn31	rattimuṭṭhānadessinā;	
renukaṃ	sandhi_ending		1	0	0	0	0	1	0	1	KN:ja234	Kharachinnaṃva renukaṃ”.	
revatīvimānaṃ	sandhi_ending	noun (gen pl)	1	0	0	0	0	1	0	1	KN:vv52	Revatīvimānaṃ dutiyaṃ.	
riyaṃ	sandhi_ending		1	0	0	0	0	1	0	1	KN:thig16.1	Riyaṃ bhogā sukhā daharikāsi;	
rodhayi	potential_headword		1	0	0	0	0	1	0	1	KN:ja546	“Mā rodhayi nāga āyāhamasmi,	
rogantamapicārogyaṃ	sandhi_ending		1	0	0	0	0	1	0	1	KN:thi-ap25	Rogantamapicārogyaṃ,	
rohaṇī	metrical_variant		1	0	0	0	0	1	0	1	KN:tha-ap135	Rohaṇī nāma nāmena,	
rucakupakiṇṇamidaṃ	sandhi_ending		1	0	0	0	0	1	0	1	KN:vv35	Rucakupakiṇṇamidaṃ subhaṃ vimānaṃ.	
ruce	potential_headword		1	0	0	0	0	1	0	1	KN:ja545	Yāva ruce jīvamānā,	
rudantyā	metrical_variant		1	0	0	0	0	1	0	1	KN:ja525	“Mātucca me rudantyā,	
ruhaka	potential_headword		1	0	0	0	0	1	0	1	KN:ja191	“Api ruhaka chinnāpi,	
ruppapaṭṭapalimaṭṭhīva	potential_headword	particle (possible sandhi)	1	0	0	0	0	1	0	1	KN:ja511	Ruppapaṭṭapalimaṭṭhīva,	
ruḷaruḷassa	potential_headword	noun (gen sg)	1	0	0	0	0	1	0	1	KN:mil6.3.1	…arato dukkarataraṃ, yaṃ tassa ruḷaruḷassa bhīmabhīmassa nīte dārake ada…	
rāgadosamohūmijāle	potential_headword		1	0	0	0	0	1	0	1	KN:mil7.3.6	…mahārāja, yoginā yogāvacarena rāgadosamohūmijāle mahatimahāvitakkasampahāre ci…	
rāhumakhagato	potential_headword		1	0	0	0	0	1	0	1	KN:mil2	…ūtavejjasamāgato viya pisāco, rāhumakhagato viya cando, pannago viya peḷa…	
rājabandhuniṃ	sandhi_ending		1	0	0	0	0	1	0	1	KN:ja539	tipuraṃ rājabandhuniṃ;	
rājadeyyānī	metrical_variant		1	0	0	0	0	1	0	1	KN:mil3.8	…āṇattāni gamissanti bhaṇḍato rājadeyyānī’”ti.	
rājidha	potential_headword		1	0	0	0	0	1	0	1	KN:ja347	“Dūto ahaṃ rājidha rakkhasānaṃ,	
rājānamabhirādhayī	metrical_variant		1	0	0	0	0	1	0	1	KN:ja108	rājānamabhirādhayī”ti.	
rūhakaṃ	sandhi_ending		1	0	0	0	0	1	0	1	KN:ja250	Kalyāṇavaggāsadiso ca rūhakaṃ;	
sabbabandhanānan	sandhi_ending		1	0	0	0	0	1	0	1	KN:mil6.3.2	Padālitattā sabbabandhanānan”ti.	
sabbado	potential_headword		1	0	0	0	0	1	0	1	KN:tha-ap402	Sabbado ajito ceva,	
sabbakālamasaṅkhyaṃ	sandhi_ending		1	0	0	0	0	1	0	1	KN:ja500	Savanti najjo sabbakālamasaṅkhyaṃ;	
sabbaphalado	potential_headword		1	0	0	0	0	1	0	1	KN:tha-ap522	Thero ca sabbaphalado,	
sabbhiṃ	sandhi_ending		1	0	0	0	0	1	0	1	KN:ja426	So ca sabbhiṃ na rañjatī”ti.	
sabbāsamissaro	potential_headword		1	0	0	0	0	1	0	1	KN:ja529	tvaṃ no sabbāsamissaro”ti.	
sabbītimutto	potential_headword		1	0	0	0	0	1	0	1	KN:mil6.2.10	“Sabbītimutto, bhante, sūriyo kaṭhinaṃ tapa…	
sabbītiparivajjito	potential_headword		1	0	0	0	0	1	0	1	KN:tha-ap393	Sabbītiparivajjito.	
sabbītito	potential_headword		1	0	0	0	0	1	0	1	KN:mil5.3.2	…amataṃ asitvā arogā dīghāyukā sabbītito parimucceyyuṃ, athaññataro pu…	
sadatthiyo	potential_headword		1	0	0	0	0	1	0	1	KN:tha-ap260	rājā āsiṃ sadatthiyo;	
saddhādhanasamanvitaṃ	sandhi_ending		1	0	0	0	0	1	0	1	KN:tha-ap542	saddhādhanasamanvitaṃ;	
sadveḷhako	potential_headword		1	0	0	0	0	1	0	1	KN:mnd11	…hī puggalo sakaṅkho savilekho sadveḷhako savicikiccho, ñāṇādhigamāya ñ…	
saguḷāni	potential_headword		1	0	0	0	0	1	0	1	KN:ja547	Saṅkulyā saguḷāni ca;	
sahabyamāgatā	metrical_variant		1	0	0	0	0	1	0	1	KN:vv47	tava sahabyamāgatā”ti.	
sakalalokamabhitappayanto	potential_headword		1	0	0	0	0	1	0	1	KN:mil2	…tena mahatā dhammāmatameghena sakalalokamabhitappayanto gāmanigamarājadhānīsu cārikaṃ…	
sakosakakoraṇḍadāyakattherassāpadānaṃ	long_compound	noun (gen pl)	1	0	0	0	0	1	0	1	KN:tha-ap356	Sakosakakoraṇḍadāyakattherassāpadānaṃ catutthaṃ.	
sakosakakoraṇḍadāyako	potential_headword		1	0	0	0	0	1	0	1	KN:tha-ap356	Itthaṃ sudaṃ āyasmā sakosakakoraṇḍadāyako thero imā gāthāyo abhāsitthāt…	
sakuṇāladijādhipativhayano	long_compound		1	0	0	0	0	1	0	1	KN:ja537	Sakuṇāladijādhipativhayano,	
salalamāliyattherassāpadānaṃ	long_compound	noun (gen pl)	1	0	0	0	0	1	0	1	KN:tha-ap209	Salalamāliyattherassāpadānaṃ sattamaṃ.	
salalamāliyo	potential_headword		1	0	0	0	0	1	0	1	KN:tha-ap209	Itthaṃ sudaṃ āyasmā salalamāliyo thero imā gāthāyo abhāsitthāt…	
salalapupphehi	potential_headword	noun (inst pl)	1	0	0	0	0	1	0	1	KN:tha-ap556	Channo salalapupphehi,	
salalaṃ	sandhi_ending		1	0	0	0	0	1	0	1	KN:tha-ap556	Gahetvā salalaṃ mālaṃ,	
salalo	potential_headword		1	0	0	0	0	1	0	1	KN:tha-ap212	salalo ca kuraṇḍako;	
salaloti	potential_headword	verb (present 3sg)	1	0	0	0	0	1	0	1	KN:bv12	salaloti pavuccati.	
samannehamāno	potential_headword		1	0	0	0	0	1	0	1	KN:pe4	Sace samannehamāno na labhati.	
samanvito	potential_headword		1	0	0	0	0	1	0	1	KN:thi-ap18	rūpena ca samanvito.	
samapajjisaṃ	sandhi_ending		1	0	0	0	0	1	0	1	KN:ja516	tasmā na samapajjisaṃ;	
samapothayi	potential_headword		1	0	0	0	0	1	0	1	KN:ja533	daṇḍena samapothayi;	
samappayī	metrical_variant		1	0	0	0	0	1	0	1	KN:ja514	Samappayī dukkaṭakammakārī.	
samayācisaṃ	sandhi_ending		1	0	0	0	0	1	0	1	KN:tha-ap546	pabbajjaṃ samayācisaṃ.	
samayī	metrical_variant		1	0	0	0	0	1	0	1	KN:tha-ap398	byādhiñca samayī mama;	
sambharitaṃ	sandhi_ending		1	0	0	0	0	1	0	1	KN:mil5.1.5	…salilasampuṇṇaṃ samatitthikaṃ sambharitaṃ pañcayojanasatāyāmaṃ yojanapu…	
sambhutaṃ	sandhi_ending		1	0	0	0	0	1	0	1	KN:ja523	yo me tejā ha sambhutaṃ;	
sambuddhamabhipūjetvā	metrical_variant	particle (possible sandhi)	1	0	0	0	0	1	0	1	KN:tha-ap493	Sambuddhamabhipūjetvā,	
sambujjhitukāmassa	potential_headword	noun (gen sg)	1	0	0	0	0	1	0	1	KN:mnd16	…tukāmassa paṭibujjhitukāmassa sambujjhitukāmassa adhigantukāmassa phassitukāma…	
sambula	potential_headword		1	0	0	0	0	1	0	1	KN:ja520	Atha sambula tindukadevasutoti.	
sambulaṃ	sandhi_ending		1	0	0	0	0	1	0	1	KN:ja519	sambulaṃ aggahī bhuje.	
sambulāhaṃ	sandhi_ending		1	0	0	0	0	1	0	1	KN:ja519	sambulāhaṃ namatthu te.	
sambulāya	potential_headword	noun (dat sg)	1	0	0	0	0	1	0	1	KN:ja519	Janinda dhammaṃ cara sambulāya”.	
sammadaññāvimuttānaṃ	sandhi_ending	noun (gen pl)	1	0	0	0	0	1	0	1	KN:dhp44-59	Sammadaññāvimuttānaṃ,	
sammillahāsiniṃ	sandhi_ending		1	0	0	0	0	1	0	1	KN:ja328	piyaṃ sammillahāsiniṃ.	
samodhānopagatan	sandhi_ending		1	0	0	0	0	1	0	1	KN:mil6.4.2	…bbaṃ taṃ terasasu dhutaguṇesu samodhānopagatan”ti.	
samohatesu	potential_headword	noun (loc pl)	1	0	0	0	0	1	0	1	KN:snp5.7	Sabbesu dhammesu samohatesu,	
sampabujjhatha	potential_headword		1	0	0	0	0	1	0	1	KN:tha-ap4	buddhopi sampabujjhatha.	
sampadhūpenti	potential_headword	verb (present 3pl)	1	0	0	0	0	1	0	1	KN:mil6.4.1	…ṃ lokaṃ sīlagandhena dhūpenti sampadhūpenti, disampi anudisampi anuvātamp…	
sampadālati	potential_headword	verb (present 3sg)	1	0	0	0	0	1	0	1	KN:ja547	uro ca sampadālati;	
sampadāritā	metrical_variant		1	0	0	0	0	1	0	1	KN:tha-ap532	kāretā sampadāritā;	
sampaggaṇhāti	potential_headword		1	0	0	0	0	1	0	1	KN:ja546	sampaggaṇhāti khattiyo;	
sampahaṃsitvā	metrical_variant	particle (possible sandhi)	1	0	0	0	0	1	0	1	KN:thi-ap11	Mānasaṃ sampahaṃsitvā,	
sampajāyamānā	metrical_variant		1	0	0	0	0	1	0	1	KN:pe8	…ti, evameva ime dhammā manena sampajāyamānā gacchanti, tattha ime dhammā…	
sampakittesi	potential_headword		1	0	0	0	0	1	0	1	KN:tha-ap542	Sāvakaṃ sampakittesi,	
sampakkhandanalakkhaṇasaddhāpañha	long_compound		1	0	0	0	0	1	0	1	KN:mil3.1.11	11. Sampakkhandanalakkhaṇasaddhāpañha	
sampakkhandanalakkhaṇasaddhāpañho	long_compound		1	0	0	0	0	1	0	1	KN:mil3.1.11	Sampakkhandanalakkhaṇasaddhāpañho ekādasamo.	
sampakāsayaṃ	sandhi_ending		1	0	0	0	0	1	0	1	KN:tha-ap551	sabbatthaṃ sampakāsayaṃ;	
sampakāseti	potential_headword	verb (present 3sg)	1	0	0	0	0	1	0	1	KN:tha-ap532	Saccāni sampakāseti,	
sampalibodho	potential_headword		1	0	0	0	0	1	0	1	KN:pe5	Avijjāya anusayo ca cittassa sampalibodho, idaṃ pariyuṭṭhānaṃ.	
sampallavinti	potential_headword		1	0	0	0	0	1	0	1	KN:cnd22	…ato maggaṃ pallaviṃ upallaviṃ sampallavinti—	
sampamadditabbaṃ	sandhi_ending		1	0	0	0	0	1	0	1	KN:mil7.6.5	…ekena raho nisīditvā aññāṇaṃ sampamadditabbaṃ, mūlato chinditabbaṃ.	
sampamaddāmi	potential_headword	verb (present 1sg)	1	0	0	0	0	1	0	1	KN:tha-ap3	Titthiye sampamaddāmi,	
sampamajjitvā	metrical_variant	particle (possible sandhi)	1	0	0	0	0	1	0	1	KN:ja516	Assūni sampamajjitvā,	
sampamāde	potential_headword		1	0	0	0	0	1	0	1	KN:pe6	…bhāvitāya bahulīkatāya ālasse sampamāde vimhaye ca cittaṃ nānusandhat…	
samparipluto	potential_headword		1	0	0	0	0	1	0	1	KN:ja538	acchāhaṃ samparipluto.	
samparivuto	potential_headword		1	0	0	0	0	1	0	1	KN:tha-ap37	Sissehi samparivuto,	
sampatthitā	metrical_variant		1	0	0	0	0	1	0	1	KN:ja303	Sampatthitā dubbhisena ahosi;	
sampavattayuṃ	sandhi_ending	verb (aorist 3pl)	1	0	0	0	0	1	0	1	KN:tha-ap82	ukkuṭṭhiṃ sampavattayuṃ;	
sampavisanti	potential_headword	verb (present 3pl)	1	0	0	0	0	1	0	1	KN:ja530	Vivaṭe mukhe sampavisanti rakkhasā.	
sampayanti	potential_headword	verb (present 3pl)	1	0	0	0	0	1	0	1	KN:tha-ap399	sampayanti yadicchakaṃ;	
sampayojayeti	potential_headword	verb (present 3sg)	1	0	0	0	1	0	1	1	AN:an9.92	tatheva sampayojayeti.	
sampaṭicchitva	potential_headword	particle (possible sandhi)	1	0	0	0	0	1	0	1	KN:tha-ap394	sampaṭicchitva cakkhumā’;	
sampaṭipajjanto	potential_headword		1	0	0	0	0	1	0	1	KN:pe8	…esitaṃ yathā upaṭṭhitaṃ tathā sampaṭipajjanto so evaṃ pajānāti.	
sampaṭivedhena	potential_headword	noun (inst sg)	1	0	0	0	0	1	0	1	KN:ne10	…ti paribhoganimittañca, tassa sampaṭivedhena rakkhaṇā paṭisaṃharaṇā, ayaṃ…	
sampaṭivedho	potential_headword		1	0	0	0	0	1	0	1	KN:ne33	…hūtaṃ ñāṇadassanaṃ abhisamayo sampaṭivedho saccāgamanaṃ, ayaṃ vemattatā.	
sampesesi	potential_headword		1	0	0	0	0	1	0	1	KN:ja479	Sampesesi nāgaṃ ñassāma,	
sampesito	potential_headword		1	0	0	0	0	1	0	1	KN:ja479	Sampesito ca raññā,	
sampucchituṃ	sandhi_ending	verb (aorist 3pl)	1	0	0	0	0	1	0	1	KN:vv29	Na maṃ sampucchituṃ icchi,	
sampuṇṇasucivimalasītalasalilo	long_compound		1	0	0	0	0	1	0	1	KN:mil6.1.5	…hā, mahārāja, taḷāko bhaveyya sampuṇṇasucivimalasītalasalilo, atha yo koci kiliṭṭho malaka…	
sampītaṃ	sandhi_ending		1	0	0	0	0	1	0	1	KN:tha-ap1	Nānāraṅgehi sampītaṃ,	
samucchitabbo	potential_headword		1	0	0	0	0	1	0	1	KN:pe8	…annaṃ taṃ duvidhaṃ kampamānaṃ samucchitabbo.	
samudayaparijahanalakkhaṇo	long_compound		1	0	0	0	0	1	0	1	KN:pe1	…inibbattanalakkhaṇo samudayo, samudayaparijahanalakkhaṇo nirodho, anusayasamucchedalak…	
samukkācanā	metrical_variant		1	0	0	0	0	1	0	1	KN:mnd14	…unnahanā samunnahanā ukkācanā samukkācanā anupiyabhāṇitā cāṭukamyatā mu…	
samupādikā	metrical_variant		1	0	0	0	0	1	0	1	KN:mil6.1.1	…smiṃ purise abhirūḷhe sā nāvā samupādikā bhaveyya.	
samādayiṃ	sandhi_ending		1	0	0	0	0	1	0	1	KN:tha-ap171	puññakamme samādayiṃ;	
samādāno	potential_headword		1	0	0	0	0	1	0	1	KN:mnd7	…reyya, thiraṃ kareyya, daḷhaṃ samādāno assa, avaṭṭhitasamādāno assa…	
samāpatyā	metrical_variant		1	0	0	0	0	1	0	1	KN:bv18	Vilāsetvā samāpatyā,	
samīhāmi	potential_headword	verb (present 1sg)	1	0	0	0	0	1	0	1	KN:cnd9	Atha vā na īhāmi na samīhāmi na ussahāmi na vāyamāmi na us…	
samītāro	potential_headword		1	0	0	0	0	1	0	1	KN:ja532	Ye ca santi samītāro,	
sanarāmarabrahmasu	potential_headword		1	0	0	0	0	1	0	1	KN:tha-ap548	sanarāmarabrahmasu;	
sandayuṃ	sandhi_ending	verb (aorist 3pl)	1	0	0	0	0	1	0	1	KN:tha-ap127	saritāyo na sandayuṃ;	
sandāpesī	metrical_variant		1	0	0	0	0	1	0	1	KN:mil5.1.5	…ena imaṃ mahāgaṅgaṃ paṭisotaṃ sandāpesī’ti?	
sandāpitā	metrical_variant		1	0	0	0	0	1	0	1	KN:mil5.1.5	…kiriyāya ayaṃ gaṅgā paṭisotaṃ sandāpitā’ti?	
saniḷīnikamavhayano	potential_headword		1	0	0	0	0	1	0	1	KN:ja528	Saniḷīnikamavhayano paṭhamo,	
sannipalāso	potential_headword		1	0	0	0	0	1	0	1	KN:pe2	…taṃ pāricchattako paṇḍupalāso sannipalāso—	
sannitvā	metrical_variant	particle (possible sandhi)	1	0	0	0	0	1	0	1	KN:pe8	…taṇhāya ca te vaḍḍhati dosāti sannitvā te appasakkhayena saṅkhārā.	
sannitāḷayiṃ	sandhi_ending		1	0	0	0	0	1	0	1	KN:ja516	matthakaṃ sannitāḷayiṃ;	
santappayi	potential_headword		1	0	0	0	0	1	0	1	KN:ja484	Santappayi samaṇabrāhmaṇe cāti.	
santaritvā	metrical_variant	particle (possible sandhi)	1	0	0	0	0	1	0	1	KN:tha-ap538	santaritvā mahodadhiṃ;	
santharitun	sandhi_ending		1	0	0	0	1	0	1	1	AN:an6.16	…ti dārake posetuṃ, gharāvāsaṃ santharitun’ti.	
santharituṃ	sandhi_ending	verb (aorist 3pl)	1	0	0	0	1	0	1	1	AN:an6.16	…na dārake posetuṃ, gharāvāsaṃ santharituṃ.	
santhaviko	potential_headword		1	0	0	0	0	1	0	1	KN:tha-ap322	Pupphāsanī santhaviko,	
santhavī	metrical_variant		1	0	0	0	0	1	0	1	KN:tha-ap534	santhavī sāvakaṃ sakaṃ.	
santigamo	potential_headword		1	0	0	0	0	1	0	1	KN:tha-ap535	Yadi santigamo maggo,	
santilakkhaṇo	potential_headword		1	0	0	0	0	1	0	1	KN:pe1	…ayo, niyyānikalakkhaṇo maggo, santilakkhaṇo nirodho.	
santipattā	metrical_variant		1	0	0	0	0	1	0	1	KN:tha-ap411	Parittakā santipattā,	
santisukhada	potential_headword		1	0	0	0	0	1	0	1	KN:tha-ap546	Namo te santisukhada,	
santussitabbaṃ	sandhi_ending		1	0	0	0	0	1	0	1	KN:mil7.5.6	…ampannaṃ vā’ti, yathāladdhena santussitabbaṃ.	
santāpayiṃ	sandhi_ending		1	0	0	0	0	1	0	1	KN:thi-ap26	khippaṃ santāpayiṃ jalaṃ.	
saparijjanaṃ	sandhi_ending		1	0	0	0	0	1	0	1	KN:bv11	sasaṅghaṃ saparijjanaṃ;	
saracāpadhārinā	metrical_variant		1	0	0	0	0	1	0	1	KN:ja535	Migīva bhantā saracāpadhārinā,	
saraṇabbhañjanappado	potential_headword		1	0	0	0	0	1	0	1	KN:tha-ap532	saraṇabbhañjanappado;	
saraṇade	potential_headword		1	0	0	0	0	1	0	1	KN:thi-ap17	“Mā no saraṇade nāthe,	
saraṇesiniṃ	sandhi_ending		1	0	0	0	0	1	0	1	KN:ja544	Saraṇesiniṃ anāthaṃ tāyatha maṃ,	
saraṇāsanapupphiyā	metrical_variant		1	0	0	0	0	1	0	1	KN:tha-ap122	saraṇāsanapupphiyā;	
saraṇībhūtato	potential_headword		1	0	0	0	0	1	0	1	KN:cnd15	…hemato tāṇato leṇato saraṇato saraṇībhūtato abhayato accutato amatato nib…	
sarīradabyaṃ	sandhi_ending		1	0	0	0	0	1	0	1	KN:ja200	“Sarīradabyaṃ vuḍḍhabyaṃ,	
sasañjhova	potential_headword	particle (possible sandhi)	1	0	0	0	0	1	0	1	KN:thi-ap27	sasañjhova divākaro.	
sasaṅkavimalānano	potential_headword		1	0	0	0	0	1	0	1	KN:tha-ap533	sasaṅkavimalānano;	
satatamupāvasiṃ	sandhi_ending		1	0	0	0	0	1	0	1	KN:vv22	Uposathaṃ satatamupāvasiṃ ahaṃ;	
sattabyākaraṇīsu	potential_headword		1	0	0	0	0	1	0	1	KN:pe5	Sattabyākaraṇīsu ca suttesu na yujjati.	
sattaha	potential_headword		1	0	0	0	0	1	0	1	KN:ja454	Raja sattaha kassa ca takkalinā;	
sattalipupphapūjakattherassāpadānaṃ	long_compound	noun (gen pl)	1	0	0	0	0	1	0	1	KN:tha-ap250	Sattalipupphapūjakattherassāpadānaṃ aṭṭhamaṃ.	
sattalipupphapūjako	potential_headword		1	0	0	0	0	1	0	1	KN:tha-ap250	Itthaṃ sudaṃ āyasmā sattalipupphapūjako thero imā gāthāyo abhāsitthāt…	
sattalipupphāni	potential_headword		1	0	0	0	0	1	0	1	KN:tha-ap250	“Satta sattalipupphāni,	
sattaliyo	potential_headword		1	0	0	0	0	1	0	1	KN:tha-ap407	Mātaggārā sattaliyo,	
sattaliyothikañca	potential_headword	particle (possible sandhi)	1	0	0	0	0	1	0	1	KN:ja504	Atimuttakaṃ sattaliyothikañca;	
sattalī	metrical_variant		1	0	0	0	0	1	0	1	KN:tha-ap414	sattalī bimbijālikā;	
sattasaṭṭhimo	potential_headword		1	0	0	0	0	1	0	1	KN:ps1.1	…ddhikapaṭisambhidāñāṇaniddeso sattasaṭṭhimo.	
sattatimo	potential_headword		1	0	0	0	0	1	0	1	KN:ps1.1	Yamakapāṭihīrañāṇaniddeso sattatimo.	
sattayojanamussito	potential_headword		1	0	0	0	0	1	0	1	KN:bv21	Sattayojanamussito”ti.	
satthaggahaṇachedanalekhanavedhanasalluddharaṇavaṇadhovanasosanabhesajjānulimpanavamanavirecanānuvāsanakiriyamanusikkhitvā	long_compound	particle (possible sandhi)	1	0	0	0	0	1	0	1	KN:mil6.4.2	…attappaṭipattiyā vā ārādhetvā satthaggahaṇachedanalekhanavedhanasalluddharaṇavaṇadhovanasosanabhesajjānulimpanavamanavirecanānuvāsanakiriyamanusikkhitvā vijjāsu katasikkho katūpāsano…	
satthamāharitan	sandhi_ending		1	0	0	1	0	0	1	1	SN:sn22.87	yattha vakkalinā kulaputtena satthamāharitan”ti.	
satthuṃ	sandhi_ending	verb (aorist 3pl)	1	0	0	0	0	1	0	1	KN:ja543	Evaṃ taṃ asakkhi satthuṃ,	
sattukāmivā	metrical_variant	particle (possible sandhi)	1	0	0	0	0	1	0	1	KN:ja419	sulasā sattukāmivā”ti.	
savibhattaṃ	sandhi_ending		1	1	0	0	0	0	1	1	DN:dn16	…avato sarīrāni aṭṭhadhā samaṃ savibhattaṃ vibhajāhī”ti.	
savibhattesu	potential_headword	noun (loc pl)	1	0	0	0	0	1	0	1	KN:thag16.8	Savibhattesu dhammesu,	
sayambhumasādayiṃ	sandhi_ending		1	0	0	0	0	1	0	1	KN:tha-ap8	yaṃ sayambhumasādayiṃ.	
sayampaṭibhāniyattherassāpadānaṃ	long_compound	noun (gen pl)	1	0	0	0	0	1	0	1	KN:tha-ap471	Sayampaṭibhāniyattherassāpadānaṃ navamaṃ.	
sayampaṭibhāniyo	potential_headword		1	0	0	0	0	1	0	1	KN:tha-ap471	Itthaṃ sudaṃ āyasmā sayampaṭibhāniyo thero imā gāthāyo abhāsitthāt…	
sañcajaṃ	sandhi_ending		1	0	0	0	0	1	0	1	KN:ja533	Tādise sañcajaṃ pāṇaṃ,	
sañcalesumāsanā	metrical_variant		1	0	0	0	0	1	0	1	KN:ja533	na sañcalesumāsanā.	
sañcattaṃ	sandhi_ending		1	0	0	0	0	1	0	1	KN:thi-ap28	sañcattaṃ jīvitaṃ mayā.	
sañcatto	potential_headword		1	0	0	0	0	1	0	1	KN:ja538	sañcatto pitarā mahaṃ;	
sañcetaniyaṃ	sandhi_ending		1	0	0	0	0	1	0	1	KN:pe1	Sañcetaniyaṃ suttaṃ daḷhanemiyānākāro chah…	
sañchaḍḍitaṃ	sandhi_ending		1	0	0	0	0	1	0	1	KN:bv26	Sañchaḍḍitaṃ kulamūlaṃ,	
sañcodako	potential_headword		1	0	0	0	0	1	0	1	KN:tha-ap546	natthi sañcodako kvaci.	
sañcuṇṇā	metrical_variant		1	0	0	0	0	1	0	1	KN:tha-ap3	sañcuṇṇā vikiranti tā.	
sañcuṇṇāva	potential_headword	particle (possible sandhi)	1	0	0	0	0	1	0	1	KN:tha-ap3	sañcuṇṇāva bhavanti te.	
sañjīvito	potential_headword		1	0	0	0	0	1	0	1	KN:ja437	Pati sañjīvito mayhaṃ,	
saḷalado	potential_headword		1	0	0	0	0	1	0	1	KN:tha-ap272	Maccho javo saḷalado,	
saḷati	potential_headword	verb (present 3sg)	1	0	0	0	0	1	0	1	KN:tha-ap489	Susumārova saḷati,	
saṃhitūru	potential_headword		1	0	0	0	0	1	0	1	KN:ja519	Ekā tuvaṃ tiṭṭhasi saṃhitūru;	
saṃsibbitavisibbitassa	potential_headword	noun (gen sg)	1	0	0	0	0	1	0	1	KN:mil5.1.2	…atassa visālassa vitthiṇṇassa saṃsibbitavisibbitassa sākhājaṭājaṭitassa ākaḍḍhiyan…	
saṃsī	metrical_variant		1	0	0	0	0	1	0	1	KN:ja535	Tameva saṃsī punadeva mātaliṃ,	
saṃvaccharikopi	potential_headword	particle (possible sandhi)	1	0	0	0	0	1	0	1	KN:mnd6	saṃvaccharikopi cavati marati antaradhāyati v…	
saṃvahati	potential_headword	verb (present 3sg)	1	0	0	0	0	1	0	1	KN:pe2	Sā ceva dhātu saṃvahati.	
saṃvantā	metrical_variant		1	0	0	0	0	1	0	1	KN:cnd23	…ho ca kasāvo ca moho ca vantā saṃvantā niddhantā pahīnā samucchinnā…	
saṃvejetabbaṃ	sandhi_ending		1	0	0	0	0	1	0	1	KN:mil7.4.8	…mahatā saṃvegabhayena mānasaṃ saṃvejetabbaṃ.	
saṃvesanaṃ	sandhi_ending		1	0	0	0	0	1	0	1	KN:ja547	sāyaṃ saṃvesanaṃ pati;	
saṃvibhajjañca	potential_headword	particle (possible sandhi)	1	0	0	0	0	1	0	1	KN:ja423	saṃvibhajjañca bhojanaṃ;	
saṃvidheti	potential_headword	verb (present 3sg)	1	0	0	0	0	1	0	1	KN:ja500	Yaṃ paṇḍito nipuṇaṃ saṃvidheti,	
saṃvidhetvāna	potential_headword	verb (present participle)	1	0	0	0	0	1	0	1	KN:ja546	Kammantaṃ saṃvidhetvāna,	
saṃviditvāna	potential_headword	verb (present participle)	1	0	0	0	0	1	0	1	KN:tha-ap407	Samayaṃ saṃviditvāna,	
saṃviruhantū	metrical_variant		1	0	0	0	0	1	0	1	KN:mil5.1.1	…mahāpathavī ‘sabbabījāni mayi saṃviruhantū’”ti?	
saṃviruhatī	metrical_variant		1	0	0	0	0	1	0	1	KN:mil5.1.6	…alale bījaṃ nipatitvā khippaṃ saṃviruhatī”ti.	
saṃviruheyyā	metrical_variant		1	0	0	0	0	1	0	1	KN:mil5.1.6	…e, nirupaghātaṃ bījaṃ khippaṃ saṃviruheyyā”ti.	
saṃviruḷhamhi	pronoun_verb_fusion	noun (loc sg)	1	0	0	0	0	1	0	1	KN:tha-ap447	saṃviruḷhamhi pādape;	
saṃvirūhanti	potential_headword	verb (present 3pl)	1	0	0	0	0	1	0	1	KN:ja412	Te rukkhā saṃvirūhanti,	
saṃvirūhati	potential_headword	verb (present 3sg)	1	0	0	0	0	1	0	1	KN:mil7.3.3	…ite khette ropitaṃ khippameva saṃvirūhati;	
saṃvisaṭṭhāva	potential_headword	particle (possible sandhi)	1	0	0	0	0	1	0	1	KN:tha-ap540	saṃvisaṭṭhāva rājino.	
saṃvitthatasamotthataṃ	sandhi_ending		1	0	0	0	0	1	0	1	KN:tha-ap183	saṃvitthatasamotthataṃ;	
saṃvāsamabhirocaye	potential_headword		1	0	0	0	0	1	0	1	KN:ja361	saṃvāsamabhirocaye.	
saṃvāsanāraho	potential_headword		1	0	0	0	0	1	0	1	KN:ja384	nāyaṃ saṃvāsanāraho”ti.	
saṃyamāni	potential_headword		1	0	0	0	0	1	0	1	KN:ja526	Aññā ca tassa saṃyamāni catasso,	
saṃyogī	metrical_variant		1	0	0	0	0	1	0	1	KN:pe8	…assa sannissito bhavati sakkā saṃyogī kusalaṃ gavesī, so kalyāṇamit…	
saṅgatyā	metrical_variant		1	0	0	0	0	1	0	1	KN:ja528	Udīraṇā ce saṅgatyā,	
saṅghasamayamanuppaviṭṭhatāyapi	long_compound	particle (possible sandhi)	1	0	0	0	0	1	0	1	KN:mil6.1.8	…raṇatopi dakkhiṇaṃ visodheti, saṅghasamayamanuppaviṭṭhatāyapi dakkhiṇaṃ visodheti, buddhadh…	
saṅgulā	metrical_variant		1	0	0	0	0	1	0	1	KN:tha-ap3	Saṅgulā maggurā ceva,	
saṅkalayitvā	metrical_variant	particle (possible sandhi)	1	0	0	0	0	1	0	1	KN:ne3	Ubhayaṃ saṅkalayitvā,	
saṅkhātajātīmaraṇohamasmi	pronoun_verb_fusion		1	0	0	0	0	1	0	1	KN:ja513	Saṅkhātajātīmaraṇohamasmi,	
saṅkuliyo	potential_headword		1	0	0	0	0	1	0	1	KN:ja547	Maṃsā pūvā saṅkuliyo,	
saṅkulyā	metrical_variant		1	0	0	0	0	1	0	1	KN:ja547	Saṅkulyā saguḷāni ca;	
saṇitabbaṃ	sandhi_ending		1	0	0	0	0	1	0	1	KN:mil7.8.1	…iyaṃ sāmaññe pāramiṃ patvā na saṇitabbaṃ, na tena māno karaṇīyo, na da…	
secako	potential_headword		1	0	0	0	0	1	0	1	KN:tha-ap92	saddasaññī ca secako;	
sedumaṃ	sandhi_ending		1	0	0	0	0	1	0	1	KN:ja360	Kathaṃ addakkhi sedumaṃ;	
seggu	potential_headword		1	0	0	0	0	1	0	1	KN:ja217	Akovidā gāmadhammassa seggu;	
sereyyakasseva	potential_headword	particle (possible sandhi)	1	0	0	0	0	1	0	1	KN:ja380	Mālā sereyyakasseva,	
sereyyakattherassāpadānaṃ	sandhi_ending	noun (gen pl)	1	0	0	0	0	1	0	1	KN:tha-ap123	Sereyyakattherassāpadānaṃ paṭhamaṃ.	
sereyyakaṃ	sandhi_ending		1	0	0	0	0	1	0	1	KN:tha-ap123	Sereyyakaṃ gahetvāna,	
sereyyo	potential_headword		1	0	0	0	0	1	0	1	KN:tha-ap202	sereyyo sobhito tathā;	
sesabhāgāni	potential_headword		1	0	0	0	0	1	0	1	KN:thi-ap17	Sesabhāgāni ḍayhiṃsu,	
setudo	potential_headword		1	0	0	0	0	1	0	1	KN:tha-ap472	Setudo tālavaṇṭī ca,	
sevasati	potential_headword	verb (present 3sg)	1	0	0	0	0	1	0	1	KN:pe5	Tanubhūtā gocarattavasā sevasati tīsu ratanesu anussati buddhā…	
seyha	potential_headword		1	0	0	0	0	1	0	1	KN:mil5.5.5	evaṃ seyha vijānahī’ti.	
seṭṭhikulajā	metrical_variant		1	0	0	0	0	1	0	1	KN:thi-ap37	Kāsīsu seṭṭhikulajā,	
sibyā	metrical_variant		1	0	0	0	0	1	0	1	KN:ja527	Cajāmi naṃ sabbajanassa sibyā,	
silāyupo	potential_headword		1	0	0	0	1	0	1	1	AN:an9.31	Sattapaññā silāyupo;	
sināyi	potential_headword		1	0	0	0	0	1	0	1	KN:tha-ap205	sināyi lokanāyako.	
sippaka	potential_headword		1	0	0	0	0	1	0	1	KN:ja110	Sukhakañca vata sippaka bāhiyā,	
sipāṭiphalake	potential_headword		1	0	0	0	0	1	0	1	KN:tha-ap393	Sipāṭiphalake sucī,	
sirivacchasaṃ	sandhi_ending		1	0	0	0	0	1	0	1	KN:tha-ap364	gotamaṃ sirivacchasaṃ;	
sirāvitatadehinī	metrical_variant		1	0	0	0	0	1	0	1	KN:thi-ap18	sirāvitatadehinī.	
sisati	potential_headword	verb (present 3sg)	1	0	0	0	0	1	0	1	KN:ja531	Asso ca sisati dvāre,	
siyyasi	potential_headword		1	0	0	0	0	1	0	1	KN:ja21	yaṃ tvaṃ sepaṇṇi siyyasi;	
siṅghāṭaṃ	sandhi_ending		1	0	0	0	0	1	0	1	KN:tha-ap8	Iddhipādañca siṅghāṭaṃ,	
siṅghāṭipattamākiṇṇā	metrical_variant		1	0	0	0	0	1	0	1	KN:tha-ap3	Siṅghāṭipattamākiṇṇā,	
siṅgila	potential_headword		1	0	0	0	0	1	0	1	KN:ja321	hatthapādā ca siṅgila;	
snehasaṅgathitā	metrical_variant		1	0	0	0	0	1	0	1	KN:ja440	Snehasaṅgathitā ganthā,	
snehayati	potential_headword	verb (present 3sg)	1	0	0	0	0	1	0	1	KN:mil5.1.9	…ittaṃ ekaggaṃ karoti, mānasaṃ snehayati, hāsaṃ janeti, garukaṃ karoti…	
snehānvayamivosadhā	metrical_variant		1	0	0	0	1	0	1	1	AN:an4.44	snehānvayamivosadhā”ti.	
sniddhā	metrical_variant		1	0	0	0	0	1	0	1	KN:tha-ap530	Mudukā maddavā sniddhā,	
sociyā	metrical_variant		1	0	0	0	0	1	0	1	KN:thi-ap17	Na sociyā paresaṃ sā,	
sogandhiyā	metrical_variant		1	0	0	0	0	1	0	1	KN:pv24	Tattha sogandhiyā vaggū,	
sohitthiyā	metrical_variant		1	0	0	0	0	1	0	1	KN:ja535	Sohitthiyā vā purisassa vā pana,	
sojaccaṃ	sandhi_ending		1	0	0	0	0	1	0	1	KN:ja200	sojaccaṃ sādhusīliyaṃ;	
sokasallite	potential_headword		1	0	0	0	0	1	0	1	KN:cp31	dukkhite sokasallite;	
sopagato	potential_headword		1	0	0	0	0	1	0	1	KN:tha-ap51	Tadā sopagato santo,	
sopaniyāhārīni	potential_headword		1	0	0	0	0	1	0	1	KN:pe8	Samādhindriyāni sopaniyāhārīni sabbasuttesu niddisitabbāni.	
sopavāhanaṃ	sandhi_ending		1	0	0	0	0	1	0	1	KN:ja523	sovaṇṇaṃ sopavāhanaṃ;	
sopavāhano	potential_headword		1	0	0	0	0	1	0	1	KN:ja523	sovaṇṇo sopavāhano;	
sopettha	potential_headword	verb (aorist 3sg)	1	0	0	0	0	1	0	1	KN:cp18	Sopettha mahiyā carati,	
sopādisesanibbānadhātuṃ	sandhi_ending	verb (aorist 3pl)	1	0	0	0	0	1	0	1	KN:pe5	Tatiyena pañhena sopādisesanibbānadhātuṃ pucchati.	
sosayuṃ	sandhi_ending	verb (aorist 3pl)	1	0	0	0	0	1	0	1	KN:ja490	Te sosayuṃ tassa karīsamaggaṃ.	
sosi	potential_headword		1	0	0	0	0	1	0	1	KN:ja423	Sosi patto sukhā dukkhaṃ,	
sosindo	potential_headword		1	0	0	0	0	1	0	1	KN:ja94	Sotatto sosindo ceva,	
sossi	potential_headword		1	0	0	0	0	1	0	1	KN:ja542	Sossi saddaṃ mudiṅgānaṃ,	
sotthiko	potential_headword		1	0	0	0	0	1	0	1	KN:bv23	Sotthiko ceva rambho ca,	
soṇḍāyūdakamāhatvā	metrical_variant	particle (possible sandhi)	1	0	0	0	0	1	0	1	KN:ja455	Soṇḍāyūdakamāhatvā,	
soṇṇakontaraṃ	sandhi_ending		1	0	0	0	0	1	0	1	KN:tha-ap432	labhāmi soṇṇakontaraṃ;	
soṇṇakontarikattherassāpadānaṃ	long_compound	noun (gen pl)	1	0	0	0	0	1	0	1	KN:tha-ap432	Soṇṇakontarikattherassāpadānaṃ dasamaṃ.	
soṇṇapokkharamāladhā	metrical_variant		1	0	0	0	0	1	0	1	KN:vv5	soṇṇapokkharamāladhā.	
soṇṇānano	potential_headword		1	0	0	0	0	1	0	1	KN:tha-ap552	Soṇṇānano jinavaro,	
subbhū	metrical_variant		1	0	0	0	0	1	0	1	KN:ja442	“Subbhū subhā suppaṭimukkakambu,	
subhūrisa	potential_headword		1	0	0	0	0	1	0	1	KN:ja454	Cakkavāka subhūrisa sotthi ghaṭoti.	
sudhābhihāsī	metrical_variant		1	0	0	0	0	1	0	1	KN:ja535	Sudhābhihāsī turito mahāmuni.	
sugambhiratthā	metrical_variant		1	0	0	0	0	1	0	1	KN:ja537	Sugambhiratthā varasāgarūpamā;	
sukatāveḷiyattherassāpadānaṃ	long_compound	noun (gen pl)	1	0	0	0	0	1	0	1	KN:tha-ap231	Sukatāveḷiyattherassāpadānaṃ navamaṃ.	
sukatāveḷiyo	potential_headword		1	0	0	0	0	1	0	1	KN:tha-ap231	Itthaṃ sudaṃ āyasmā sukatāveḷiyo thero imā gāthāyo abhāsitthāt…	
sukhaavipākinī	metrical_variant		1	0	0	0	0	1	0	1	KN:pe8	…āyati paro taṃ duyhati, no tu sukhaavipākinī bhavati.	
sukhameṭṭhabbaṃ	sandhi_ending		1	0	0	0	0	1	0	1	KN:ja407	Sabbesaṃ sukhameṭṭhabbaṃ,	
sukhapharaṇo	potential_headword		1	0	0	0	0	1	0	1	KN:ne21	…attha yo ca pītipharaṇo yo ca sukhapharaṇo yo ca cetopharaṇo, ayaṃ samat…	
sukhavacchite	potential_headword		1	0	0	0	0	1	0	1	KN:ja547	kumāre sukhavacchite;	
sukhañcetaṃdhivattatī	metrical_variant		1	0	0	0	1	0	1	1	AN:an4.31	sukhañcetaṃdhivattatī”ti.	
sumanāveḷiyattherassāpadānaṃ	long_compound	noun (gen pl)	1	0	0	0	0	1	0	1	KN:tha-ap330	Sumanāveḷiyattherassāpadānaṃ aṭṭhamaṃ.	
sumanāveḷiyo	potential_headword		1	0	0	0	0	1	0	1	KN:tha-ap330	Itthaṃ sudaṃ āyasmā sumanāveḷiyo thero imā gāthāyo abhāsitthāt…	
sumekhaliyasavhayo	potential_headword		1	0	0	0	0	1	0	1	KN:tha-ap111	sumekhaliyasavhayo;	
sumekhalo	potential_headword		1	0	0	0	0	1	0	1	KN:tha-ap8	Sumekhalo kosiyo ca,	
sumāniyo	potential_headword		1	0	0	0	0	1	0	1	KN:tha-ap551	saṃvisaṭṭho sumāniyo.	
sunibbeṭhiyo	potential_headword		1	0	0	0	0	1	0	1	KN:mil6.3.3	…buddhimantena vinā neso pañho sunibbeṭhiyo, lokikaṃ, bhante nāgasena, lo…	
supariṇāhavā	metrical_variant	particle (possible sandhi)	1	0	0	0	0	1	0	1	KN:ja511	kumbho supariṇāhavā;	
suppanā	metrical_variant		1	0	0	0	0	1	0	1	KN:mnd15	…dhaṃ suppaṃ pacalāyikā suppaṃ suppanā suppitattaṃ.	
supuṭī	metrical_variant		1	0	0	0	0	1	0	1	KN:tha-ap362	supuṭī mañcadāyako;	
supāricari	potential_headword		1	0	0	0	0	1	0	1	KN:tha-ap172	Supāricari kaṇaverī,	
surundhanan	sandhi_ending		1	0	0	0	0	1	0	1	KN:ja458	hitvā kāsiṃ surundhanan”ti.	
sutabbarūpaṃ	sandhi_ending		1	0	0	0	0	1	0	1	KN:vv64	Sabbehi viññūhi sutabbarūpaṃ.	
sutasomaarindhamarājavaro	potential_headword		1	0	0	0	0	1	0	1	KN:ja525	Sutasomaarindhamarājavaro.	
suttajālasamattitā	metrical_variant		1	0	0	0	0	1	0	1	KN:mil1	suttajālasamattitā;	
suvaṇṇabibbohaniyattherassāpadānaṃ	long_compound	noun (gen pl)	1	0	0	0	0	1	0	1	KN:tha-ap273	Suvaṇṇabibbohaniyattherassāpadānaṃ paṭhamaṃ.	
suvaṇṇabibbohaniyo	potential_headword		1	0	0	0	0	1	0	1	KN:tha-ap273	Itthaṃ sudaṃ āyasmā suvaṇṇabibbohaniyo thero imā gāthāyo abhāsitthāt…	
suvaṇṇenābhilepayiṃ	sandhi_ending		1	0	0	0	0	1	0	1	KN:tha-ap35	suvaṇṇenābhilepayiṃ.	
suvissattho	potential_headword		1	0	0	0	0	1	0	1	KN:mil5.5.7	…aho vata me bhagavā lokuttamo suvissattho’ti, tena tassa diṭṭhadhammiko…	
suviṃ	sandhi_ending		1	0	0	0	0	1	0	1	KN:ja542	“Suvova suviṃ kāmeyya,	
suṅkiyaṃ	sandhi_ending		1	0	0	0	0	1	0	1	KN:ja546	Patirūpaṃ paṭipajja suṅkiyaṃ;	
svajjevāhaṃ	sandhi_ending		1	0	0	0	0	1	0	1	KN:ja540	svajjevāhaṃ gato saye.	
svāgatañcevidaṃ	sandhi_ending		1	0	0	0	0	1	0	1	KN:ja533	“Svāgatañcevidaṃ bhavataṃ,	
svāsi	potential_headword		1	0	0	0	0	1	0	1	KN:ja82	Svāsi pāsāṇamāsīno,	
svāsīsado	potential_headword		1	0	0	0	1	0	1	1	AN:an5.55	Neso jano svāsīsado,	
sādhayiṃ	sandhi_ending		1	0	0	0	0	1	0	1	KN:tha-ap394	sabbakiccāni sādhayiṃ;	
sādhusīliyaṃ	sandhi_ending		1	0	0	0	0	1	0	1	KN:ja200	sojaccaṃ sādhusīliyaṃ;	
sāhamapacitatthadhammakusalaṃ	long_compound		1	0	0	0	0	1	0	1	KN:vv35	Sāhamapacitatthadhammakusalaṃ,	
sākhamakampayi	potential_headword		1	0	0	0	0	1	0	1	KN:ja416	yo taṃ sākhamakampayi.	
sākuḷā	metrical_variant		1	0	0	0	0	1	0	1	KN:tha-ap411	sākuḷā malavāḷakā;	
sālakusumiyattherassāpadānaṃ	long_compound	noun (gen pl)	1	0	0	0	0	1	0	1	KN:tha-ap463	Sālakusumiyattherassāpadānaṃ paṭhamaṃ.	
sālivīhiyavataṇḍulatilamuggamāsapubbaṇṇāparaṇṇasappitelanavanītakhīradadhimadhuguḷaphāṇitā	long_compound		1	0	0	0	0	1	0	1	KN:mil5.1.2	…araṇassa pahūtadhanadhaññassa sālivīhiyavataṇḍulatilamuggamāsapubbaṇṇāparaṇṇasappitelanavanītakhīradadhimadhuguḷaphāṇitā ca khaḷopikumbhipīṭharakoṭṭha…	
sāmaññamakiñcanassā	metrical_variant		1	0	0	0	0	1	0	1	KN:thag1.36	Etaṃ sāmaññamakiñcanassā”ti.	
sānūni	potential_headword		1	0	0	0	0	1	0	1	KN:ja356	Vikiriya sānūni ca pabbatāni ca,	
sārambhī	metrical_variant		1	0	0	0	0	1	0	1	KN:ja382	“Makkhī paḷāsī sārambhī,	
sārāṇiyaṃ	sandhi_ending		1	0	0	0	0	1	0	1	KN:ja456	Sārāṇiyaṃ vītisārayimha tattha;	
sātunnavasanā	metrical_variant		1	0	0	0	0	1	0	1	KN:pv26	Sātunnavasanā eke,	
sāvayuṃ	sandhi_ending	verb (aorist 3pl)	1	0	0	0	0	1	0	1	KN:cp24	pitu mātu ca sāvayuṃ;	
sāyarato	potential_headword		1	0	0	0	0	1	0	1	KN:thag16.5	Yathāssa sāyarato rasaṃ,	
sāḷiko	potential_headword		1	0	0	0	0	1	0	1	KN:ja542	sāḷiko pana sāḷikaṃ;	
sāḷiya	potential_headword	adj (-iya suffix)	1	0	0	0	0	1	0	1	KN:ja544	Sāḷiya nigghoso subho ratanavicitto;	
sāḷiyachāpoti	potential_headword	verb (present 3sg)	1	0	0	0	0	1	0	1	KN:ja367	“Yvāyaṃ sāḷiyachāpoti,	
sāḷiyamittavaro	potential_headword		1	0	0	0	0	1	0	1	KN:ja375	Sumukhā visa sāḷiyamittavaro;	
sāḷiyā	metrical_variant		1	0	0	0	0	1	0	1	KN:bv17	Sāḷiyā ca kaḷiyā ca,	
sāḷūrasaṅghañca	potential_headword	particle (possible sandhi)	1	0	0	0	0	1	0	1	KN:ja504	Sāḷūrasaṅghañca nisedhayitvā,	
sīhaseno	potential_headword		1	0	0	0	0	1	0	1	KN:mil3.1.1	…raseno’ti vā ‘vīraseno’ti vā ‘sīhaseno’ti vā, api ca kho, mahārāja,…	
sīhiniyopi	potential_headword	particle (possible sandhi)	1	0	0	0	0	1	0	1	KN:mil3.4.6	…aññasi, mahārāja, yā tā santi sīhiniyopi byagghiniyopi dīpiniyopi kukk…	
sīlānurakkhisan	sandhi_ending		1	0	0	0	0	1	0	1	KN:cp14	tasmā sīlānurakkhisan”ti.	
sītāvanubbatā	metrical_variant		1	0	0	0	0	1	0	1	KN:ja547	rāmaṃ sītāvanubbatā.	
sūdāni	potential_headword		1	0	0	0	0	1	0	1	KN:pv21	Tisahassāni sūdāni hi,	
sūnuddhumātasusiruttamaṅgo	long_compound		1	0	0	0	0	1	0	1	KN:mil6.4.2	…vā kisapharusakāḷaṅgapaccaṅgo sūnuddhumātasusiruttamaṅgo chāto pipāsito visamabhīmarūp…	
sūrāapaṭikkhepanalakkhaṇaṃ	long_compound		1	0	0	0	0	1	0	1	KN:pe6	Sūrāapaṭikkhepanalakkhaṇaṃ vīriyindriyaṃ, vīriyindriyāra…	
taccariko	potential_headword		1	0	0	0	0	1	0	1	KN:mnd16	…ekkhāyanabahulo vibhūtavihārī taccariko tabbahulo taggaruko tanninno…	
tadaggarayhañhi	potential_headword		1	0	0	0	0	1	0	1	KN:ja543	Tadaggarayhañhi vinindamāno,	
tadate	potential_headword		1	0	0	0	0	1	0	1	KN:ja499	Yadicchase tvaṃ tadate samijjhatu”.	
tadupadhāritabbaṃ	sandhi_ending		1	0	0	0	0	1	0	1	KN:pe5	…hāhi aniddiṭṭho attho bhavati tadupadhāritabbaṃ.	
tadupanibbaddhaṃ	sandhi_ending		1	0	0	0	0	1	0	1	KN:pe2	…ṭhapeti, adinnādānaṃ sabbañca tadupanibbaddhaṃ vācākammaṃ upaṭṭhapeti, musāv…	
taggamanasā	metrical_variant		1	0	0	0	0	1	0	1	KN:vv47	na taggamanasā satī.	
taggaramallikā	metrical_variant		1	0	0	0	0	1	0	1	KN:mil6.4.1	Na candanaṃ taggaramallikā vā;	
takkalā	metrical_variant		1	0	0	0	0	1	0	1	KN:ja446	“Na takkalā santi na āluvāni,	
tamajjhapatvā	metrical_variant	particle (possible sandhi)	1	0	0	0	0	1	0	1	KN:bv11	Tamajjhapatvā upanisīdi,	
tamaparamo	potential_headword		1	0	0	0	0	1	0	1	KN:pe8	So tamābhibhūto parāyano tamaparamo ceva bhavati.	
tamatthamaviññāpayeti	potential_headword	verb (present 3sg)	1	0	0	0	0	1	0	1	KN:pe2	…abhisamaggaratānaṃ sāvakānaṃ tamatthamaviññāpayeti netaṃ ṭhānaṃ vijjati.	
tammāka	potential_headword		1	0	0	0	0	1	0	1	KN:ja231	Tammāka vijjañca sutañca ādiya;	
tammūlaṃ	sandhi_ending		1	0	0	0	0	1	0	1	KN:thi-ap1	Tammūlaṃ sāsane khamaṃ;	
tamogadhan	sandhi_ending		1	0	0	0	0	1	0	1	KN:ud6.5	appatvāva tamogadhan”ti.	
tampajjubbhijjate	potential_headword		1	0	0	0	0	1	0	1	KN:bv2	Tampajjubbhijjate mahiyā,	
tamuttasāmā	pronoun_verb_fusion		1	0	0	0	0	1	0	1	KN:ja277	Ājīvikā tena tamuttasāmā”ti.	
tapanīpi	potential_headword	particle (possible sandhi)	1	0	0	0	0	1	0	1	KN:ja526	Tapanīpi te samitā brahmacārī;	
tathevīmassa	potential_headword	noun (gen sg)	1	0	0	0	0	1	0	1	KN:tha-ap397	Tathevīmassa ñāṇamhi,	
tatthako	potential_headword		1	0	0	0	0	1	0	1	KN:thig2.4	suṅko me tatthako ahu;	
tavadassanan	sandhi_ending		1	0	0	0	0	1	0	1	KN:ja395	Piyaṃ me tavadassanan”ti.	
tavamhasu	potential_headword		1	0	0	0	0	1	0	1	KN:ja533	hotu giddhi tavamhasu;	
tavañcaḷāra	potential_headword		1	0	0	0	0	1	0	1	KN:ja524	Nāgañca sutvāna tavañcaḷāra,	
taṇhamapanessantī	metrical_variant		1	0	0	0	0	1	0	1	KN:mil6.1.5	…vā kāmarūpārūpabhavesu sabbaṃ taṇhamapanessantī’ti.	
taṇhāgaddūlaṃ	sandhi_ending		1	0	0	0	0	1	0	1	KN:mnd1	…avisayo, taṇhānadī taṇhājālaṃ taṇhāgaddūlaṃ taṇhāsamuddo abhijjhā lobho a…	
taṇudhāre	potential_headword		1	0	0	0	0	1	0	1	KN:tha-ap393	Taṇudhāre sunisite,	
tebhipatthitaṃ	sandhi_ending		1	0	0	0	0	1	0	1	KN:thi-ap21	‘bhadde yaṃ tebhipatthitaṃ;	
temayituṃ	sandhi_ending	verb (aorist 3pl)	1	0	0	0	0	1	0	1	KN:mil5.4.6	…megho abhivassanto na sakkoti temayituṃ, neso, mahārāja, guṇo purisas…	
temayī	metrical_variant		1	0	0	0	0	1	0	1	KN:ja490	So temayī tassa karīsamaggaṃ.	
tepihaṃ	sandhi_ending		1	0	0	0	0	1	0	1	KN:ja465	Tepihaṃ upahiṃseyyaṃ,	
tepissa	potential_headword		1	0	0	0	0	1	0	1	KN:pe8	…yā uppajjeyyuṃ āsavā vighātā, tepissa na uppajjanti.	
tesaṭṭhimo	potential_headword		1	0	0	0	0	1	0	1	KN:ps1.1	Saccañāṇacatukkadvayaniddeso tesaṭṭhimo.	
tetālīse	potential_headword		1	0	0	0	0	1	0	1	KN:tha-ap117	Tetālīse ito kappe,	
tevaṃ	sandhi_ending		1	0	0	0	0	1	0	1	KN:ja547	yena tevaṃ vadāmahaṃ.	
teyye	potential_headword		1	0	0	0	0	1	0	1	KN:ja543	“Puttaṃ teyye na jānāma,	
thalūdajāni	potential_headword		1	0	0	0	0	1	0	1	KN:thi-ap30	Thalūdajāni pupphāni,	
thambhāni	potential_headword		1	0	0	0	0	1	0	1	KN:tha-ap394	Pañca thambhāni datvāna,	
thapanā	metrical_variant		1	0	0	0	0	1	0	1	KN:pe4	…hā pana duvidhā anurūpanti vā thapanā ca desanāthapanā.	
thomakekāsanacitakaṃ	sandhi_ending		1	0	0	0	0	1	0	1	KN:tha-ap262	Thomakekāsanacitakaṃ,	
thāmunā	metrical_variant		1	0	0	0	0	1	0	1	KN:ja538	kisā hāyanti thāmunā;	
ticampakapupphiyattherassāpadānaṃ	long_compound	noun (gen pl)	1	0	0	0	0	1	0	1	KN:tha-ap256	Ticampakapupphiyattherassāpadānaṃ catutthaṃ.	
ticampakapupphiyo	potential_headword		1	0	0	0	0	1	0	1	KN:tha-ap256	Itthaṃ sudaṃ āyasmā ticampakapupphiyo thero imā gāthāyo abhāsitthāt…	
tikaṇikārapupphiyattherassāpadānaṃ	long_compound	noun (gen pl)	1	0	0	0	0	1	0	1	KN:tha-ap503	Tikaṇikārapupphiyattherassāpadānaṃ paṭhamaṃ.	
tikaṇṇiko	potential_headword		1	0	0	0	0	1	0	1	KN:tha-ap192	ekacintī tikaṇṇiko;	
tikaṇṇipupphaṃ	sandhi_ending		1	0	0	0	0	1	0	1	KN:tha-ap190	Tikaṇṇipupphaṃ paggayha,	
tikaṇṇipupphiyattherassāpadānaṃ	long_compound	noun (gen pl)	1	0	0	0	0	1	0	1	KN:tha-ap190	Tikaṇṇipupphiyattherassāpadānaṃ aṭṭhamaṃ.	
tikaṇṇipupphiyo	potential_headword		1	0	0	0	0	1	0	1	KN:tha-ap190	Itthaṃ sudaṃ āyasmā tikaṇṇipupphiyo thero imā gāthāyo abhāsitthāt…	
tikiṅkaṇipupphiyattherassāpadānaṃ	long_compound	noun (gen pl)	1	0	0	0	0	1	0	1	KN:tha-ap493	Tikiṅkaṇipupphiyattherassāpadānaṃ paṭhamaṃ.	
tikiṅkaṇipupphiyo	potential_headword		1	0	0	0	0	1	0	1	KN:tha-ap493	Itthaṃ sudaṃ āyasmā tikiṅkaṇipupphiyo thero imā gāthāyo abhāsitthāt…	
tikiṅkaṇipūjakattherassāpadānaṃ	long_compound	noun (gen pl)	1	0	0	0	0	1	0	1	KN:tha-ap346	Tikiṅkaṇipūjakattherassāpadānaṃ catutthaṃ.	
tikiṅkaṇipūjako	potential_headword		1	0	0	0	0	1	0	1	KN:tha-ap346	Itthaṃ sudaṃ āyasmā tikiṅkaṇipūjako thero imā gāthāyo abhāsitthāt…	
timajjhikā	metrical_variant		1	0	0	0	0	1	0	1	KN:tha-ap411	kuñjavāsī timajjhikā;	
timiranaṅgalīpuppha	potential_headword		1	0	0	0	0	1	0	1	KN:tha-ap92	Timiranaṅgalīpuppha,	
tindukekañjalī	metrical_variant		1	0	0	0	0	1	0	1	KN:tha-ap352	tindukekañjalī tathā;	
tipabbagaṇṭhiparisuddhassa	long_compound	noun (gen sg)	1	0	0	0	0	1	0	1	KN:mil5.1.2	Yathā, mahārāja, vaṃsanāḷassa tipabbagaṇṭhiparisuddhassa upari sākhājaṭājaṭitassa ākaḍ…	
tipabbaṃ	sandhi_ending		1	0	0	0	0	1	0	1	KN:mil5.1.2	…aṭitassa ākaḍḍhiyantassa yāva tipabbaṃ tāva lahukaṃ eti, tato upari…	
tipadumiyattherassāpadānaṃ	long_compound	noun (gen pl)	1	0	0	0	0	1	0	1	KN:tha-ap82	Tipadumiyattherassāpadānaṃ dasamaṃ.	
tipadumiyo	potential_headword		1	0	0	0	0	1	0	1	KN:tha-ap82	Itthaṃ sudaṃ āyasmā tipadumiyo thero imā gāthāyo abhāsitthāt…	
tipadumānidaṃ	sandhi_ending		1	0	0	0	0	1	0	1	KN:tha-ap82	tipadumānidaṃ phalaṃ.	
tipadumī	metrical_variant		1	0	0	0	0	1	0	1	KN:tha-ap82	Ṭhitañjalī tipadumī,	
tipañcarattūpagatamhi	pronoun_verb_fusion	noun (loc sg)	1	0	0	0	0	1	0	1	KN:ja466	“Tipañcarattūpagatamhi cande,	
tipāṭihīre	potential_headword		1	0	0	0	0	1	0	1	KN:bv1	Tipāṭihīre bhagavā vasī ahu;	
tiriṭaṃ	sandhi_ending		1	0	0	0	0	1	0	1	KN:ja260	Tiriṭaṃ puna dūtavarena dasāti.	
tiriṭī	metrical_variant		1	0	0	0	0	1	0	1	KN:ja511	“Mālī tiriṭī kāyūrī,	
tirīṭino	potential_headword		1	0	0	0	0	1	0	1	KN:ja333	sannaddhassa tirīṭino;	
tirīṭissa	potential_headword		1	0	0	0	0	1	0	1	KN:ja527	Dhītā tirīṭissa vilaggamajjhā;	
tisampadā	metrical_variant		1	0	0	0	0	1	0	1	KN:tha-ap82	anubhosiṃ tisampadā.	
tisūlakontimantehi	potential_headword	noun (inst pl)	1	0	0	0	0	1	0	1	KN:tha-ap410	Tisūlakontimantehi ca,	
titikkhisaṃ	sandhi_ending		1	0	0	0	0	1	0	1	KN:ja531	pahu dukkhaṃ titikkhisaṃ;	
titikkhituṃ	sandhi_ending	verb (aorist 3pl)	1	0	0	0	0	1	0	1	KN:ja522	“Sakkā ubhinnaṃ vacanaṃ titikkhituṃ,	
tittiraṃvātivassitan	sandhi_ending		1	0	0	0	0	1	0	1	KN:ja117	tittiraṃvātivassitan”ti.	
tivaṇṭi	potential_headword		1	0	0	0	0	1	0	1	KN:tha-ap192	Ekacārī tivaṇṭi ca,	
tivaṇṭipupphiyattherassāpadānaṃ	long_compound	noun (gen pl)	1	0	0	0	0	1	0	1	KN:tha-ap192	Tivaṇṭipupphiyattherassāpadānaṃ dasamaṃ.	
tivaṇṭipupphiyo	potential_headword		1	0	0	0	0	1	0	1	KN:tha-ap192	Itthaṃ sudaṃ āyasmā tivaṇṭipupphiyo thero imā gāthāyo abhāsitthāt…	
tiṇado	potential_headword		1	0	0	0	0	1	0	1	KN:tha-ap532	Tiṇado mañcado ceva,	
tiṇaparighāsaṃ	sandhi_ending		1	0	0	0	0	1	0	1	KN:ja254	“Bhutvā tiṇaparighāsaṃ,	
tiṇasūlakachādaniyattherassāpadānaṃ	long_compound	noun (gen pl)	1	0	0	0	0	1	0	1	KN:tha-ap415	Tiṇasūlakachādaniyattherassāpadānaṃ tatiyaṃ.	
tiṇasūlakachādaniyo	potential_headword		1	0	0	0	0	1	0	1	KN:tha-ap415	Itthaṃ sudaṃ āyasmā tiṇasūlakachādaniyo thero imā gāthāyo abhāsitthāt…	
tiṇasūlo	potential_headword		1	0	0	0	0	1	0	1	KN:tha-ap422	tiṇasūlo ca maṃsado;	
tomarabhiṇḍivālā	metrical_variant		1	0	0	0	0	1	0	1	KN:ja545	Sattī usū tomarabhiṇḍivālā,	
tomarāni	potential_headword		1	0	0	0	0	1	0	1	KN:ja503	sattiyo tomarāni ca;	
tulayitun	sandhi_ending		1	0	0	0	0	1	0	1	KN:mil3.4.2	…pana, mahārāja, loṇaṃ tulāya tulayitun”ti?	
tumbaka	potential_headword		1	0	0	0	0	1	0	1	KN:tha-ap393	1.8.29. Tumbaka-karaṇḍa	
tuvaradāyakattherassāpadānaṃ	long_compound	noun (gen pl)	1	0	0	0	0	1	0	1	KN:tha-ap243	Tuvaradāyakattherassāpadānaṃ paṭhamaṃ.	
tuvaradāyako	potential_headword		1	0	0	0	0	1	0	1	KN:tha-ap243	Itthaṃ sudaṃ āyasmā tuvaradāyako thero imā gāthāyo abhāsitthāt…	
tuvaramādāya	potential_headword	noun (dat sg)	1	0	0	0	0	1	0	1	KN:tha-ap243	Bharitvā tuvaramādāya,	
tuvaranāganaḷinā	metrical_variant		1	0	0	0	0	1	0	1	KN:tha-ap252	Tuvaranāganaḷinā,	
tuvarassa	potential_headword	noun (gen sg)	1	0	0	0	0	1	0	1	KN:tha-ap243	tuvarassa idaṃ phalaṃ.	
tuvaraṃ	sandhi_ending		1	0	0	0	0	1	0	1	KN:tha-ap302	Tuvaraṃ thomako ceva,	
tuviyaṃ	sandhi_ending		1	0	0	0	0	1	0	1	KN:ja513	Aparādhitohaṃ tuviyaṃ sarāmi;	
tuṇḍikā	metrical_variant		1	0	0	0	0	1	0	1	KN:tha-ap410	Otārā tuṇḍikā ceva,	
tuṇḍilako	potential_headword		1	0	0	0	0	1	0	1	KN:ja395	Atha passa sasūci ca tuṇḍilako,	
tuṇḍilamanupucchiṃ	sandhi_ending		1	0	0	0	0	1	0	1	KN:ja481	“Kimevahaṃ tuṇḍilamanupucchiṃ,	
tvevaṃ	sandhi_ending		1	0	0	0	0	1	0	1	KN:ja533	Api tvevaṃ gate kāle,	
tyamhaṃ	sandhi_ending		1	0	0	0	0	1	0	1	KN:ja547	Tyamhaṃ tattha ramessanti,	
tyāgato	potential_headword		1	0	0	0	0	1	0	1	KN:ja214	So tyāgato handa ca bhuñja brāhmaṇa”.	
tyāhamatrajo	potential_headword		1	0	0	0	0	1	0	1	KN:ja455	āgato tyāhamatrajo;	
tyāmhā	pronoun_verb_fusion		1	0	0	0	0	1	0	1	KN:ja533	Pattā nissaṃsayaṃ tyāmhā,	
tyānupucchāmi	potential_headword	verb (present 1sg)	1	0	0	0	0	1	0	1	KN:ja540	Āturo tyānupucchāmi,	
tyāssūni	potential_headword		1	0	0	0	0	1	0	1	KN:ja465	Kena tyāssūni vattanti,	
tālavaṇṭī	metrical_variant		1	0	0	0	0	1	0	1	KN:tha-ap472	Setudo tālavaṇṭī ca,	
tālisā	metrical_variant		1	0	0	0	0	1	0	1	KN:ja547	tālisā ca piyaṅgukā;	
tānayiṃ	sandhi_ending		1	0	0	0	0	1	0	1	KN:ja444	Yaṃ tānayiṃ ñātikulā sugatte;	
tārayituṃ	sandhi_ending	verb (aorist 3pl)	1	0	0	0	0	1	0	1	KN:mil6.1.2	Ussahate tārayituṃ,	
tātabhinikkha	potential_headword		1	0	0	0	0	1	0	1	KN:thig16.1	Ajjeva tātabhinikkha-	
tāvadūraphale	potential_headword		1	0	0	0	0	1	0	1	KN:tha-ap8	tāvadūraphale sati;	
tāyatebhāvavasūpanitaṃ	sandhi_ending		1	0	0	0	0	1	0	1	KN:ja452	Na tāyatebhāvavasūpanitaṃ,	
tāyiddhiyā	metrical_variant		1	0	0	0	0	1	0	1	KN:ja452	Tāyiddhiyā dakkhasi maṃ punāpi”.	
tāyu	potential_headword		1	0	0	0	0	1	0	1	KN:ja494	“Na tāyu khīṇaṃ maraṇañca dūre,	
tīhūnakaṃ	sandhi_ending		1	0	0	0	0	1	0	1	KN:ja504	Tīhūnakaṃ sattasatāni ludda,	
tīṇiyojanaso	potential_headword		1	0	0	0	0	1	0	1	KN:bv22	tīṇiyojanaso pabhā.	
tūrasahassāni	potential_headword		1	0	0	0	0	1	0	1	KN:tha-ap8	Saṭṭhi tūrasahassāni,	
tūresu	potential_headword	noun (loc pl)	1	0	0	0	0	1	0	1	KN:tha-ap4	Vajjamānesu tūresu,	
tūrāni	potential_headword		1	0	0	0	0	1	0	1	KN:tha-ap4	devā tūrāni vajjayuṃ;	
tūṇiñca	potential_headword	particle (possible sandhi)	1	0	0	0	0	1	0	1	KN:ja514	Ādāya tūṇiñca dhanuñca luddo;	
ubbariyāpihaṃ	sandhi_ending		1	0	0	0	0	1	0	1	KN:ja517	Ubbariyāpihaṃ ayye,	
ubbattiyantepi	potential_headword	particle (possible sandhi)	1	0	0	0	0	1	0	1	KN:mil5.1.1	“Ubbattiyantepi, bhante, sadevake loke patamā…	
ubbejayitabbaṃ	sandhi_ending		1	0	0	0	0	1	0	1	KN:mil7.4.6	…abbabhavapaṭisandhīsu mānasaṃ ubbejayitabbaṃ, assādo na kātabbo.	
ubbijī	metrical_variant		1	0	0	0	0	1	0	1	KN:ja540	Taṃ disvā ubbijī sāma,	
ucchanno	potential_headword		1	0	0	0	0	1	0	1	KN:mnd2	…bhisaṅkhārehi channo vichanno ucchanno āvuto nivuto ovuto pihito paṭ…	
ucchedanī	metrical_variant		1	0	0	0	0	1	0	1	KN:ja512	Ucchedanī vittavataṃ kulānaṃ,	
ucchedī	metrical_variant		1	0	0	0	0	1	0	1	KN:ja528	Pubbekatī ca ucchedī,	
ucchukhaṇḍī	metrical_variant		1	0	0	0	0	1	0	1	KN:tha-ap442	Thaviko ucchukhaṇḍī ca,	
ucchādaye	potential_headword		1	0	0	0	0	1	0	1	KN:ja546	Ucchādaye ca nhāpaye,	
udaddhari	potential_headword		1	0	0	0	0	1	0	1	KN:ja28	garuṃ bhāraṃ udaddhari;	
udadhūpamo	potential_headword		1	0	0	0	0	1	0	1	KN:tha-ap394	Udadhūpamo mahāvīro,	
udaggihuttaṃ	sandhi_ending		1	0	0	0	0	1	0	1	KN:ja535	“Udaggihuttaṃ upatiṭṭhato hi me,	
udagāhiniṃ	sandhi_ending		1	0	0	0	0	1	0	1	KN:bv2	paluggaṃ udagāhiniṃ;	
udakado	potential_headword		1	0	0	0	0	1	0	1	KN:tha-ap112	Muṭṭhipupphī udakado,	
udakasālatopi	potential_headword	particle (possible sandhi)	1	1	0	0	0	0	1	1	DN:dn16	Udakasālatopi abbhunnamitvā bhagavato citak…	
udakehaṃ	sandhi_ending		1	0	0	0	0	1	0	1	KN:tha-ap40	Udakehaṃ na miyyāmi,	
udapatvā	metrical_variant	particle (possible sandhi)	1	0	0	0	0	1	0	1	KN:ja529	udapatvā vihaṅgamo;	
udapānado	potential_headword		1	0	0	0	0	1	0	1	KN:tha-ap182	rattiko udapānado;	
udassaye	potential_headword		1	0	0	0	0	1	0	1	KN:ja513	Yamajja rajjamhi udassaye tuvaṃ,	
udattho	potential_headword		1	0	0	0	0	1	0	1	KN:ne4	Taṇhācarito udattho samādhindriyena dukkhāya paṭi…	
udatto	potential_headword		1	0	0	0	0	1	0	1	KN:ne4	Diṭṭhicarito udatto paññindriyena sukhāya paṭipad…	
udatārayī	metrical_variant		1	0	0	0	0	1	0	1	KN:ja535	Taṃ suplavatthaṃ udatārayī rathaṃ,	
udaṇhasamayaṃ	sandhi_ending		1	0	0	0	0	1	0	1	KN:ja523	udaṇhasamayaṃ pati;	
udaṭṭhāsi	potential_headword		1	0	0	0	0	1	0	1	KN:ja531	“Tassā mātā udaṭṭhāsi,	
uddhambhāgiyesu	potential_headword	noun (loc pl)	1	0	0	0	0	1	0	1	KN:pe4	…hāgiyānaṃ saṃyojanānaṃ atthaṃ uddhambhāgiyesu niddisati.	
uddhitabhattova	potential_headword	particle (possible sandhi)	1	0	0	0	0	1	0	1	KN:ja273	“Ko nu uddhitabhattova,	
uddhālakā	metrical_variant		1	0	0	0	0	1	0	1	KN:tha-ap3	Uddhālakā ca kuṭajā,	
uddiyāni	potential_headword		1	0	0	0	0	1	0	1	KN:ja493	uddiyāni ca kambalā;	
udetayañ	potential_headword		1	0	0	0	0	1	0	1	KN:ja159	“Udetayañ cakkhumā ekarājā,	
uducitaṃ	sandhi_ending		1	0	0	0	0	1	0	1	KN:ps1.3	Imehi soḷasahi ākārehi uducitaṃ cittaṃ samuducitaṃ cittaṃ eka…	
udukkhalaṃbhikaṅkhati	potential_headword	verb (present 3sg)	1	0	0	0	0	1	0	1	KN:ja289	udukkhalaṃbhikaṅkhati.	
uggamī	metrical_variant		1	0	0	0	0	1	0	1	KN:tha-ap49	vehāsaṃ uggamī jino.	
ugghaṭanā	metrical_variant		1	0	0	0	0	1	0	1	KN:ne4	Tattha ugghaṭanā ādi, vipañcanā majjhe, vitthā…	
ugghaṭīyanto	potential_headword		1	0	0	0	0	1	0	1	KN:ne4	Soyaṃ dhammavinayo ugghaṭīyanto ugghaṭitaññūpuggalaṃ vineti,…	
ugghātinigghāti	potential_headword		1	0	0	0	0	1	0	1	KN:mnd13	…ṃ hoti, anunayapaṭighaṃ hoti, ugghātinigghāti hoti, anurodhavirodho hoti.	
uggīvañcāpi	potential_headword	particle (possible sandhi)	1	0	0	0	0	1	0	1	KN:ja547	uggīvañcāpi aṃsato.	
uhannaṃ	sandhi_ending		1	0	0	0	0	1	0	1	KN:ja175	Aggihuttañca uhannaṃ,	
uhuṅkārā	metrical_variant		1	0	0	0	0	1	0	1	KN:ja547	uhuṅkārā ca kukkuhā;	
ujjhāpetvāna	potential_headword	verb (present participle)	1	0	0	0	0	1	0	1	KN:ja543	Ujjhāpetvāna bhūtāni,	
ujjhāyantiha	potential_headword		1	0	0	0	0	1	0	1	KN:tha-ap546	ujjhāyantiha bhikkhavo.	
ujjālayitvāna	potential_headword	verb (present participle)	1	0	0	0	0	1	0	1	KN:ja547	Aggiṃ ujjālayitvāna,	
ujjālayī	metrical_variant		1	0	0	0	0	1	0	1	KN:tha-ap403	aggiṃ ujjālayī jino;	
ujjālesiṃ	sandhi_ending		1	0	0	0	0	1	0	1	KN:tha-ap403	ujjālesiṃ ahaṃ tadā;	
ukhā	potential_headword		1	0	0	0	0	1	0	1	KN:thi-ap27	Ukhā āniya taṃ annaṃ,	
ukkalessanti	potential_headword	verb (present 3pl)	1	0	0	0	0	1	0	1	KN:mil5.2.1	‘ukkalessanti nu kho mama sāvakā mayā vissa…	
ukkhipito	potential_headword		1	0	0	0	0	1	0	1	KN:ja544	“Yañño kira me ukkhipito,	
ukkuṭī	metrical_variant		1	0	0	0	0	1	0	1	KN:tha-ap87	sirasā ukkuṭī ahaṃ.	
ukkācanā	metrical_variant		1	0	0	0	0	1	0	1	KN:mnd14	…ullapanā unnahanā samunnahanā ukkācanā samukkācanā anupiyabhāṇitā cā…	
ullaṅghati	potential_headword	verb (present 3sg)	1	0	0	0	0	1	0	1	KN:ja536	…a pathaviṃ vilikhati, dārakaṃ ullaṅghati ullaṅghāpeti, kīḷati kīḷāpeti…	
ullaṅghāpeti	potential_headword	verb (present 3sg)	1	0	0	0	0	1	0	1	KN:ja536	…vilikhati, dārakaṃ ullaṅghati ullaṅghāpeti, kīḷati kīḷāpeti, cumbati cum…	
ulluḷitaṃ	sandhi_ending		1	0	0	0	0	1	0	1	KN:ja547	Uddāpavattaṃ ulluḷitaṃ,	
umhayamānā	metrical_variant		1	0	0	0	0	1	0	1	KN:ja531	Yadā umhayamānā maṃ,	
umhāyeyya	potential_headword	verb (optative)	1	0	0	0	0	1	0	1	KN:ja531	umhāyeyya pabhāvatī.	
ummadantyā	metrical_variant		1	0	0	0	0	1	0	1	KN:ja527	Rañño mano ummadantyā niviṭṭho,	
ummujjanimujjāni	potential_headword		1	0	0	0	0	1	0	1	KN:ne36	…irayatiracchānayonipetāsuresu ummujjanimujjāni karontā ugghātanigghātaṃ pacc…	
ummādantyā	metrical_variant		1	0	0	0	0	1	0	1	KN:ja527	Ummādantyā ramitvāna,	
ummīlitanimīlitanettanayano	long_compound		1	0	0	0	0	1	0	1	KN:mil6.4.2	…hīmarūpavaṇṇo bhaggakaṇṇasoto ummīlitanimīlitanettanayano arugattapakkagatto pulavākiṇṇ…	
ummīlitvā	metrical_variant	particle (possible sandhi)	1	0	0	0	0	1	0	1	KN:ja517	ummīlitvā udikkhati;	
unnahanā	metrical_variant		1	0	0	0	0	1	0	1	KN:mnd14	…allapanā ullapanā samullapanā unnahanā samunnahanā ukkācanā samukkāc…	
upabhottuṃ	sandhi_ending	verb (aorist 3pl)	1	0	0	0	0	1	0	1	KN:ja533	Dānatthaṃ upabhottuṃ vā,	
upabhuñjimhā	metrical_variant		1	0	0	0	0	1	0	1	KN:ja430	“Phalassa upabhuñjimhā,	
upaccāpi	potential_headword	particle (possible sandhi)	1	0	0	0	0	1	0	1	KN:pe2	upaccāpi palāyataṃ”.	
upacelā	metrical_variant		1	0	0	0	0	1	0	1	KN:tha-ap15	upacelā catujjanā.	
upadisitvā	metrical_variant	particle (possible sandhi)	1	0	0	0	0	1	0	1	KN:mil5.2.5	Idhekaccaṃ puggalaṃ upadisitvā uddissa bhojanaṃ paṭiyattaṃ h…	
upadisiyati	potential_headword	verb (present 3sg)	1	0	0	0	0	1	0	1	KN:pe4	Yo yo ca dhammo upadisiyati kusalo vā akusalo vā so apaka…	
upaghaṭakā	metrical_variant		1	0	0	0	0	1	0	1	KN:pe5	Tattha nāmaniddeso upaghaṭakā vatthuniddeso vevacanaṃ vatth…	
upaghaṭanā	metrical_variant		1	0	0	0	0	1	0	1	KN:pe5	…hūnaṃ vattato pahātabbo, ayaṃ upaghaṭanā.	
upaghātuṃ	sandhi_ending	verb (aorist 3pl)	1	0	0	0	0	1	0	1	KN:ja532	Upaghātuṃ labhe nandaṃ,	
upajjitvā	metrical_variant	particle (possible sandhi)	1	0	0	0	0	1	0	1	KN:thag20.1	Upajjitvā nirujjhanti,	
upajotiyo	potential_headword		1	0	0	0	0	1	0	1	KN:ja497	“Kvettha gatā upajotiyo ca,	
upakkhandhamhā	pronoun_verb_fusion		1	0	0	0	0	1	0	1	KN:ja475	Issassa upakkhandhamhā,	
upakūthito	potential_headword		1	0	0	0	0	1	0	1	KN:ja198	Mummure upakūthito”ti.	
upalabbhituṃ	sandhi_ending	verb (aorist 3pl)	1	0	0	0	0	1	0	1	KN:pe5	Upalabbhituṃ na attho niddisitabbo vatthut…	
upanibandhitabbaṃ	sandhi_ending		1	0	0	0	0	1	0	1	KN:mil7.7.8	…acarena ārammaṇesuyeva cittaṃ upanibandhitabbaṃ.	
upanissaja	potential_headword		1	0	0	0	0	1	0	1	KN:ja532	mametaṃ upanissaja;	
upanitehi	potential_headword	noun (inst pl)	1	0	0	0	0	1	0	1	KN:tha-ap82	rañño upanitehi me;	
upanītatte	potential_headword		1	0	0	0	0	1	0	1	KN:ja544	Disvāna bhātare upanītatte;	
upaparikkhayā	metrical_variant		1	0	0	0	0	1	0	1	KN:iti99	aggi upaparikkhayā;	
upaparikkhiyati	potential_headword	verb (present 3sg)	1	0	0	0	0	1	0	1	KN:pe4	…dhammehi pubbāparaso sādhukaṃ upaparikkhiyati.	
upapādayi	potential_headword		1	0	0	0	0	1	0	1	KN:ja533	kammunā upapādayi;	
upapāditaṃ	sandhi_ending		1	0	0	0	0	1	0	1	KN:ja238	khantiyā upapāditaṃ;	
uparodati	potential_headword	verb (present 3sg)	1	0	0	0	0	1	0	1	KN:ja531	kumāro uparodati;	
uparuci	potential_headword		1	0	0	0	0	1	0	1	KN:tha-ap94	Ruci uparuci ceva,	
uparūḷhesu	potential_headword	noun (loc pl)	1	0	0	0	0	1	0	1	KN:ja499	uparūḷhesu cakkhusu;	
upasami	potential_headword		1	0	0	0	0	1	0	1	KN:mil5.3.3	…‘evamimassa kulaputtassa māno upasamissati, mānūpasamā abhisamayo b…	
upasampadāyī	metrical_variant		1	0	0	0	0	1	0	1	KN:tha-ap558	Upasampadāyī buddho,	
upasamphuse	potential_headword		1	0	0	0	0	1	0	1	KN:ja531	pāṇīhi upasamphuse”.	
upaseniye	potential_headword		1	0	0	0	0	1	0	1	KN:ja539	“Kumārike upaseniye,	
upasoṇo	potential_headword		1	0	0	0	0	1	0	1	KN:bv4	Soṇo ca upasoṇo ca,	
upasoṇā	metrical_variant		1	0	0	0	0	1	0	1	KN:bv6	Soṇā ca upasoṇā ca,	
upasālakanāmohaṃ	pronoun_verb_fusion		1	0	0	0	0	1	0	1	KN:tha-ap299	“Upasālakanāmohaṃ,	
upasālo	potential_headword		1	0	0	0	0	1	0	1	KN:bv10	Sālo ca upasālo ca,	
upasāḷakanāmāni	potential_headword		1	0	0	0	0	1	0	1	KN:ja166	“Upasāḷakanāmāni,	
upatitthaṃ	sandhi_ending		1	0	0	0	0	1	0	1	KN:tha-ap432	Upatitthaṃ samāpannaṃ,	
upavesayuṃ	sandhi_ending	verb (aorist 3pl)	1	0	0	0	0	1	0	1	KN:ja547	ucchaṅge upavesayuṃ.	
upavāhano	potential_headword		1	0	0	0	0	1	0	1	KN:tha-ap563	sivako upavāhano;	
upavāyitvā	metrical_variant	particle (possible sandhi)	1	0	0	0	0	1	0	1	KN:mil5.1.1	…adhurasantasukhumamettāvātena upavāyitvā anupādisesāya nibbānadhātuyā…	
upaḍahito	potential_headword		1	0	0	0	0	1	0	1	KN:mil6.3.2	…ndho jalamāno aññena kaṭṭhena upaḍahito bhiyyoso mattāya jaleyya;	
upekkhindriyasamuṭṭhitan	sandhi_ending		1	0	0	0	0	1	0	1	KN:ps1.1	…ndriyasamuṭṭhitaṃ, idaṃ rūpaṃ upekkhindriyasamuṭṭhitan”ti.	
upekkhāpalipubbāparanimittāsayo	long_compound		1	0	0	0	0	1	0	1	KN:pe8	…aṃ samathaṃ pavatte samādhino upekkhāpalipubbāparanimittāsayo paggāhino satibalaṃ taṃ pavat…	
uppalī	metrical_variant		1	0	0	0	0	1	0	1	KN:tha-ap382	Bodhi pāṭali uppalī,	
uppatte	potential_headword		1	0	0	0	0	1	0	1	KN:thi-ap31	Uppatte ca kate kamme,	
uppetha	potential_headword		1	0	0	0	0	1	0	1	KN:ja538	Ekaṃ sūlasmiṃ uppetha,	
upphāsulikatā	metrical_variant		1	0	0	0	0	1	0	1	KN:thi-ap18	upphāsulikatā kisā;	
upphāsuliko	potential_headword		1	0	0	0	0	1	0	1	KN:pv19	Upphāsuliko kisiko,	
upphāsulikā	metrical_variant		1	0	0	0	0	1	0	1	KN:pv45	Upphāsulikā kisikā,	
upādīyati	potential_headword	verb (present 3sg)	1	0	0	0	0	1	0	1	KN:ps1.1	catūhi upādānehi upādīyati lokasannivāsoti—	
upāhanāni	potential_headword		1	0	0	0	0	1	0	1	KN:ja442	Paṭipādayī saṅkha upāhanāni,	
upānayāmi	potential_headword	verb (present 1sg)	1	0	0	0	0	1	0	1	KN:ja511	Upānayāmi sītasmiṃ,	
upāraddhasmā	metrical_variant		1	0	0	0	1	0	1	1	AN:an10.116	…atitthiyā upāraddhāva jānanti upāraddhasmā”ti.	
upārameyyaṃ	sandhi_ending	verb (optative)	1	0	0	0	0	1	0	1	KN:ja537	Sohaṃ kathaṃ etto upārameyyaṃ,	
upāsato	potential_headword		1	0	0	0	0	1	0	1	KN:ja534	adanāni upāsato;	
upāsitvāna	potential_headword	verb (present participle)	1	0	0	0	0	1	0	1	KN:tha-ap300	Upāsitvāna sambuddhaṃ,	
upāyaso	potential_headword		1	0	0	0	0	1	0	1	KN:ja420	Dhammena ñāyena upāyaso nayaṃ;	
urajā	metrical_variant		1	0	0	0	0	1	0	1	KN:ja523	Duvidhā jātā urajā,	
ussīdanaṃ	sandhi_ending		1	0	0	0	0	1	0	1	KN:pe2	…ārimañca tīraṃ thale vā na ca ussīdanaṃ, majjhe ca na saṃsīdanaṃ manu…	
ussīsamhi	pronoun_verb_fusion	noun (loc sg)	1	0	0	0	0	1	0	1	KN:tha-ap3	ussīsamhi karomahaṃ.	
ussīsanti	potential_headword	verb (present 3pl)	1	0	0	0	0	1	0	1	KN:tha-ap24	ussīsanti dhajā sadā.	
ussīyanti	potential_headword	verb (present 3pl)	1	0	0	0	0	1	0	1	KN:tha-ap562	ussīyanti dhajā sadā.	
usīnaka	potential_headword		1	0	0	0	0	1	0	1	KN:ja469	usīnaka bhavissati;	
uttalambaṭakī	metrical_variant		1	0	0	0	0	1	0	1	KN:tha-ap452	Uttalambaṭakī ceva,	
uttalimālaṃ	sandhi_ending		1	0	0	0	0	1	0	1	KN:tha-ap447	Uttalimālaṃ paggayha,	
uttalipupphiyattherassāpadānaṃ	long_compound	noun (gen pl)	1	0	0	0	0	1	0	1	KN:tha-ap447	Uttalipupphiyattherassāpadānaṃ pañcamaṃ.	
uttalipupphiyo	potential_headword		1	0	0	0	0	1	0	1	KN:tha-ap447	Itthaṃ sudaṃ āyasmā uttalipupphiyo thero imā gāthāyo abhāsitthāt…	
uttalī	metrical_variant		1	0	0	0	0	1	0	1	KN:tha-ap3	uttalī bandhujīvakā;	
uttarenamukhaṃ	sandhi_ending		1	0	1	0	0	0	1	1	MN:mn95	…amitvā saṅghasaṅghī gaṇībhūte uttarenamukhaṃ yena devavanaṃ sālavanaṃ tenu…	
uttilo	potential_headword		1	0	0	0	0	1	0	1	KN:pe4	Yathā paṭhamo uttilo yesamidāni kilesānaṃ ye ariya…	
uttānīākāsi	potential_headword		1	0	0	0	0	1	0	1	KN:cnd21	…esi paṭṭhapesi vivari vibhaji uttānīākāsi pakāsesīti—	
uttārayiṃ	sandhi_ending		1	0	0	0	0	1	0	1	KN:tha-ap206	Uttārayiṃ bhikkhusaṅghaṃ,	
uḍḍetuṃ	sandhi_ending	verb (aorist 3pl)	1	0	0	0	0	1	0	1	KN:ja534	Muttopi na icchi uḍḍetuṃ,	
uṇhamabhijaneti	potential_headword	verb (present 3sg)	1	0	0	0	0	1	0	1	KN:mil7.4.3	…ejo anunayappaṭighavippamutto uṇhamabhijaneti;	
uṭṭhahitabbaṃ	sandhi_ending		1	0	0	0	0	1	0	1	KN:mil7.4.9	…etabbaṃ, hāsamabhijanetabbaṃ, uṭṭhahitabbaṃ ghaṭitabbaṃ vāyamitabbaṃ.	
vacanaṅkaro	potential_headword		1	0	0	0	0	1	0	1	KN:ja499	sīviko vacanaṅkaro;	
vacchito	potential_headword		1	0	0	0	0	1	0	1	KN:ja410	allasiṅgaṃva vacchito;	
vadantibhi	potential_headword		1	0	0	0	0	1	0	1	KN:ja229	Vividhā vināditā vadantibhi;	
vadhitabbo	potential_headword		1	0	0	0	0	1	0	1	KN:mil6.3.3	…vañcanaṃ karoti, so daṇḍāraho vadhitabbo chettabbo bhettabbo hantabbo’…	
vaggaḷā	metrical_variant		1	0	0	0	0	1	0	1	KN:tha-ap3	Vaggaḷā papatāyantā,	
vajantyā	metrical_variant		1	0	0	0	0	1	0	1	KN:ja498	vajantyā khīrapāyito;	
vajjayuṃ	sandhi_ending	verb (aorist 3pl)	1	0	0	0	0	1	0	1	KN:tha-ap4	devā tūrāni vajjayuṃ;	
vajjhayitvāna	potential_headword	verb (present participle)	1	0	0	0	0	1	0	1	KN:ja547	Siro te vajjhayitvāna,	
vakkhā	metrical_variant		1	0	0	0	0	1	0	1	KN:ja346	santi vakkhā manoramā;	
valabhiyo	potential_headword		1	0	0	0	0	1	0	1	KN:ja546	Sataṃ valabhiyo puṇṇā,	
vamitabbaṃ	sandhi_ending		1	0	0	0	0	1	0	1	KN:mil7.8.2	…ṃ uppannaṃ ñāṇaṃ, na puna taṃ vamitabbaṃ.	
vamitabbo	potential_headword		1	0	0	0	0	1	0	1	KN:mil7.8.2	…iṃ uppanno pasādo, na puna so vamitabbo ‘uḷāro so bhagavā sammāsambud…	
vanakoraṇḍi	potential_headword		1	0	0	0	0	1	0	1	KN:tha-ap462	Akkami vanakoraṇḍi,	
vanamoggayha	potential_headword		1	0	0	0	0	1	0	1	KN:thag16.7	Jhāyati vanamoggayha,	
vanappatiniñca	potential_headword	particle (possible sandhi)	1	0	0	0	0	1	0	1	KN:ja535	Nabhañca selañca vanappatiniñca,	
vanditva	potential_headword	particle (possible sandhi)	1	0	0	0	0	1	0	1	KN:cp23	sajanaṃ vanditva khattiyaṃ;	
vanibbino	potential_headword		1	0	0	0	0	1	0	1	KN:ja393	aññassa vā vanibbino;	
vappitaṃ	sandhi_ending		1	0	0	0	0	1	0	1	KN:tha-ap518	Sukhette vappitaṃ bījaṃ,	
varamayācisaṃ	sandhi_ending		1	0	0	0	0	1	0	1	KN:cp9	ekaṃ varamayācisaṃ.	
varamābhijeti	potential_headword	verb (present 3sg)	1	0	0	0	0	1	0	1	KN:ja546	“Ko nīdha raññaṃ varamābhijeti,	
varapātimokkhiyo	potential_headword		1	0	0	0	0	1	0	1	KN:mil3.1.9	Yo sīlakkhandho varapātimokkhiyo’”ti.	
variṃ	sandhi_ending		1	0	0	0	0	1	0	1	KN:tha-ap393	buddhaseṭṭhaṃ variṃ ahaṃ;	
vasesi	potential_headword		1	0	0	0	0	1	0	1	KN:ja543	yaṃ vasesi mamantike;	
vastaṃ	sandhi_ending		1	0	0	0	0	1	0	1	KN:ja386	vastaṃ bāloti paṇḍitā;	
vasulo	potential_headword		1	0	0	0	0	1	0	1	KN:ja544	vasulo sammukhā rañño;	
vatamābhirocayi	potential_headword		1	0	0	0	0	1	0	1	KN:vv64	Kaṃ dhammacariyaṃ vatamābhirocayi.	
vavacchinnā	metrical_variant		1	0	0	0	0	1	0	1	KN:pe6	Vavacchinnā hi cakkhudhātu.	
vayanā	metrical_variant		1	0	0	0	0	1	0	1	KN:ja547	Vāraṇā vayanā rukkhā,	
vaṃsadharo	potential_headword		1	0	0	0	0	1	0	1	KN:mil5.3.1	…mahārāja, ‘bhikkhu sikkhāpako vaṃsadharo’ti arahati upāsako sotāpanno…	
vaṃsakānane	potential_headword		1	0	0	0	0	1	0	1	KN:ja448	Senaṃ yathā kukkuṭo vaṃsakānane”ti.	
vaṇḍī	metrical_variant		1	0	0	0	0	1	0	1	KN:bv11	Indāvarī ca vaṇḍī ca,	
vaṭṭaṅguliyo	potential_headword		1	0	0	0	0	1	0	1	KN:vv64	Vaṭṭaṅguliyo sumukhā sudassanā,	
vaṭṭīni	potential_headword		1	0	0	0	0	1	0	1	KN:thi-ap27	vaṭṭīni ca sahassaso.	
vebhaṅgo	potential_headword		1	0	0	0	0	1	0	1	KN:ja505	Bhesajjasseva vebhaṅgo,	
vedabbaṃ	sandhi_ending		1	0	0	0	0	1	0	1	KN:ja48	Cetā haniṃsu vedabbaṃ,	
vegenabhikkamma	potential_headword		1	0	0	0	0	1	0	1	KN:ja533	So ca vegenabhikkamma,	
vekatikavekatikaṃ	sandhi_ending		1	0	0	0	0	1	0	1	KN:mil6.1.9	…paṭikkhipitvā udakaṃ tāpetvā vekatikavekatikaṃ paribhuñjanti, te tumhe garah…	
vellālino	potential_headword		1	0	0	0	0	1	0	1	KN:ja542	Vellālino vītamalā,	
vepulamābhirūhi	potential_headword		1	0	0	0	0	1	0	1	KN:ja546	So puṇṇako vepulamābhirūhi,	
vetabbaṃ	sandhi_ending		1	0	0	0	0	1	0	1	KN:ja538	Appakaṃ hoti vetabbaṃ,	
vetaraññe	potential_headword		1	0	0	0	0	1	0	1	KN:ja545	Vetaraññe anālambe,	
vetaṇḍī	metrical_variant		1	0	0	0	0	1	0	1	KN:mil4.1	Bhassappavādo vetaṇḍī,	
vetravatī	metrical_variant		1	0	0	0	0	1	0	1	KN:mil5.1.4	…sarabhū mahī sindhu sarassatī vetravatī vītaṃsā candabhāgāti, avasesā…	
vetāḷino	potential_headword		1	0	0	0	0	1	0	1	KN:tha-ap411	Vetāḷino kumbhathūnī,	
veḷuka	potential_headword		1	0	0	0	0	1	0	1	KN:ja50	Tathā veḷuka eḷamūgo rohiṇī;	
veḷuriyūpanīlā	metrical_variant		1	0	0	0	0	1	0	1	KN:ja524	Anāvakulā veḷuriyūpanīlā,	
veṭambhinīti	potential_headword		1	0	0	0	0	1	0	1	KN:tha-ap291	“Veṭambhinīti me nāmaṃ,	
vibaddhā	metrical_variant		1	0	0	0	0	1	0	1	KN:mnd2	manosampadāya baddhā, vibaddhā ābaddhā laggā laggitā palibad…	
vibandharajjubhi	potential_headword		1	0	0	0	0	1	0	1	KN:ja530	Vikkhambhamādāya vibandharajjubhi,	
vibhavite	potential_headword		1	0	0	0	0	1	0	1	KN:mnd11	Kismiṃ vibhūte vibhavite atikkante samatikkante vītiva…	
vibhijjitaṃ	sandhi_ending		1	0	0	0	0	1	0	1	KN:ja210	uttamaṅgaṃ vibhijjitaṃ”.	
vibhiṃsikā	metrical_variant		1	0	0	0	0	1	0	1	KN:ja347	Mahatī sā vibhiṃsikā”ti.	
vibhogā	metrical_variant		1	0	0	0	0	1	0	1	KN:thi-ap18	Adassanena vibhogā,	
vibhīṭakā	metrical_variant		1	0	0	0	0	1	0	1	KN:ja209	assakaṇṇā vibhīṭakā;	
vibodhento	potential_headword		1	0	0	0	0	1	0	1	KN:tha-ap546	Vacanena vibodhento,	
viccinamaggahesi	potential_headword		1	0	0	0	0	1	0	1	KN:ja546	Rājā kaliṃ viccinamaggahesi,	
viccutā	metrical_variant		1	0	0	0	0	1	0	1	KN:ja535	Karonti heke puna viccutā tayā.	
vicetabbaṃ	sandhi_ending		1	0	0	0	0	1	0	1	KN:ne6	…ñheti padaso pariyogāhitabbaṃ vicetabbaṃ?	
vichanno	potential_headword		1	0	0	0	0	1	0	1	KN:mnd2	…bbākusalābhisaṅkhārehi channo vichanno ucchanno āvuto nivuto ovuto p…	
vicicca	potential_headword	particle (possible sandhi)	1	0	0	0	0	1	0	1	KN:mil6.3.2	…itvā nisinno vivicceva kāmehi vicicca akusalehi dhammehi savitakkaṃ…	
vicikoḷi	potential_headword		1	0	0	0	0	1	0	1	KN:bv17	Vicikoḷi nāma nārī,	
vicinitabbā	metrical_variant		1	0	0	0	0	1	0	1	KN:pe4	…hīyanti, udāhu nappahīyantīti vicinitabbā.	
vicinitabbāni	potential_headword		1	0	0	0	0	1	0	1	KN:mil7.6.1	…kkhena bhavitabbaṃ, na kulāni vicinitabbāni, na pubbagehaṃ hitvā kulāni u…	
viciniyati	potential_headword	verb (present 3sg)	1	0	0	0	0	1	0	1	KN:pe8	…ārammaṇaṃ anusaye viññāṇamiti viciniyati yujjati na ca ceteti na ca pa…	
vicintayanto	potential_headword		1	0	0	0	0	1	0	1	KN:ja546	So tattha gantvāna vicintayanto,	
vicintikā	metrical_variant		1	0	0	0	0	1	0	1	KN:ja419	lahuṃ atthaṃ vicintikā.	
vicitrasaṃvane	potential_headword		1	0	0	0	0	1	0	1	KN:vv64	Gandhabbatūriyāni vicitrasaṃvane.	
vicittamalyavitatā	metrical_variant		1	0	0	0	0	1	0	1	KN:tha-ap1	Vicittamalyavitatā,	
viciyantaṃ	sandhi_ending		1	0	0	0	0	1	0	1	KN:pe8	…viññāṇaṭṭhitiṃ na gavesanti, viciyantaṃ yujjati.	
vicālaye	potential_headword		1	0	0	0	0	1	0	1	KN:pe2	samāgataṃ vicālaye;	
vidadhāti	potential_headword		1	0	0	0	0	1	0	1	KN:ja500	“Na sippametaṃ vidadhāti bhogaṃ,	
vidaṃsayantī	metrical_variant		1	0	0	0	0	1	0	1	KN:ja526	Vidaṃsayantī aṅgāni,	
vidaṃsayaṃ	sandhi_ending		1	0	0	0	0	1	0	1	KN:ja528	sukkadāṭhaṃ vidaṃsayaṃ;	
vidaṃsitaṃ	sandhi_ending		1	0	0	0	0	1	0	1	KN:mil5.1.1	…o gambhīro uttānīkato, guyhaṃ vidaṃsitaṃ, gaṇṭhi bhinno, gahanaṃ agaha…	
viddhaṃsiyati	potential_headword	verb (present 3sg)	1	0	0	0	0	1	0	1	KN:pe8	…cittaṃ akusalehi dhammehi na viddhaṃsiyati, ayaṃ suttattho.	
viddhaṃstaṃ	sandhi_ending		1	0	0	0	0	1	0	1	KN:ja539	viddhaṃstaṃ vinaḷīkataṃ;	
vidhaṃsetvā	metrical_variant	particle (possible sandhi)	1	0	0	0	0	1	0	1	KN:mil6.1.5	…irasseva vikiritvā vidhamitvā vidhaṃsetvā asaṇṭhahitvā anupalimpitvā hī…	
vidhunitabbā	metrical_variant		1	0	0	0	0	1	0	1	KN:mil7.5.10	…ā ñāṇena saṅkhārā odhunitabbā vidhunitabbā, yogāvacarakīḷā kīḷitabbā.	
vidhūmitā	metrical_variant		1	0	0	0	0	1	0	1	KN:cnd7	…antāpā sabbākusalābhisaṅkhārā vidhūmitā vidhamitā sositā visositā bya…	
vidhūtalato	potential_headword		1	0	0	0	0	1	0	1	KN:ne37	Laddhaṃ vimuttacittamhi vidhūtalato”ti.	
vidicca	potential_headword	particle (possible sandhi)	1	0	0	0	0	1	0	1	KN:pv11	Ye te vidicca adhigamma bhoge,	
vidusampavaṇṇitaṃ	sandhi_ending		1	0	0	0	0	1	0	1	KN:ja535	Dassāmi dānaṃ vidusampavaṇṇitaṃ;	
vigatathinamiddhataṃ	sandhi_ending		1	0	1	0	0	0	1	1	MN:mn4	Etamahaṃ, brāhmaṇa, vigatathinamiddhataṃ attani sampassamāno bhiyyo pa…	
vigaḷanti	potential_headword	verb (present 3pl)	1	0	0	0	0	1	0	1	KN:mil6.1.5	…sāsā vālaggavedhaṃ avisahantā vigaḷanti pakkamanti.	
vigaḷitvā	metrical_variant	particle (possible sandhi)	1	0	0	0	0	1	0	1	KN:mil6.1.5	…jjhituṃ avisahantā jinasāsanā vigaḷitvā pakkamitvā na cirasseva hīnāy…	
vigetu	potential_headword	verb (imperative)	1	0	0	0	0	1	0	1	KN:ja537	Idaṃ te sutvāna vigetu chando,	
vigāhaya	potential_headword		1	0	0	0	0	1	0	1	KN:ja547	vanasaṇḍaṃ vigāhaya;	
vihiyyasi	potential_headword		1	0	0	0	0	1	0	1	KN:ja547	eko rājā vihiyyasi.	
vihiyyati	potential_headword	verb (present 3sg)	1	0	0	0	0	1	0	1	KN:ja272	yogakkhemo vihiyyati;	
viiti	potential_headword		1	0	0	0	0	1	0	1	KN:pe6	Atha vā viiti upasaggo passanāti attho tasm…	
vijanayiṃ	sandhi_ending		1	0	0	0	0	1	0	1	KN:tha-ap8	Dhammevaṃ vijanayiṃ ahaṃ.	
vijigucchase	potential_headword		1	0	0	0	0	1	0	1	KN:ja503	kiṃ nu tvaṃ vijigucchase”.	
vijiritaṃ	sandhi_ending		1	0	0	0	0	1	0	1	KN:tha-ap540	Khemaṃ vijiritaṃ katvā,	
vijjalantā	metrical_variant		1	0	0	0	0	1	0	1	KN:tha-ap2	Dīpā parattha idha vijjalantā,	
vijjayāti	potential_headword		1	0	0	0	1	0	1	1	AN:an10.10	jhānaṃ santena vijjayāti.	
vijānisaṃ	sandhi_ending		1	0	0	0	0	1	0	1	KN:vv41	Maggaṃ adesayi yato vijānisaṃ.	
vikandantiyo	potential_headword		1	0	0	0	0	1	0	1	KN:ja525	Yaṃ no vikandantiyo,	
vikassamānaṃ	sandhi_ending	noun (gen pl)	1	0	0	0	0	1	0	1	KN:ja545	Kākolasaṅghehi vikassamānaṃ;	
vikatthanī	metrical_variant		1	0	0	0	0	1	0	1	KN:ja536	Vāṇijova vikatthanī;	
vikaṇṇakako	potential_headword		1	0	0	0	0	1	0	1	KN:ja240	Varupāhana khujja vikaṇṇakako,	
vikkandi	potential_headword		1	0	0	0	0	1	0	1	KN:ja547	Vikkandi so vippanaṭṭho,	
vikkhālayiṃ	sandhi_ending		1	0	0	0	0	1	0	1	KN:tha-ap8	dose vikkhālayiṃ ahaṃ.	
vikkhāyitakasaññā	metrical_variant		1	0	0	0	0	1	0	1	KN:mil6.4.1	…pubbakasaññā vicchiddakasaññā vikkhāyitakasaññā vikkhittakasaññā hatavikkhitt…	
vikkosamānā	metrical_variant		1	0	0	0	0	1	0	1	KN:ja547	Vikkosamānā tibbāhi,	
vikkulāvā	metrical_variant	particle (possible sandhi)	1	0	0	0	0	1	0	1	KN:ja31	Māme dijā vikkulāvā ahesun”ti.	
vikuddho	potential_headword		1	0	0	0	0	1	0	1	KN:ja531	Vikuddho tyasmi kalyāṇi,	
vilaggitaṃ	sandhi_ending		1	0	0	0	0	1	0	1	KN:tha-ap346	dumaggamhi vilaggitaṃ.	
vilajjati	potential_headword	verb (present 3sg)	1	0	0	0	0	1	0	1	KN:ja536	…jambhati, vinamati, vilasati, vilajjati, nakhena nakhaṃ ghaṭṭeti, pād…	
vilakkhaṇaṃ	sandhi_ending		1	0	0	0	0	1	0	1	KN:mil7.6.9	…a, yogino cittaṃ ñāye carati, vilakkhaṇaṃ vivajjeti, salakkhaṇaṃ bhāvet…	
vilakkhaṇo	potential_headword		1	0	0	0	0	1	0	1	KN:ne17	Yena yena vā pana vilakkhaṇo, tena tena vemattaṃ gacchati.	
vilañcanā	metrical_variant		1	0	0	0	0	1	0	1	KN:pe6	Yo cetaso vilekho alañcanā vilañcanā hadayalekho vippaṭisāro, idaṃ…	
vilokano	potential_headword		1	0	0	0	0	1	0	1	KN:tha-ap127	Rājā vilokano nāma,	
vilokayi	potential_headword		1	0	0	0	0	1	0	1	KN:tha-ap127	disā sabbā vilokayi;	
viluttāvī	metrical_variant		1	0	0	0	0	1	0	1	KN:tha-ap411	Ājīvakā viluttāvī,	
vimado	potential_headword		1	0	0	0	0	1	0	1	KN:ja523	Vimado tīhi vassehi,	
vimatoyeva	potential_headword	particle (possible sandhi)	1	0	0	0	0	1	0	1	KN:ja533	Tato so vimatoyeva,	
vimuttirasamasecanan	sandhi_ending		1	0	0	0	0	1	0	1	KN:mil7.6.8	Vimuttirasamasecanan’”ti.	
vimānaye	potential_headword		1	0	0	0	0	1	0	1	KN:ja519	Sammānaye maṃ na ca maṃ vimānaye,	
vinadī	metrical_variant		1	0	0	0	0	1	0	1	KN:tha-ap536	vinadī karuṇaṃ giraṃ.	
vinilañca	potential_headword	particle (possible sandhi)	1	0	0	0	0	1	0	1	KN:thi-ap25	Uddhumātaṃ vinilañca,	
vinindāmi	potential_headword	verb (present 1sg)	1	0	0	0	0	1	0	1	KN:ja268	“Nāhaṃ tumhe vinindāmi,	
vinitā	metrical_variant		1	0	0	0	0	1	0	1	KN:thig16.1	Bahussutā buddhasāsane vinitā;	
vinivattayuṃ	sandhi_ending	verb (aorist 3pl)	1	0	0	0	0	1	0	1	KN:tha-ap394	ekato vinivattayuṃ.	
vinodayiṃ	sandhi_ending		1	0	0	0	0	1	0	1	KN:tha-ap394	tamaṃ sabbaṃ vinodayiṃ;	
vinoditabbaṃ	sandhi_ending		1	0	0	0	0	1	0	1	KN:cnd15	…ṃ vā muñcitabbaṃ vijahitabbaṃ vinoditabbaṃ byantīkātabbaṃ anabhāvaṃ game…	
vinīla	potential_headword		1	0	0	0	0	1	0	1	KN:ja160	“Vinīla duggaṃ bhajasi,	
vinīlaṃ	sandhi_ending		1	0	0	0	0	1	0	1	KN:ja160	Suhanuttama mora vinīlaṃ dasā”ti.	
vipaccagā	metrical_variant		1	0	0	0	0	1	0	1	KN:pe2	…ṭṭhivassasahassāni, yathārūpī vipaccagā.	
vipallāsitaṃ	sandhi_ending		1	0	0	0	0	1	0	1	KN:pe6	…pallāso ca, yena paṭipakkhena vipallāsitaṃ gaṇhāti?	
vipalāyiṃsu	potential_headword	verb (aorist 3pl)	1	0	0	0	0	1	0	1	KN:ja531	Khattiyā vipalāyiṃsu,	
vipanthapaṭipannaṃ	sandhi_ending		1	0	0	0	0	1	0	1	KN:mil5.1.3	…ṃ tathāgato paṭisotaṃ pāpesi, vipanthapaṭipannaṃ devadattaṃ panthe paṭipādesi,…	
vipariyattaṃ	sandhi_ending		1	0	0	0	0	1	0	1	KN:ja534	Cittaṃ nu te vipariyattaṃ,	
vipañcanā	metrical_variant		1	0	0	0	0	1	0	1	KN:ne4	Tattha ugghaṭanā ādi, vipañcanā majjhe, vitthāraṇā pariyosāna…	
vipañcayati	potential_headword	verb (present 3sg)	1	0	0	0	0	1	0	1	KN:ne4	…eti, byañjanehi ca ākārehi ca vipañcayati, niruttīhi ca niddesehi ca vi…	
vipañcīyanto	potential_headword		1	0	0	0	0	1	0	1	KN:ne4	Vipañcīyanto vipañcitaññūpuggalaṃ vineti,…	
vipaṇenti	potential_headword	verb (present 3pl)	1	0	0	0	0	1	0	1	KN:ja495	vipaṇenti janādhipa.	
vippaṭicchannā	metrical_variant		1	0	0	0	0	1	0	1	KN:pe6	…assa kāye subhādhimuttassa ca vippaṭicchannā asubhasaññā na upaṭṭhāti.	
vippaṭijānāti	potential_headword		1	0	0	0	0	1	0	1	KN:pe8	…pakkameyya, so āyasmā imasmiṃ vippaṭijānāti dve pajāni paṭijānāti cittabh…	
vippālentu	potential_headword	particle (possible sandhi)	1	0	0	0	0	1	0	1	KN:ja547	Vippālentu ca cāpāni,	
vipulapphalesinan	sandhi_ending		1	0	0	0	0	1	0	1	KN:vv64	Puññatthikānaṃ vipulapphalesinan”ti.	
vipurisādhivacanakusalo	potential_headword		1	0	0	0	0	1	0	1	KN:pe5	…ti, purisādhivacanakusalo ca, vipurisādhivacanakusalo ca, atītādhivacanakusalo ca,…	
vipurisādhivacanena	potential_headword	noun (inst sg)	1	0	0	0	0	1	0	1	KN:pe5	…dhivacanena purisādhivacanena vipurisādhivacanena sabbaṃ yathāsuttaṃ niddiṭṭhaṃ…	
viputto	potential_headword		1	0	0	0	0	1	0	1	KN:ja520	viputto vippasukkhatu;	
viputtā	metrical_variant		1	0	0	0	0	1	0	1	KN:ja520	viputtā paridhāvati”.	
virandhamesī	metrical_variant		1	0	0	0	0	1	0	1	KN:mnd8	Randhamesīti virandhamesī aparaddhamesī khalitamesī gaḷ…	
virecanīyaṃ	sandhi_ending		1	0	0	0	0	1	0	1	KN:mil5.3.3	…asaṅkamati, vamanīyaṃ vameti, virecanīyaṃ vireceti, anulepanīyaṃ anulim…	
virecayiṃ	sandhi_ending		1	0	0	0	0	1	0	1	KN:tha-ap392	seṭṭhiputtaṃ virecayiṃ;	
vireko	potential_headword		1	0	0	0	0	1	0	1	KN:mil5.1.8	…anno, kāye abhisanne jīvakena vireko kārito, vātābādhe uppanne upa…	
virodhiyā	metrical_variant		1	0	0	0	0	1	0	1	KN:tha-ap8	tasmā te na virodhiyā.	
virohano	potential_headword		1	0	0	0	0	1	0	1	KN:tha-ap198	pādapānaṃ virohano.	
virosakā	metrical_variant		1	0	0	0	0	1	0	1	KN:ja541	“Ye kecime kāraṇikā virosakā,	
virādhāya	potential_headword	noun (dat sg)	1	0	0	0	0	1	0	1	KN:pv11	Sukhaṃ virādhāya dukkhajja pattā”ti.	
virājayi	potential_headword		1	0	0	0	0	1	0	1	KN:ja507	kāmarāgaṃ virājayi;	
visajjitabbaṃ	sandhi_ending		1	0	0	0	0	1	0	1	KN:ne5	Evaṃ pucchitabbaṃ, evaṃ visajjitabbaṃ.	
visajjāmahaṃ	sandhi_ending		1	0	0	0	0	1	0	1	KN:ja546	Mitto mamāsī visajjāmahaṃ taṃ,	
visinitvā	metrical_variant	particle (possible sandhi)	1	0	0	0	0	1	0	1	KN:mnd1	Neva saṃsibbati na ussineti, visinitvā ṭhito.	
vissajessati	potential_headword	verb (present 3sg)	1	0	0	0	0	1	0	1	KN:snp5.1	Vācāya vissajessati”.	
visucikāya	potential_headword	noun (dat sg)	1	0	0	0	0	1	0	1	KN:mnd2	visucikāya …	
vitaniyyati	potential_headword	verb (present 3sg)	1	0	0	0	0	1	0	1	KN:ja542	pathabyā vitaniyyati;	
vitatāvane	potential_headword		1	0	0	0	0	1	0	1	KN:snp2.5	Māluvāva vitatāvane.	
vitihāraṃ	sandhi_ending		1	0	0	0	0	1	0	1	KN:ja471	Vitihāraṃ aññamaññabhojanānaṃ;	
vitosesi	potential_headword		1	0	0	0	0	1	0	1	KN:cnd21	Tosesīti tosesi vitosesi pasādesi ārādhesi attamane ak…	
vitositā	metrical_variant		1	0	0	0	0	1	0	1	KN:cnd21	Tositāti tositā vitositā pasāditā ārādhitā attamanā ka…	
vituriyati	potential_headword	verb (present 3sg)	1	0	0	0	0	1	0	1	KN:ja514	Vituriyati sattagirī brahante,	
vivano	potential_headword		1	0	0	0	0	1	0	1	KN:cnd22	Tasmā buddho avano vivano nibbano vanāpagato vanavippah…	
vivaṭṭaṭṭho	potential_headword		1	0	0	0	0	1	0	1	KN:pe6	…o, asambhajanaṭṭho gatapaṭṭho vivaṭṭaṭṭho, ayaṃ suññaṭṭho.	
viveciyamānena	potential_headword	noun (inst sg)	1	0	0	0	0	1	0	1	KN:ne37	…amannāgataṃ kalyāṇamittaṃ api viveciyamānena paṇāmiyamānena gale pisanamaj…	
viviccaṃ	sandhi_ending		1	0	0	0	0	1	0	1	KN:ja536	…caṃ bhāsati, aviccaṃ bhāsati, viviccaṃ bhāsati, naccena gītena vādit…	
vivādapathāni	potential_headword		1	0	0	0	0	1	0	1	KN:mil7.7.10	…iti evarūpāni ceva aññāni ca vivādapathāni apanetvā saṅkhārānaṃ sabhāvaṃ…	
viyeti	potential_headword	verb (present 3sg)	1	0	0	0	0	1	0	1	KN:ja476	Disvā panekassa viyeti chando;	
viññattimāpajjatī	metrical_variant		1	0	0	0	0	1	0	1	KN:mil5.5.9	…bhūmimanusāsati, na ca kenaci viññattimāpajjatī”ti.	
viññāpayī	metrical_variant		1	0	0	0	0	1	0	1	KN:pv27	So ca viññāpayī theraṃ,	
viḍayhase	potential_headword		1	0	0	0	0	1	0	1	KN:ja230	Viḍayhase na hi labhase nisedhakaṃ;	
viṇāmokkhā	metrical_variant		1	0	0	0	0	1	0	1	KN:vv18	viṇāmokkhā ca nāriyo.	
voccayan	sandhi_ending		1	0	0	1	0	0	1	1	SN:sn1.35	paṭiggaṇhāmi voccayan”ti.	
vokirati	potential_headword	verb (present 3sg)	1	0	0	0	0	1	0	1	KN:pe8	…imittāni na jhānanimittasaññā vokirati.	
volokayate	potential_headword		1	0	0	0	0	1	0	1	KN:ne3	Manasā volokayate,	
vopasaggā	metrical_variant		1	0	0	0	0	1	0	1	KN:pe8	…somanasikāro ca kusalā dhammā vopasaggā ca, ime dve paccayā.	
vudakatthiko	potential_headword		1	0	0	0	0	1	0	1	KN:ja528	rahadaṃ vudakatthiko.	
vuddhasāsanan	sandhi_ending		1	0	0	0	0	1	0	1	KN:ja381	akatvā vuddhasāsanan”ti.	
vuddhimajaniṃ	sandhi_ending		1	0	0	0	0	1	0	1	KN:tha-ap532	Sotūnaṃ vuddhimajaniṃ,	
vuddhāpacāyikan	sandhi_ending		1	0	0	0	0	1	0	1	KN:ja455	sadā vuddhāpacāyikan”ti.	
vupasamo	potential_headword		1	0	0	0	0	1	0	1	KN:thag19.1	Makkhappahānaṃ vupasamo dukhassa’;	
vupatthambha	potential_headword		1	0	0	0	0	1	0	1	KN:ja488	Kismiṃ vupatthambha sahassanetta,	
vuḍḍhabyassa	potential_headword	noun (gen sg)	1	0	0	0	0	1	0	1	KN:ja200	vuḍḍhabyassa namo kare;	
vuḍḍhabyaṃ	sandhi_ending		1	0	0	0	0	1	0	1	KN:ja200	“Sarīradabyaṃ vuḍḍhabyaṃ,	
vuḍḍhasāsanan	sandhi_ending		1	0	0	0	0	1	0	1	KN:ja427	akatvā vuḍḍhasāsanan”ti.	
vuṭṭhapetvāna	potential_headword	verb (present participle)	1	0	0	0	0	1	0	1	KN:ja547	vuṭṭhapetvāna seniyo;	
vuṭṭhiveparamā	metrical_variant		1	0	0	0	0	1	0	1	KN:ne37	vuṭṭhiveparamā sarā”ti.	
vācāsabhimudīrihaṃ	sandhi_ending		1	0	0	0	0	1	0	1	KN:tha-ap9	vācāsabhimudīrihaṃ;	
vādisūdano	potential_headword		1	0	0	0	0	1	0	1	KN:tha-ap546	vāgīso vādisūdano.	
vāgiso	potential_headword		1	0	0	0	0	1	0	1	KN:tha-ap532	Sugataṃ tena vāgiso,	
vāhiyamāno	potential_headword		1	0	0	0	0	1	0	1	KN:mil7.5.8	…mahārāja, gorūpo yena kenaci vāhiyamāno vahati;	
vāhiye	potential_headword		1	0	0	0	0	1	0	1	KN:ja515	balībaddañca vāhiye;	
vāsamabhirocāmi	potential_headword	verb (present 1sg)	1	0	0	0	0	1	0	1	KN:ja547	“Na vāsamabhirocāmi,	
vāsanāsaddhi	potential_headword		1	0	0	0	0	1	0	1	KN:pe4	Nissando vāsanāsaddhi,	
vāsayituṃ	sandhi_ending	verb (aorist 3pl)	1	0	0	0	0	1	0	1	KN:tha-ap124	sālaṃ vāsayituṃ gamiṃ.	
vāvikareyya	potential_headword	verb (optative)	1	0	0	0	0	1	0	1	KN:ja508	Sakhino vāvikareyya guyhamatthaṃ”.	
vāvīkareyya	potential_headword	verb (optative)	1	0	0	0	0	1	0	1	KN:ja508	Bhātu vāvīkareyya guyhamatthaṃ”.	
vāyuṅgapañha	potential_headword		1	0	0	0	0	1	0	1	KN:mil7.4.4	4. Vāyuṅgapañha	
vāyuṅgapañho	potential_headword		1	0	0	0	0	1	0	1	KN:mil7.4.4	Vāyuṅgapañho catuttho.	
vāḷī	potential_headword		1	0	0	0	0	1	0	1	KN:vv64	Ime ca vāḷī maṇicandakappitā,	
vīraseno	potential_headword		1	0	0	0	0	1	0	1	KN:mil3.1.1	…gaseno’ti vā ‘sūraseno’ti vā ‘vīraseno’ti vā ‘sīhaseno’ti vā, api ca…	
vīriyamabhijaneti	potential_headword	verb (present 3sg)	1	0	0	0	0	1	0	1	KN:mil5.1.9	…jjaṃ karoti, kosajjamapaneti, vīriyamabhijaneti, rāgamapaneti, dosamapaneti,…	
vītisārayimha	potential_headword		1	0	0	0	0	1	0	1	KN:ja456	Sārāṇiyaṃ vītisārayimha tattha;	
vūpagatā	metrical_variant		1	0	0	0	0	1	0	1	KN:pe8	…sabbe nirūpaṃ vānupassantānaṃ vūpagatā kāyato vedayitaparikkhāro app…	
yadapaṇṇakan	sandhi_ending		1	0	0	0	0	1	0	1	KN:ja1	Taṃ gaṇhe yadapaṇṇakan”ti.	
yadatthiyaṃ	sandhi_ending		1	0	0	0	0	1	0	1	KN:thag1.12	Yadatthiyaṃ bhojanaṃ bhuñjamāno,	
yadevūpaviyyati	potential_headword	verb (present 3sg)	1	0	0	0	0	1	0	1	KN:ja538	yaṃ yadevūpaviyyati;	
yajathañca	potential_headword	particle (possible sandhi)	1	0	0	0	0	1	0	1	KN:ja259	Dethassa bhogaṃ yajathañca yaññan”ti.	
yamasiñcahaṃ	sandhi_ending		1	0	0	0	0	1	0	1	KN:tha-ap324	pulinaṃ yamasiñcahaṃ;	
yamicchakaṃ	sandhi_ending		1	0	0	0	0	1	0	1	KN:tha-ap165	Upapajjiṃ yamicchakaṃ.	
yamicchasi	potential_headword		1	0	0	0	0	1	0	1	KN:ja541	puccha pañhaṃ yamicchasi”.	
yamuggatejo	potential_headword		1	0	0	0	0	1	0	1	KN:ja506	“Yamuggatejo uragoti cāhu,	
yathanno	potential_headword		1	0	0	0	0	1	0	1	KN:ja109	“Yathanno puriso hoti,	
yathākammupage	potential_headword		1	0	0	0	0	1	0	1	KN:snp3.8	Yathākammupage nare;	
yatikena	potential_headword	noun (inst sg)	1	0	0	0	0	1	0	1	KN:pe8	Yatikena bhiyyo manena sā hissa viparī…	
yatthajjimaṃ	sandhi_ending		1	0	0	0	0	1	0	1	KN:ja504	Yatthajjimaṃ viharissāma rattiṃ.	
yavalāvake	potential_headword		1	0	0	0	0	1	0	1	KN:mil3.1.8	“Jānāsi tvaṃ, mahārāja, yavalāvake”ti.	
yavalāvako	potential_headword		1	0	0	0	0	1	0	1	KN:mil3.1.8	“Yathā, mahārāja, yavalāvako vāmena hatthena yavakalāpaṃ g…	
yavalāvakā	metrical_variant		1	0	0	0	0	1	0	1	KN:mil3.1.8	“Kathaṃ, mahārāja, yavalāvakā yavaṃ lunantī”ti?	
yañcatthaññaṃ	sandhi_ending		1	0	0	0	0	1	0	1	KN:ja387	Yañcatthaññaṃ ghare dhanan”ti.	
yañceso	potential_headword		1	0	0	0	0	1	0	1	KN:ja545	yañceso labhate sukhaṃ.	
yañcetayitaṃ	sandhi_ending		1	0	0	0	0	1	0	1	KN:pe8	Adhiṭṭhānoti yañcetayitaṃ sabbaṃ adhiṭṭhānena ekattāya…	
yañcicchasi	potential_headword		1	0	0	0	0	1	0	1	KN:ja535	Sudhāya yañcicchasi tampi dammi te.	
yañcāsi	potential_headword		1	0	0	0	0	1	0	1	KN:ja522	yañcāsi abhipatthitaṃ.	
yaṃdhātuko	potential_headword		1	0	0	0	0	1	0	1	KN:pe6	Yaṃdhātuko alobho alubbhanā alubbhitatta…	
yaṃjātikaṃ	sandhi_ending		1	0	0	0	0	1	0	1	KN:mnd11	…nanti yaṃnidānaṃ yaṃsamudayaṃ yaṃjātikaṃ yaṃpabhavanti—	
yaṃlābumadadiṃ	sandhi_ending		1	0	0	0	0	1	0	1	KN:tha-ap432	yaṃlābumadadiṃ tadā;	
yaṃpabhavanti	potential_headword	verb (present 3pl)	1	0	0	0	0	1	0	1	KN:mnd11	…dānaṃ yaṃsamudayaṃ yaṃjātikaṃ yaṃpabhavanti—	
yaṃtumassa	potential_headword	noun (gen sg)	1	0	0	0	0	1	0	1	KN:pv21	yaṃtumassa sukhāvahaṃ.	
yaṃvadā	metrical_variant		1	0	0	0	0	1	0	1	KN:ja542	Yaṃvadā takkarā rañño,	
yettha	potential_headword	verb (aorist 3sg)	1	0	0	0	0	1	0	1	KN:tha-ap1	Yettha pacchimakā sattā,	
yetthi	potential_headword		1	0	0	0	0	1	0	1	KN:vv35	Udakaruhā ca yetthi pupphajātā,	
yevesa	potential_headword		1	0	0	0	0	1	0	1	KN:mil5.1.6	…ā gabbhaṃ lacchati, sannipāto yevesa gabbhāvakkantiyā’ti.	
yeyeva	potential_headword	particle (possible sandhi)	1	0	0	0	0	1	0	1	KN:ja417	Yeyeva dāni pāpā bhavanti,	
yojanamussito	potential_headword		1	0	0	0	0	1	0	1	KN:bv4	Satta yojanamussito”ti.	
yujjanaṃ	sandhi_ending		1	0	0	0	0	1	0	1	KN:pe4	Yujjanaṃ taṃ gahetabbaṃ.	
yuñjituṃ	sandhi_ending	verb (aorist 3pl)	1	0	0	0	0	1	0	1	KN:pe8	…mohacarito puggalo na sakkoti yuñjituṃ ghaṭituṃ vāyamituṃ yathābhūta…	
yādhivatthā	metrical_variant		1	0	0	0	0	1	0	1	KN:thi-ap17	“Upassaye yādhivatthā,	
yāmuno	potential_headword		1	0	0	0	0	1	0	1	KN:ja205	atho sobhati yāmuno;	
yānasmesu	potential_headword	noun (loc pl)	1	0	0	0	0	1	0	1	KN:ja534	Yānasmesu na vijjanti,	
yāpanatthamamucchito	potential_headword		1	0	0	0	0	1	0	1	KN:mil7.2.2	yāpanatthamamucchito’ti.	
yāpaniyaṃ	sandhi_ending		1	0	0	0	0	1	0	1	KN:ja545	“Kacci yāpaniyaṃ bhante,	
yāpiṃsu	potential_headword	verb (aorist 3pl)	1	0	0	0	0	1	0	1	KN:mnd6	…iṃsu vattiṃsu pāliṃsu yapiṃsu yāpiṃsu.	
yātappaṃ	sandhi_ending		1	0	0	1	0	0	1	1	SN:sn12.93-213	Appaṭivāni yātappaṃ,	
yīme	potential_headword		1	0	0	0	0	1	0	1	KN:ja541	Atha yīme avattiṃsu,	
yūpussane	potential_headword		1	0	0	0	0	1	0	1	KN:ja543	Yūpussane pasubandhe ca bālā,	
yūthikamādāya	potential_headword	noun (dat sg)	1	0	0	0	0	1	0	1	KN:tha-ap169	Pupphaṃ yūthikamādāya,	
yūthikaṃ	sandhi_ending		1	0	0	0	0	1	0	1	KN:tha-ap202	yūthikaṃ pupphamuttamaṃ;	
ñatva	potential_headword	particle (possible sandhi)	1	0	0	0	0	1	0	1	KN:snp1.1	Sabbaṃ vitathamidanti ñatva loke;	
ñāmi	potential_headword	verb (present 1sg)	1	0	0	0	0	1	0	1	KN:ja540	ajjetaṃ ñāmi no pure;	
ñātipakkhavā	metrical_variant	particle (possible sandhi)	1	0	0	0	0	1	0	1	KN:tha-ap530	sirimā ñātipakkhavā;	
ñāṇavarappajjotan	sandhi_ending		1	0	0	0	0	1	0	1	KN:mil5.1.6	…chinda vimatipathaṃ, dhārehi ñāṇavarappajjotan”ti.	
ābhaṅkaro	potential_headword		1	0	0	0	0	1	0	1	KN:ne13	…ppameyyavaṇṇo asaṅkheyyavaṇṇo ābhaṅkaro pabhaṅkaro dhammobhāsapajjota…	
ābhāvetvā	metrical_variant	particle (possible sandhi)	1	0	0	0	0	1	0	1	KN:pv25	Mettacittaṃ ābhāvetvā,	
ābhūjino	potential_headword		1	0	0	0	0	1	0	1	KN:ja535	Pavīhayo ābhūjino ca taṇḍulā.	
ācamayamāno	potential_headword		1	0	0	0	0	1	0	1	KN:mil5.2.4	…visaṃ cikkhassanto uddhamadho ācamayamāno”ti?	
āceyyamāno	potential_headword		1	0	0	0	0	1	0	1	KN:ja511	Āceyyamāno rājisi,	
ādhutaṃ	sandhi_ending		1	0	0	0	0	1	0	1	KN:vv39	ādhutaṃ dijasevitaṃ;	
ādhāritan	sandhi_ending		1	0	0	0	0	1	0	1	KN:mil3.4.7	…taṃ, evaṃ tampi udakaṃ vātena ādhāritan”ti.	
ādhāritaṃ	sandhi_ending		1	0	0	0	0	1	0	1	KN:mil3.4.7	…mahārāja, imaṃ udakaṃ vātena ādhāritaṃ, evaṃ tampi udakaṃ vātena ādh…	
ādīpanīyan	sandhi_ending		1	0	0	0	0	1	0	1	KN:mil6.2.5	…, yathā atthidhammaṃ opammehi ādīpanīyan”ti.	
ādīpanīyaṃ	sandhi_ending		1	0	0	0	0	1	0	1	KN:mil6.2.5	…e, nibbānaṃ, yaṃ taṃ opammehi ādīpanīyaṃ kāraṇehi maṃ saññāpehi, yathā…	
āghātāni	potential_headword		1	0	0	0	1	0	1	1	AN:an9.31	Dve verā dve āghātāni,	
āgodhā	metrical_variant		1	0	0	0	0	1	0	1	KN:ja495	āgodhā macchakacchapaṃ.	
āgāre	potential_headword		1	0	0	0	0	1	0	1	KN:pe8	Atha vā naṃ saṅkiyate appetu āgāre vā, sukhumā vā santi vā na sa…	
āharayati	potential_headword	verb (present 3sg)	1	0	0	0	0	1	0	1	KN:mil7.5.6	…tvā ajigucchamāno yāvadatthaṃ āharayati;	
ākoṭayitvāna	potential_headword	verb (present participle)	1	0	0	0	0	1	0	1	KN:vv81	Satthiṃ ākoṭayitvāna,	
ākucchā	metrical_variant		1	0	0	0	0	1	0	1	KN:ja547	Ākucchā pacalākā ca,	
ākārāni	potential_headword		1	0	0	0	0	1	0	1	KN:pe1	…i akkharāni padāni byañjanāni ākārāni niruttiyo niddesā desitā etas…	
ālakā	metrical_variant		1	0	0	0	0	1	0	1	KN:tha-ap407	Ālakā tālakā ceva,	
ālampāyane	potential_headword		1	0	0	0	0	1	0	1	KN:cp12	Ālampāyane na kuppāmi,	
ālampāyano	potential_headword		1	0	0	0	0	1	0	1	KN:cp12	ālampāyano mamaggahi;	
āloketvāna	potential_headword	verb (present participle)	1	0	0	0	0	1	0	1	KN:pe9	Āloketvāna jānāti “ayaṃ dhammo imaṃ dham…	
āluvaṃ	sandhi_ending		1	0	0	0	0	1	0	1	KN:tha-ap280	Āluvaṃ tassa pādāsiṃ,	
āluvāni	potential_headword		1	0	0	0	0	1	0	1	KN:ja446	“Na takkalā santi na āluvāni,	
āmantanikā	metrical_variant		1	0	0	0	0	1	0	1	KN:vv18	Āmantanikā raññomhi,	
āmantanīyo	potential_headword		1	0	0	0	0	1	0	1	KN:ja496	Garu ca āmantanīyo ca,	
āmantayāmahan	sandhi_ending		1	0	0	0	0	1	0	1	KN:ja380	Pitaraṃ āmantayāmahan”ti.	
āmantiyamāno	potential_headword		1	0	0	0	0	1	0	1	KN:mil2	tatiyampi āmantiyamāno asuṇanto viya gacchateva.	
āmaṇḍoti	potential_headword	verb (present 3sg)	1	0	0	0	0	1	0	1	KN:bv20	āmaṇḍoti pavuccati.	
āmisappaṭisandhārena	potential_headword	noun (inst sg)	1	0	0	0	0	1	0	1	KN:mil7.7.5	…namanuppaviṭṭhānaṃ puggalānaṃ āmisappaṭisandhārena vā dhammappaṭisanthārena vā p…	
ānayitvāna	potential_headword	verb (present participle)	1	0	0	0	0	1	0	1	KN:ja542	Ānayitvāna vedehaṃ,	
āniya	potential_headword	adj (-iya suffix)	1	0	0	0	0	1	0	1	KN:thi-ap27	Ukhā āniya taṃ annaṃ,	
āpake	potential_headword		1	0	0	0	0	1	0	1	KN:ja547	supatitthe ca āpake.	
āpakā	metrical_variant		1	0	0	0	0	1	0	1	KN:ja536	Loṇatoyavatiyaṃva āpakā.	
āpaṅgapañha	potential_headword		1	0	0	0	0	1	0	1	KN:mil7.4.2	2. Āpaṅgapañha	
āpaṅgapañho	potential_headword		1	0	0	0	0	1	0	1	KN:mil7.4.2	Āpaṅgapañho dutiyo.	
āputtaputtehi	potential_headword	noun (inst pl)	1	0	0	0	0	1	0	1	KN:ja466	Āputtaputtehi pamodathavho”.	
āpātadaso	potential_headword		1	0	0	0	1	0	1	1	AN:an4.61	…yasāvako mahāpañño puthupañño āpātadaso paññāsampanno.	
āpīḷentaṃ	sandhi_ending		1	0	0	0	0	1	0	1	KN:tha-ap440	Ābādhena āpīḷentaṃ,	
ārakkhado	potential_headword		1	0	0	0	0	1	0	1	KN:tha-ap322	Ārakkhado bhojanado,	
ārammaṇiyaṃ	sandhi_ending		1	0	0	0	0	1	0	1	KN:pe8	Uddhaccakukkuccassa rajanīyaṃ ārammaṇiyaṃ assādiyākindriyaṃ tāva aparip…	
āruṇṇaruṇṇakāruññaravaṃ	sandhi_ending		1	0	0	0	0	1	0	1	KN:mil6.4.2	…āno pajjalamāno atāṇo asaraṇo āruṇṇaruṇṇakāruññaravaṃ paridevamāno nijjhāmataṇhiko…	
ārādhiko	potential_headword		1	0	0	0	0	1	0	1	KN:pe3	Saddhā ve nandikā ārādhiko,	
ārūhi	potential_headword		1	0	0	0	0	1	0	1	KN:tha-ap11	ārūhi tañca nāvakaṃ;	
āsacchinno	potential_headword		1	0	0	0	0	1	0	1	KN:ja542	Āsacchinno gamissasi,	
āsanamabbhihāsi	potential_headword		1	0	0	0	0	1	0	1	KN:ja524	Acoditā āsanamabbhihāsi.	
āsavārigaṇakkhayā	metrical_variant		1	0	0	0	0	1	0	1	KN:bv24	āsavārigaṇakkhayā.	
āsaṅgī	metrical_variant		1	0	0	0	0	1	0	1	KN:ja440	Āsaṅgī bahupāyāso,	
āseko	potential_headword		1	0	0	0	0	1	0	1	KN:tha-ap197	āseko devagajjito;	
āside	potential_headword		1	0	0	0	0	1	0	1	KN:ja536	Uggatejamuragampi āside,	
āsisamānasā	metrical_variant		1	0	0	0	0	1	0	1	KN:mnd15	Te nibbutiṃ āsisamānasā dadanti,	
āsitāya	potential_headword	noun (dat sg)	1	0	0	0	0	1	0	1	KN:pe8	Tena vesa āyasmatā upamāya me āsitāya pathavī vā anuttarā indriyabh…	
āsādito	potential_headword		1	0	0	0	0	1	0	1	KN:tha-ap8	Āsādito mayā buddho,	
āsāvatiṃ	sandhi_ending		1	0	0	0	0	1	0	1	KN:tha-ap8	devā āsāvatiṃ yathā.	
āsāṭakaharaṇaṃ	sandhi_ending		1	0	0	0	0	1	0	1	KN:pe1	Rūpasaññuttā āsāṭakaharaṇaṃ vaṇapaṭicchādanaṃ vīthiññutā…	
āsīsikāni	potential_headword		1	0	0	0	0	1	0	1	KN:ja544	Āsīsikāni karonti,	
āsītiyā	metrical_variant		1	0	0	0	0	1	0	1	KN:ja537	“Āsītiyā nāvutiyā ca gāthā,	
āsīvisamakopayi	potential_headword		1	0	0	0	0	1	0	1	KN:cp31	āsīvisamakopayi.	
āsīyatī	metrical_variant		1	0	0	0	0	1	0	1	KN:mil3.6.3	“Kaddame jāyati udake āsīyatī”ti.	
āvapesi	potential_headword		1	0	0	0	0	1	0	1	KN:mil6.3.1	…anassa paṭilābhāya puttadāraṃ āvapesi ca vikkiṇi ca.	
āvasitvā	metrical_variant	particle (possible sandhi)	1	0	0	0	0	1	0	1	KN:ja536	Āvasitvā tiracchānayoniyaṃ,	
āveḷine	potential_headword		1	0	0	0	0	1	0	1	KN:ja535	Āveḷine saddagame asaṅgite.	
āveḷini	potential_headword		1	0	0	0	0	1	0	1	KN:vv32	Āveḷini kañcanasannibhattace;	
āveḷiniyo	potential_headword		1	0	0	0	0	1	0	1	KN:vv64	Āveḷiniyo padumuppalacchadā,	
āveḷo	potential_headword		1	0	0	0	0	1	0	1	KN:bv7	āveḷo ca vibhūsito;	
āveṭhiyāya	potential_headword	noun (dat sg)	1	0	0	0	0	1	0	1	KN:mnd8	…aṃ, paṭivisesena paṭivisesaṃ, āveṭhiyāya āveṭhiyaṃ, nibbeṭhiyāya nibbe…	
āvārayissati	potential_headword	verb (present 3sg)	1	0	0	0	0	1	0	1	KN:ne21	…amādānaṃ paripūramānaṃ maggaṃ āvārayissati purā pāripūriṃ gacchati, purā…	
āyusi	potential_headword		1	0	0	0	0	1	0	1	KN:tha-ap532	Khīṇe āyusi nibbānaṃ,	
āyāgī	metrical_variant		1	0	0	0	0	1	0	1	KN:tha-ap42	āyāgī dhammacakkiko;	
āyāhamasmi	pronoun_verb_fusion		1	0	0	0	0	1	0	1	KN:ja546	“Mā rodhayi nāga āyāhamasmi,	
āyāsanā	metrical_variant		1	0	0	0	0	1	0	1	KN:ps1.1	…mena phuṭṭhassa āyāso upāyāso āyāsanā upāyāsanā āyāsitattaṃ upāyāsi…	
āyūhitvā	metrical_variant	particle (possible sandhi)	1	0	0	0	0	1	0	1	KN:mil5.1.3	…sa devadattaṃ āpāyikaṃ kammaṃ āyūhitvā anekāni kappakoṭisatasahassān…	
āḷambo	potential_headword		1	0	0	0	0	1	0	1	KN:vv50	Āḷambo gaggaro bhīmo,	
āḷigaggarakākiṇṇā	metrical_variant		1	0	0	0	0	1	0	1	KN:ja535	Āḷigaggarakākiṇṇā,	
āḷino	potential_headword		1	0	0	0	0	1	0	1	KN:ja437	Ārogyaṃ āḷino vajjaṃ,	
āṇādhanamissa	potential_headword		1	0	0	0	0	1	0	1	KN:thig16.1	“Rajje āṇādhanamissa-	
īsakampoṇe	potential_headword		1	0	1	0	0	0	1	1	MN:mn152	Seyyathāpi, ānanda, īsakampoṇe padumapalāse udakaphusitāni p…	
ītijāte	potential_headword		1	0	0	0	0	1	0	1	KN:cnd20	…yasanena dukkhena santāpajāte ītijāte upaddavajāte upasaggajāteti—	
ītīnipātena	potential_headword	noun (inst sg)	1	0	0	0	0	1	0	1	KN:ja535	Ītīnipātena avuṭṭhitāya vā,	
ḍahitabbā	metrical_variant		1	0	0	0	0	1	0	1	KN:mil7.4.3	…nubhavanā, sabbe te ñāṇagginā ḍahitabbā.	
ḍaṃsitukāmo	potential_headword		1	0	0	0	0	1	0	1	KN:mil5.2.4	…parittañhi, mahārāja, purisaṃ ḍaṃsitukāmo ahi na ḍaṃsati, vivaṭaṃ mukha…	
ṭhānamabhirocayiṃ	sandhi_ending		1	0	0	0	0	1	0	1	KN:tha-ap534	taṃ ṭhānamabhirocayiṃ.	
ṭhārasa	potential_headword		1	0	0	0	0	1	0	1	KN:dhp383-423	buddhavaggamhi ṭhārasa;	
